scenario,metric,n,median_abs_symmetric_pct_change,median_abs_change_ci_lower,median_abs_change_ci_upper,mean_abs_symmetric_pct_change,p95_abs_symmetric_pct_change,rank_stability_spearman,rank_stability_ci_lower,rank_stability_ci_upper,response_class
combined_degradation,max_speed,71,60.824865509334984,40.53769275814154,86.1939369256569,75.8726368343551,183.2778712170313,0.07394366197183098,-0.17137443113266027,0.3524392475294511,high
combined_degradation,max_ang_vel,71,76.38327508427787,51.022177358976826,122.29694127140874,95.60315756569513,200.0,0.27205043933194717,0.010804717909070559,0.5160939147145454,high
combined_degradation,max_accel,71,93.5261265844826,64.50484585767698,110.79169876071337,91.27331040362999,168.44345431717284,0.2225016767270288,-0.01876354094055879,0.42223009113851995,high
combined_degradation,swing_tempo,71,113.84615384615381,103.69181380417335,146.06315218864344,119.36335133553825,200.0,0.004243649245978685,-0.23687898447107852,0.24812159977655684,high
combined_degradation,smoothness_index,71,15.107850622469892,11.212219835783104,17.294308701705088,16.68657527070413,38.33750646575868,0.5827967806841046,0.39334957283106187,0.7182615493109181,moderate
combined_degradation,path_efficiency,71,15.523545213600514,8.162924402121716,22.013895395727527,37.19679543210832,174.88879607955016,0.2801208117486694,0.015201135817845183,0.523941106221988,moderate
combined_degradation,curvature_rms,71,131.2551287284037,116.19783557224613,147.54694245398485,125.67708095606066,200.0,0.6788123443884391,0.4892177515060421,0.8184500054673688,high
combined_degradation,backswing_peak_speed,71,137.8355419123958,85.42722404198938,155.76793683881493,117.85118890265049,200.0,-0.006126907231226839,-0.26652368165353507,0.26870168306041586,high
frame_thinning_2x,max_speed,71,41.241780707376684,25.332128605452727,52.80357445689775,54.13424228120546,147.66281512821053,0.26891348088531186,-0.008893315266089684,0.5278813047292644,high
frame_thinning_2x,max_ang_vel,70,50.52161598979575,34.82358854826701,67.67890146386804,79.30869829689198,199.35214418477142,0.3990877993158495,0.10540439543385384,0.6553445747436119,high
frame_thinning_2x,max_accel,71,61.78244149456738,47.79312005830492,89.35135065461044,72.68545603359999,157.0646169064725,0.4166331321260898,0.2015862287532269,0.6162061793084165,high
frame_thinning_2x,swing_tempo,71,84.26395939086296,55.55555555555556,107.51794484321873,92.1328709546589,200.0,0.2859083858595306,0.04670664053483331,0.4897503211752151,high
frame_thinning_2x,smoothness_index,71,12.929952103775372,10.493124894836363,17.041109240124662,16.10060088119027,39.3375699026787,0.7300469483568075,0.5951073830551599,0.8145490148370175,moderate
frame_thinning_2x,path_efficiency,71,8.605325807215953,5.545465275810762,11.745952773748714,23.914319697807706,123.79617568791559,0.6134343878160221,0.37760700384682266,0.7795336826965931,low
frame_thinning_2x,curvature_rms,71,96.32556828942734,84.17730129989855,113.10445152298959,102.90121257674754,196.57780003622668,0.873335793106541,0.7844975958242241,0.9261407242589031,high
frame_thinning_2x,backswing_peak_speed,71,52.35167839714656,31.294160717260134,67.10277656596406,78.01676077728705,198.96075855317235,0.2928669641809163,0.009967957692395045,0.5866085802363977,high
frame_thinning_3x,max_speed,71,46.972148016318535,34.94245346943032,81.82826476327284,67.37622958690345,171.65858296094729,0.012105969148222666,-0.24400516839226083,0.27684071982836633,high
frame_thinning_3x,max_ang_vel,71,89.88026218070823,63.79577734844253,110.14660153646776,103.9083683530099,200.0,0.1325373935206922,-0.1324471366656587,0.3966249257644463,high
frame_thinning_3x,max_accel,71,72.93646835812943,54.2465493983553,112.86214025636255,84.05201425271693,189.27633474448066,0.1458752515090543,-0.11991564958920045,0.40602450354533803,high
frame_thinning_3x,swing_tempo,70,66.66666666666666,46.37681159420289,82.13128038897892,78.58710975779404,197.04918032786884,0.5007464245726053,0.2720782457903798,0.6722633483427998,high
frame_thinning_3x,smoothness_index,71,15.030439847411618,12.117889438054526,22.88888573494002,27.060084044701906,77.56415203658021,0.4442320590207913,0.20253690943810057,0.6523130825738619,moderate
frame_thinning_3x,path_efficiency,71,17.23218073744948,10.091343597530901,29.535584624515888,41.97830455805358,177.8107795178176,0.3066526934526881,0.03536640325431965,0.5674809607638484,moderate
frame_thinning_3x,curvature_rms,70,141.68187781424905,124.04032872182707,152.0257185458746,132.768297767245,198.48247493799508,0.8302703065262593,0.7068181211944665,0.9083322707176256,high
frame_thinning_3x,backswing_peak_speed,70,54.90399981967626,43.86777200999363,84.94401761096039,78.01341037275394,199.16155848771407,0.34821248910054325,0.06770930110312251,0.6512989706828564,high
jitter_sigma_0p004,max_speed,71,26.87963590975298,9.365023502497014,56.296329828604975,51.9128068265372,169.12823424583678,0.5263246143527832,0.31984272547006454,0.7168822881666377,high
jitter_sigma_0p004,max_ang_vel,70,32.09404880710457,23.003802125544425,62.21333546369159,67.55766373690051,200.0,0.8024418130851098,0.66299170822147,0.8995888366893358,high
jitter_sigma_0p004,max_accel,71,38.33514899229405,26.450345991010433,52.72240973586381,58.85670406619278,162.03418832532978,0.49107981220657265,0.2749205659742472,0.675169568268758,high
jitter_sigma_0p004,swing_tempo,68,104.79812282547131,77.25054775727398,144.29530201342283,106.95515236011343,200.0,0.26643233041116426,0.029353523019732573,0.4665319509740527,high
jitter_sigma_0p004,smoothness_index,71,7.507742092714434,5.36435965618215,10.080843466838628,10.45381889898077,33.71112376118079,0.7389336016096578,0.5777465854866711,0.8445938669058445,low
jitter_sigma_0p004,path_efficiency,71,12.998549579673224,7.9543089589928275,15.08214248375551,23.093449642843698,83.80587284543876,0.6560814146568827,0.448450688710905,0.8157447228861765,moderate
jitter_sigma_0p004,curvature_rms,68,112.87612755454376,73.08524468937208,135.400782482387,105.58522207025634,200.0,0.5082751074150563,0.28660802446750855,0.7132214672210757,high
jitter_sigma_0p004,backswing_peak_speed,68,123.8623321997824,104.10225191172609,147.29501914975438,116.28988699671353,200.0,0.3873243636057671,0.15445237888961066,0.5849814013277517,high
jitter_sigma_0p008,max_speed,71,60.81432611379903,35.81498089536776,91.2221087510597,74.93530059361744,169.43389155074553,0.28651911468812874,0.03207076507913688,0.5135177118165665,high
jitter_sigma_0p008,max_ang_vel,70,81.82124210718018,36.76384296752817,111.91497800426414,91.33050484686053,200.0,0.6308974232212547,0.42756727989777693,0.7950201333832224,high
jitter_sigma_0p008,max_accel,71,49.41805751546631,38.15805795732298,81.0519055550876,69.33331693799222,167.2135521995404,0.2414151576123407,-0.033339245334989186,0.4707902905626508,high
jitter_sigma_0p008,swing_tempo,68,160.65411699877637,140.2689075630252,184.5349045754767,135.70193223476807,200.0,0.1447022080289224,-0.07353795297243605,0.346810787301316,high
jitter_sigma_0p008,smoothness_index,71,12.616189990894009,10.689041744793498,15.633918580524181,16.401794762357554,43.142897326869566,0.5992957746478873,0.39922445387024036,0.7479020551823283,moderate
jitter_sigma_0p008,path_efficiency,71,24.817280347966772,17.625558913674112,32.41684234151022,36.62465688579607,110.96089340521023,0.4307943270341746,0.17053262142465156,0.6260529541653838,moderate
jitter_sigma_0p008,curvature_rms,68,157.36374738197526,135.91075880379668,180.25064553027346,138.9691554054983,200.0,0.0891204484566184,-0.1881162214652364,0.36229376699926347,high
jitter_sigma_0p008,backswing_peak_speed,68,179.8090476519442,159.19690390884801,193.54958185238286,157.37490167585406,200.0,0.13924217080836895,-0.09997928094212942,0.3807808322310607,high
landmark_dropout_10pct,max_speed,71,2.0187882612947554,0.2644868183708047,26.762778213687568,37.37492646656475,149.4458451451925,0.5950704225352111,0.39008134155096347,0.7693654400921259,low
landmark_dropout_10pct,max_ang_vel,70,1.9577982930283033,0.07167035959546726,14.450890480031376,39.031555111420225,179.33507818361085,0.8259834338458684,0.6422705514296572,0.9500580905468624,low
landmark_dropout_10pct,max_accel,71,13.674240252295839,0.5761780369033759,48.211074096484914,54.310682290789565,175.73698869859584,0.4331321260898725,0.19665256311446555,0.6409854195297705,moderate
landmark_dropout_10pct,swing_tempo,69,82.10526315789471,53.968253968253954,118.56738925541944,88.6857561355278,193.89627121139617,0.19330873745745628,-0.06747767624178516,0.4372615691131094,high
landmark_dropout_10pct,smoothness_index,71,4.980253524841612,1.302270918995359,12.939509427066136,11.748737115422589,35.40072330544146,0.5924211938296444,0.40477319882607515,0.7533546018354226,low
landmark_dropout_10pct,path_efficiency,71,3.1260761259131162,1.9947894914638757,6.995227023858084,25.170617596600753,156.89753960049552,0.5253405996212117,0.24622054394578527,0.7564021124576521,low
landmark_dropout_10pct,curvature_rms,69,28.92231047267395,10.737338324907842,38.18857757041455,39.19437723271243,122.25538683662683,0.9487319223290186,0.9067167310461746,0.9728003982064996,high
landmark_dropout_10pct,backswing_peak_speed,69,59.41797992026416,25.02069923044731,111.02821796761694,79.45127488769515,199.99957383398785,0.4909773975898611,0.22760288746382903,0.6874234521932335,high
landmark_dropout_20pct,max_speed,71,46.4594705704286,24.569048473087474,67.3539852359795,61.627732642050674,162.09129378573866,0.35050301810865186,0.09447620541875675,0.5535383359549295,high
landmark_dropout_20pct,max_ang_vel,70,65.44337283430404,37.03642595922231,90.51899345312815,70.29413875801205,179.8418167091538,0.7238337976503949,0.5038220844337821,0.8901956907586145,high
landmark_dropout_20pct,max_accel,71,58.696061435133004,39.141363232789026,90.17850214604398,73.43521767742118,187.97228246885035,0.2584171696847753,-0.029410982353499537,0.49227619752719004,high
landmark_dropout_20pct,swing_tempo,70,140.3583001757052,98.07404900082587,164.08668730650157,116.30902666721265,198.03338762214986,-0.08176596369412452,-0.3124975334438879,0.14802404902217864,high
landmark_dropout_20pct,smoothness_index,71,10.599961896143471,5.165962552577603,15.861531130783098,16.56414685649312,50.0315257844013,0.4862843729040911,0.2612903697475982,0.6680260152157981,moderate
landmark_dropout_20pct,path_efficiency,71,11.54904897533555,5.924569967409559,21.304904787236335,34.891785916255266,166.20380357918327,0.2664430937753288,-0.016715631477774048,0.5098994230273898,moderate
landmark_dropout_20pct,curvature_rms,70,50.22031848616374,37.57108519087812,71.0613669284638,65.64142334686697,180.6930074755729,0.9083714108930705,0.84122348365296,0.9457501440570399,high
landmark_dropout_20pct,backswing_peak_speed,70,103.52225837207222,54.379129423752985,146.76261557158546,101.95708086614452,200.0,0.10507239192980163,-0.16243506962578028,0.3642228709712311,high
landmark_dropout_5pct,max_speed,71,0.1512272029092765,0.006425617369195582,0.8444960598852352,23.072035855617326,121.95015973659469,0.7528504359490275,0.584351089328437,0.8797530961531105,low
landmark_dropout_5pct,max_ang_vel,69,0.004459432792770946,3.701643905096124e-05,0.12623890623084283,23.68740870539489,130.1175103223153,0.9563110462048179,0.9113040789097643,0.9817143626378084,low
landmark_dropout_5pct,max_accel,71,0.14341226620738173,0.005443895653083605,7.406327497778384,36.778477023217114,161.14932176621525,0.6785378940308516,0.48824454886491353,0.8253603510113116,low
landmark_dropout_5pct,swing_tempo,68,51.322078811789595,29.23433874709976,88.12526939366296,68.67998777676193,172.36113803277982,0.3914768011569931,0.13422242683094884,0.602593696724255,high
landmark_dropout_5pct,smoothness_index,71,0.08138290272902537,0.0034720106298900375,2.205916076098472,6.523928414372807,35.651996571142476,0.7467136150234741,0.5748699996778897,0.8925530140404557,low
landmark_dropout_5pct,path_efficiency,71,0.42765982291365484,0.12549976814612146,1.2995093687632187,16.13433104939622,106.93297229631521,0.6837145348447247,0.4572707777572846,0.8634058381012784,low
landmark_dropout_5pct,curvature_rms,68,7.165125293159039,2.440876509508363,11.805653947939444,21.268006560527716,87.79691466956622,0.9794754846066134,0.9525306510358931,0.9919792176506402,low
landmark_dropout_5pct,backswing_peak_speed,68,1.3190953368986134,0.007088785065203124,31.52234239025802,43.89477067343636,179.25711865507662,0.6866993091421287,0.47213314665348916,0.8572590812529705,low
scale_minus_10pct,max_speed,71,10.52631578947368,10.526315789473678,10.526315789473687,10.526315789473683,10.52631578947372,1.0,0.9999999999999998,1.0,moderate
scale_minus_10pct,max_ang_vel,68,0.0,0.0,0.0,0.0,0.0,0.9999999999999998,0.9999999999999998,1.0,low
scale_minus_10pct,max_accel,71,10.52631578947368,10.526315789473673,10.52631578947369,10.526315789473681,10.526315789473761,1.0,0.9999999999999998,1.0,moderate
scale_minus_10pct,swing_tempo,68,0.0,0.0,0.0,0.0,0.0,1.0,0.9999999999999998,1.0,low
scale_minus_10pct,smoothness_index,71,1.5656709638125812,1.4675198575500847,1.7128303765422346,1.664427211504381,2.283941245061353,1.0,0.9999999999999998,1.0,low
scale_minus_10pct,path_efficiency,71,1.0006906890859283e-13,7.104212000755121e-14,1.2897724499835622e-13,2.2751455111219286e-13,8.520064127714775e-13,0.9999999999999998,0.9999999999999998,1.0,low
scale_minus_10pct,curvature_rms,68,10.52631578947839,10.52631578947319,10.526315789491282,10.52631580085411,10.526315790254184,0.9999999999999998,0.9999999999999998,1.0,moderate
scale_minus_10pct,backswing_peak_speed,68,10.526315789473685,10.526315789473681,10.526315789473689,10.526315789473685,10.526315789473712,0.9999999999999998,0.9999999999999998,1.0,moderate
scale_minus_5pct,max_speed,71,5.128205128205137,5.128205128205129,5.128205128205143,5.128205128205133,5.128205128205185,1.0,0.9999999999999998,1.0,low
scale_minus_5pct,max_ang_vel,68,0.0,0.0,0.0,0.0,0.0,0.9999999999999998,0.9999999999999998,1.0,low
scale_minus_5pct,max_accel,71,5.12820512820513,5.1282051282051215,5.128205128205146,5.128205128205129,5.1282051282051935,1.0,0.9999999999999998,1.0,low
scale_minus_5pct,swing_tempo,68,0.0,0.0,0.0,0.0,0.0,1.0,0.9999999999999998,1.0,low
scale_minus_5pct,smoothness_index,71,0.7591752434743586,0.7117614699295901,0.8302188702797757,0.8066805388672029,1.1054252791033892,1.0,0.9999999999999998,1.0,low
scale_minus_5pct,path_efficiency,71,1.170533525538234e-13,8.202916748542715e-14,1.3984695530225414e-13,2.237620626980014e-13,8.695306065051979e-13,0.9999999999999998,0.9999999999999998,1.0,low
scale_minus_5pct,curvature_rms,68,5.12820512820519,5.128205128199436,5.128205128215116,5.128205124015801,5.128205128987506,0.9999999999999998,0.9999999999999998,1.0,low
scale_minus_5pct,backswing_peak_speed,68,5.128205128205133,5.1282051282051295,5.128205128205138,5.128205128205132,5.1282051282051535,0.9999999999999998,0.9999999999999998,1.0,low
scale_plus_10pct,max_speed,71,9.523809523809529,9.523809523809524,9.523809523809536,9.523809523809527,9.523809523809565,1.0,0.9999999999999998,1.0,low
scale_plus_10pct,max_ang_vel,68,0.0,0.0,0.0,0.0,0.0,0.9999999999999998,0.9999999999999998,1.0,low
scale_plus_10pct,max_accel,71,9.523809523809534,9.523809523809524,9.523809523809543,9.523809523809541,9.523809523809602,1.0,0.9999999999999998,1.0,low
scale_plus_10pct,swing_tempo,68,0.0,0.0,0.0,0.0,0.0,1.0,0.9999999999999998,1.0,low
scale_plus_10pct,smoothness_index,71,1.3955145948941714,1.3092362662803796,1.5245756310122962,1.4809886295953232,2.0220849566548393,1.0,0.9999999999999998,1.0,low
scale_plus_10pct,path_efficiency,71,1.1733738343059921e-13,7.413115779956352e-14,1.612767568783492e-13,2.1725903887078332e-13,6.292664430198178e-13,0.9999999999999998,0.9999999999999998,1.0,low
scale_plus_10pct,curvature_rms,68,9.523809523809186,9.523809523804928,9.523809523816789,9.523809516461517,9.523809524050817,0.9999999999999998,0.9999999999999998,1.0,low
scale_plus_10pct,backswing_peak_speed,68,9.52380952380953,9.523809523809527,9.523809523809536,9.52380952380953,9.523809523809554,0.9999999999999998,0.9999999999999998,1.0,low
scale_plus_5pct,max_speed,71,4.8780487804878065,4.8780487804878,4.8780487804878145,4.8780487804878065,4.8780487804878465,1.0,0.9999999999999998,1.0,low
scale_plus_5pct,max_ang_vel,68,0.0,0.0,0.0,0.0,0.0,0.9999999999999998,0.9999999999999998,1.0,low
scale_plus_5pct,max_accel,71,4.878048780487812,4.878048780487801,4.878048780487821,4.8780487804878145,4.878048780487903,1.0,0.9999999999999998,1.0,low
scale_plus_5pct,swing_tempo,68,0.0,0.0,0.0,0.0,0.0,1.0,0.9999999999999998,1.0,low
scale_plus_5pct,smoothness_index,71,0.7168181110747744,0.6723584488196747,0.7833590014906053,0.7610204632462819,1.0402587264732772,1.0,0.9999999999999998,1.0,low
scale_plus_5pct,path_efficiency,71,7.413115779956352e-14,5.3338871447489854e-14,1.0800986896637245e-13,1.8784658563951392e-13,7.657644228084953e-13,0.9999999999999998,0.9999999999999998,1.0,low
scale_plus_5pct,curvature_rms,68,4.878048780485869,4.878048780470812,4.8780487804915715,4.878048774115772,4.878048780882102,0.9999999999999998,0.9999999999999998,1.0,low
scale_plus_5pct,backswing_peak_speed,68,4.8780487804878065,4.8780487804878,4.878048780487811,4.878048780487806,4.8780487804878305,0.9999999999999998,0.9999999999999998,1.0,low
