session_id,point_name,frame_idx,phase,auto_x_px,auto_y_px,ref_x_px,ref_y_px,error_px,error_norm,error_m,error_visible_club_fraction,viewpoint,fps_bucket,resolution_bucket,quality_grade,motion_class,club,quality_note
2850af90-f8fc-4050-a178-b659098e69df,stick_tip_1,33,backswing,381.0647270166231,641.7204872323614,390.0,668.0,27.75701523204441,0.02239587878532992,0.16203053577571644,0.16203053577571644,dtl,<=30,<720p,medium,regular,driver,adjudication:D0101;decision:mean;reason:pixel mean of Ivan and Daria clicks (disclosed mean rule)
2850af90-f8fc-4050-a178-b659098e69df,stick_tip_1,44,backswing,108.81874767066142,485.9008500434402,39.0,446.0,80.41601432854398,0.06488404081798586,0.46607075703161654,0.46607075703161654,dtl,<=30,<720p,medium,regular,driver,adjudication:D0102;decision:mean;reason:pixel mean of Ivan and Daria clicks (disclosed mean rule)
2850af90-f8fc-4050-a178-b659098e69df,stick_tip_1,52,backswing,158.15966112851413,416.70410512337094,212.5,345.5,89.57062584959411,0.0722704823441457,0.518002899636514,0.518002899636514,dtl,<=30,<720p,medium,regular,driver,adjudication:D0103;decision:mean;reason:pixel mean of Ivan and Daria clicks (disclosed mean rule)
2850af90-f8fc-4050-a178-b659098e69df,stick_tip_1,56,impact_region,96.20803775182215,372.65833252196626,68.0,373.5,28.22059173638645,0.02276991767647789,0.16715702028099375,0.16715702028099375,dtl,<=30,<720p,medium,regular,driver,adjudication:D0104;decision:mean;reason:pixel mean of Ivan and Daria clicks (disclosed mean rule)
2850af90-f8fc-4050-a178-b659098e69df,stick_tip_1,59,impact_region,372.9766708709281,631.1477294483881,361.5,607.5,26.28552990418436,0.021208603901425992,0.1585145688335576,0.1585145688335576,dtl,<=30,<720p,medium,regular,driver,adjudication:D0105;decision:mean;reason:pixel mean of Ivan and Daria clicks (disclosed mean rule)
2850af90-f8fc-4050-a178-b659098e69df,stick_tip_1,63,follow_through,136.5255079882942,366.33895071901975,117.0,389.0,29.912683208230526,0.024135189669172594,0.18475650643915154,0.18475650643915154,dtl,<=30,<720p,medium,regular,driver,adjudication:D0106;decision:mean;reason:pixel mean of Ivan and Daria clicks (disclosed mean rule)
2ac2bc4c-b28e-4adf-a94e-a1227f7801d9,stick_tip_1,100,backswing,889.0925967334354,1852.1986400046685,904.5,1873.5,26.28946581939724,0.011933987131384702,0.0363631260268319,0.0363631260268319,dtl,<=30,1080p+,medium,regular,driver,adjudication:D0107;decision:mean;reason:pixel mean of Ivan and Daria clicks (disclosed mean rule)
2ac2bc4c-b28e-4adf-a94e-a1227f7801d9,stick_tip_1,107,backswing,385.2895825961792,1500.517238041134,356.0,1498.0,29.397553231759517,0.01334488971256163,0.04076995087803988,0.04076995087803988,dtl,<=30,1080p+,medium,regular,driver,adjudication:D0108;decision:mean;reason:pixel mean of Ivan and Daria clicks (disclosed mean rule)
2ac2bc4c-b28e-4adf-a94e-a1227f7801d9,stick_tip_1,122,backswing,216.33491175265235,863.9046337308331,224.0,930.0,66.53834248082043,0.03020478728494702,0.10075484245467917,0.10075484245467917,dtl,<=30,1080p+,medium,regular,driver,adjudication:D0109;decision:mean;reason:pixel mean of Ivan and Daria clicks (disclosed mean rule)
2ac2bc4c-b28e-4adf-a94e-a1227f7801d9,stick_tip_1,123,backswing,196.7462054012118,909.2767491304496,312.0,882.0,118.43757095003741,0.053764213289846756,0.1804186474596504,0.1804186474596504,dtl,<=30,1080p+,medium,regular,driver,adjudication:D0110;decision:mean;reason:pixel mean of Ivan and Daria clicks (disclosed mean rule)
2ac2bc4c-b28e-4adf-a94e-a1227f7801d9,stick_tip_1,132,impact_region,844.3594460082966,1621.0672782293175,674.0,1570.0,177.84883398550647,0.08073369427494406,0.2859069941221462,0.2859069941221462,dtl,<=30,1080p+,medium,regular,driver,adjudication:D0111;decision:mean;reason:pixel mean of Ivan and Daria clicks (disclosed mean rule)
2ac2bc4c-b28e-4adf-a94e-a1227f7801d9,stick_tip_1,134,follow_through,90.6535452828138,613.3071608219242,43.5,591.5,51.95198837245439,0.023583376130422017,0.08452241413738495,0.08452241413738495,dtl,<=30,1080p+,medium,regular,driver,adjudication:D0112;decision:mean;reason:pixel mean of Ivan and Daria clicks (disclosed mean rule)
32fec03e-0046-4581-885b-ef0d7f174e53,stick_tip_1,71,backswing,532.1231420157771,883.7252482895879,523.0,848.5,36.38749561735666,0.0247769148729022,0.11401988612980488,0.11401988612980488,dtl,<=30,720-1080p,medium,regular,iron,adjudication:D0113;decision:mean;reason:pixel mean of Ivan and Daria clicks (disclosed mean rule)
32fec03e-0046-4581-885b-ef0d7f174e53,stick_tip_1,82,backswing,240.54343321269127,559.0762897480291,210.0,509.0,58.65608329360817,0.039940005704881903,0.18285365989937233,0.18285365989937233,dtl,<=30,720-1080p,medium,regular,iron,adjudication:D0114;decision:mean;reason:pixel mean of Ivan and Daria clicks (disclosed mean rule)
32fec03e-0046-4581-885b-ef0d7f174e53,stick_tip_1,89,transition,231.65180521830143,56.28405063891557,260.0,151.0,98.86724033142946,0.06732052194991213,0.2994891416441186,0.2994891416441186,dtl,<=30,720-1080p,medium,regular,iron,adjudication:D0115;decision:mean;reason:pixel mean of Ivan and Daria clicks (disclosed mean rule)
32fec03e-0046-4581-885b-ef0d7f174e53,stick_tip_1,95,downswing,82.93460491629666,305.8097381794507,101.0,306.5,18.078577402860013,0.012310035789332386,0.05526877105979031,0.05526877105979031,dtl,<=30,720-1080p,medium,regular,iron,adjudication:D0116;decision:mean;reason:pixel mean of Ivan and Daria clicks (disclosed mean rule)
32fec03e-0046-4581-885b-ef0d7f174e53,stick_tip_1,97,downswing,525.9907522948388,868.831181506424,505.0,968.5,101.85521617378605,0.06935508964500363,0.3087139146100441,0.3087139146100441,dtl,<=30,720-1080p,medium,regular,iron,adjudication:D0117;decision:mean;reason:pixel mean of Ivan and Daria clicks (disclosed mean rule)
32fec03e-0046-4581-885b-ef0d7f174e53,stick_tip_1,99,downswing,471.3925473913527,582.7845136496136,473.5,583.5,2.2255959236311407,0.0015154491895007958,0.006763172352989193,0.006763172352989193,dtl,<=30,720-1080p,medium,regular,iron,adjudication:D0118;decision:mean;reason:pixel mean of Ivan and Daria clicks (disclosed mean rule)
332a7a76-cfa3-449e-9150-f93050fed050,stick_tip_1,8,backswing,1252.0512923600377,1001.5207124326779,1264.0,969.0,34.646332437853,0.015727549897873658,0.06835022082459377,0.06835022082459377,dtl,31-60,1080p+,medium,slow,driver,adjudication:D0119;decision:mean;reason:pixel mean of Ivan and Daria clicks (disclosed mean rule)
332a7a76-cfa3-449e-9150-f93050fed050,stick_tip_1,43,backswing,582.542752303481,169.55218515754387,588.0,171.0,5.646035798611059,0.002562993064478577,0.011745814342582666,0.011745814342582666,dtl,31-60,1080p+,medium,slow,driver,adjudication:D0120;decision:mean;reason:pixel mean of Ivan and Daria clicks (disclosed mean rule)
332a7a76-cfa3-449e-9150-f93050fed050,stick_tip_1,53,transition,691.3763074932612,322.05506152789906,640.5,259.5,80.63209278511935,0.03660258311388901,0.1717878541035895,0.1717878541035895,dtl,31-60,1080p+,medium,slow,driver,adjudication:D0121;decision:mean;reason:pixel mean of Ivan and Daria clicks (disclosed mean rule)
332a7a76-cfa3-449e-9150-f93050fed050,stick_tip_1,62,downswing,1240.2416967114143,992.2329032727175,1282.5,1016.0,48.48338977086992,0.022008821083940016,0.10900823946813373,0.10900823946813373,dtl,31-60,1080p+,medium,slow,driver,adjudication:D0122;decision:mean;reason:pixel mean of Ivan and Daria clicks (disclosed mean rule)
332a7a76-cfa3-449e-9150-f93050fed050,stick_tip_1,67,impact_region,683.6447816286931,310.5649625882956,991.0,531.5,378.52281439324764,0.1718287631607765,0.8768964529126811,0.8768964529126811,dtl,31-60,1080p+,medium,slow,driver,adjudication:D0123;decision:mean;reason:pixel mean of Ivan and Daria clicks (disclosed mean rule)
332a7a76-cfa3-449e-9150-f93050fed050,stick_tip_1,69,impact_region,530.3658933962519,74.64311575485945,509.5,36.0,43.91669275420468,0.019935789102072787,0.10296315492001369,0.10296315492001369,dtl,31-60,1080p+,medium,slow,driver,adjudication:D0124;decision:mean;reason:pixel mean of Ivan and Daria clicks (disclosed mean rule)
36b05de8-5e98-425f-8b72-8e505337e150,stick_tip_1,1,backswing,990.8495452143875,1688.45843876783,988.5,1640.0,48.51536509735849,0.022023336142460333,0.0984556999300378,0.0984556999300378,dtl,31-60,1080p+,difficult,regular,driver,adjudication:D0125;decision:mean;reason:pixel mean of Ivan and Daria clicks (disclosed mean rule)
36b05de8-5e98-425f-8b72-8e505337e150,stick_tip_1,61,downswing,269.1896737756365,958.3169724368234,258.0,957.0,11.266907987754214,0.005114563219354038,0.025184697739500803,0.025184697739500803,dtl,31-60,1080p+,difficult,regular,driver,adjudication:D0126;decision:mean;reason:pixel mean of Ivan and Daria clicks (disclosed mean rule)
36b05de8-5e98-425f-8b72-8e505337e150,stick_tip_1,69,impact_region,-742.8455683217655,604.5916336714632,1031.5,1733.5,2103.030264972346,0.9546613191575289,4.931299315964214,4.931299315964214,dtl,31-60,1080p+,difficult,regular,driver,adjudication:D0127;decision:mean;reason:pixel mean of Ivan and Daria clicks (disclosed mean rule)
36b05de8-5e98-425f-8b72-8e505337e150,stick_tip_1,73,follow_through,-1164.0584824511338,434.9372474847071,991.0,1688.0,2492.878521814849,1.1316312169984528,5.7520873651111994,5.7520873651111994,dtl,31-60,1080p+,difficult,regular,driver,adjudication:D0128;decision:mean;reason:pixel mean of Ivan and Daria clicks (disclosed mean rule)
36b05de8-5e98-425f-8b72-8e505337e150,stick_tip_1,80,follow_through,209.86127697123203,768.2414996777192,305.0,689.5,123.49736997620991,0.05606108675546059,0.27320381374473784,0.27320381374473784,dtl,31-60,1080p+,difficult,regular,driver,adjudication:D0129;decision:mean;reason:pixel mean of Ivan and Daria clicks (disclosed mean rule)
36b05de8-5e98-425f-8b72-8e505337e150,stick_tip_1,83,follow_through,410.7941265126731,784.3837594612355,460.5,807.5,54.81819438639117,0.024884477716935853,0.11910032000938152,0.11910032000938152,dtl,31-60,1080p+,difficult,regular,driver,adjudication:D0130;decision:mean;reason:pixel mean of Ivan and Daria clicks (disclosed mean rule)
3c77a7e3-9d0f-43f4-bbfa-c142c7b24bf1,stick_tip_1,59,backswing,536.3221129039383,1617.7050843171953,523.0,1670.5,54.449810047232816,0.024717251269920117,0.11540481158656943,0.11540481158656943,face_on,31-60,1080p+,medium,regular,unknown,adjudication:D0131;decision:mean;reason:pixel mean of Ivan and Daria clicks (disclosed mean rule)
3c77a7e3-9d0f-43f4-bbfa-c142c7b24bf1,stick_tip_1,90,backswing,63.58781566119353,1227.8969757664045,39.5,1210.5,29.713256791279285,0.013488201951864013,0.06467201340880722,0.06467201340880722,face_on,31-60,1080p+,medium,regular,unknown,adjudication:D0132;decision:mean;reason:pixel mean of Ivan and Daria clicks (disclosed mean rule)
3c77a7e3-9d0f-43f4-bbfa-c142c7b24bf1,stick_tip_1,127,transition,649.5064739094468,661.5644098983719,696.0,620.0,62.36383678489345,0.02830978882444856,0.16936522308261379,0.16936522308261379,face_on,31-60,1080p+,medium,regular,unknown,adjudication:D0133;decision:mean;reason:pixel mean of Ivan and Daria clicks (disclosed mean rule)
3c77a7e3-9d0f-43f4-bbfa-c142c7b24bf1,stick_tip_1,145,downswing,246.49066306813592,1458.8439788546086,188.5,1512.0,78.6668900306308,0.03571048798560671,0.23792881771795168,0.23792881771795168,face_on,31-60,1080p+,medium,regular,unknown,adjudication:D0134;decision:mean;reason:pixel mean of Ivan and Daria clicks (disclosed mean rule)
3c77a7e3-9d0f-43f4-bbfa-c142c7b24bf1,stick_tip_1,148,downswing,808.6163005292955,1535.8359032413666,799.5,1629.5,94.10669453843902,0.04271931918716452,0.28373290501397397,0.28373290501397397,face_on,31-60,1080p+,medium,regular,unknown,adjudication:D0135;decision:mean;reason:pixel mean of Ivan and Daria clicks (disclosed mean rule)
3c77a7e3-9d0f-43f4-bbfa-c142c7b24bf1,stick_tip_1,160,follow_through,850.0549529047105,553.939957840948,834.5,538.0,22.271928875581466,0.010110243944028477,0.06398922080570768,0.06398922080570768,face_on,31-60,1080p+,medium,regular,unknown,adjudication:D0136;decision:mean;reason:pixel mean of Ivan and Daria clicks (disclosed mean rule)
3d47c3b9-21d9-4794-995d-52804115fb8b,stick_tip_1,1,backswing,1197.5911811542812,907.7536484174908,1183.0,940.5,35.850050340862204,0.01627397233425995,0.08357692660873016,0.08357692660873016,dtl,31-60,1080p+,medium,regular,driver,adjudication:D0137;decision:mean;reason:pixel mean of Ivan and Daria clicks (disclosed mean rule)
3d47c3b9-21d9-4794-995d-52804115fb8b,stick_tip_1,17,backswing,500.6480174107142,89.92552950407222,509.5,90.5,8.870603818890256,0.004026771504202267,0.02079378024911779,0.02079378024911779,dtl,31-60,1080p+,medium,regular,driver,adjudication:D0138;decision:mean;reason:pixel mean of Ivan and Daria clicks (disclosed mean rule)
3d47c3b9-21d9-4794-995d-52804115fb8b,stick_tip_1,26,backswing,685.4958015721536,203.46222144394437,736.0,127.5,91.21914900687314,0.041408530620682164,0.22325104182365094,0.22325104182365094,dtl,31-60,1080p+,medium,regular,driver,adjudication:D0139;decision:mean;reason:pixel mean of Ivan and Daria clicks (disclosed mean rule)
3d47c3b9-21d9-4794-995d-52804115fb8b,stick_tip_1,36,impact_region,783.2999342051218,620.4064834803243,892.0,735.5,158.3105234931517,0.07186436434688138,0.4113363311277891,0.4113363311277891,dtl,31-60,1080p+,medium,regular,driver,adjudication:D0140;decision:mean;reason:pixel mean of Ivan and Daria clicks (disclosed mean rule)
3d47c3b9-21d9-4794-995d-52804115fb8b,stick_tip_1,37,impact_region,1181.4274346464397,879.807998868197,1157.0,1000.0,122.64916102229726,0.055676046039522954,0.3205899085317191,0.3205899085317191,dtl,31-60,1080p+,medium,regular,driver,adjudication:D0141;decision:mean;reason:pixel mean of Ivan and Daria clicks (disclosed mean rule)
3d47c3b9-21d9-4794-995d-52804115fb8b,stick_tip_1,40,follow_through,991.1050583888847,576.7736167221307,974.5,604.5,32.31842034768379,0.014670804465390345,0.0860061155447904,0.0860061155447904,dtl,31-60,1080p+,medium,regular,driver,adjudication:D0142;decision:mean;reason:pixel mean of Ivan and Daria clicks (disclosed mean rule)
42f8729a-ed28-45a2-bf9b-397d2d698bb0,stick_tip_1,1,backswing,1279.1141475601785,930.7830623243914,1273.5,960.0,29.751438620138295,0.013505534424778694,0.06974742821464036,0.06974742821464036,dtl,31-60,1080p+,medium,regular,driver,adjudication:D0143;decision:mean;reason:pixel mean of Ivan and Daria clicks (disclosed mean rule)
42f8729a-ed28-45a2-bf9b-397d2d698bb0,stick_tip_1,24,backswing,646.1894442104806,331.7264540515247,665.5,314.0,26.21306426461732,0.011899304982351129,0.06092084743182657,0.06092084743182657,dtl,31-60,1080p+,medium,regular,driver,adjudication:D0144;decision:mean;reason:pixel mean of Ivan and Daria clicks (disclosed mean rule)
42f8729a-ed28-45a2-bf9b-397d2d698bb0,stick_tip_1,43,downswing,852.112268205568,375.52532129965385,840.0,315.5,61.235171578189366,0.027797436228736632,0.14324698015676113,0.14324698015676113,dtl,31-60,1080p+,medium,regular,driver,adjudication:D0145;decision:mean;reason:pixel mean of Ivan and Daria clicks (disclosed mean rule)
42f8729a-ed28-45a2-bf9b-397d2d698bb0,stick_tip_1,46,downswing,865.7120186386708,393.3657816666613,872.5,405.5,13.903810467741792,0.006311573477343741,0.0331140513034364,0.0331140513034364,dtl,31-60,1080p+,medium,regular,driver,adjudication:D0146;decision:mean;reason:pixel mean of Ivan and Daria clicks (disclosed mean rule)
42f8729a-ed28-45a2-bf9b-397d2d698bb0,stick_tip_1,58,impact_region,1270.741680566205,903.9276795216326,1227.5,989.5,95.8773433624552,0.04352309741625351,0.24534106080551468,0.24534106080551468,dtl,31-60,1080p+,medium,regular,driver,adjudication:D0147;decision:mean;reason:pixel mean of Ivan and Daria clicks (disclosed mean rule)
42f8729a-ed28-45a2-bf9b-397d2d698bb0,stick_tip_1,63,follow_through,887.1112774406871,374.4815103496214,860.0,363.0,29.442256101976497,0.013365182383457658,0.07762743506697589,0.07762743506697589,dtl,31-60,1080p+,medium,regular,driver,adjudication:D0148;decision:mean;reason:pixel mean of Ivan and Daria clicks (disclosed mean rule)
48c9026f-11c4-410d-82ec-f33d477d9db6,stick_tip_1,38,backswing,533.6565363378813,886.2495741087521,556.5,922.0,42.4254261438603,0.036110315995188415,0.10684923492569866,0.10684923492569866,other,<=30,<720p,good,regular,unknown,adjudication:D0149;decision:mean;reason:pixel mean of Ivan and Daria clicks (disclosed mean rule)
48c9026f-11c4-410d-82ec-f33d477d9db6,stick_tip_1,98,backswing,377.9307482193321,759.502416918759,383.5,780.5,21.72360606920712,0.01849000354301886,0.05643578584459795,0.05643578584459795,other,<=30,<720p,good,regular,unknown,adjudication:D0150;decision:mean;reason:pixel mean of Ivan and Daria clicks (disclosed mean rule)
48c9026f-11c4-410d-82ec-f33d477d9db6,stick_tip_1,174,backswing,87.90760188385573,108.07765374523322,116.5,52.5,62.501206595210036,0.053197776083156845,0.22296571701087603,0.22296571701087603,other,<=30,<720p,good,regular,unknown,adjudication:D0151;decision:mean;reason:pixel mean of Ivan and Daria clicks (disclosed mean rule)
48c9026f-11c4-410d-82ec-f33d477d9db6,stick_tip_1,180,backswing,94.09444817781852,123.46452953537985,102.0,82.0,42.211431617555746,0.035928174985222,0.15608733151578263,0.15608733151578263,other,<=30,<720p,good,regular,unknown,adjudication:D0152;decision:mean;reason:pixel mean of Ivan and Daria clicks (disclosed mean rule)
48c9026f-11c4-410d-82ec-f33d477d9db6,stick_tip_1,233,downswing,467.13741903750326,861.1489480149131,417.5,898.0,61.82130216286509,0.05261907679525215,0.22773985476486414,0.22773985476486414,other,<=30,<720p,good,regular,unknown,adjudication:D0153;decision:mean;reason:pixel mean of Ivan and Daria clicks (disclosed mean rule)
48c9026f-11c4-410d-82ec-f33d477d9db6,stick_tip_1,249,follow_through,358.52736900583415,659.581215543055,374.5,701.0,44.3918984361635,0.03778407492527114,0.15770473791052989,0.15770473791052989,other,<=30,<720p,good,regular,unknown,adjudication:D0154;decision:mean;reason:pixel mean of Ivan and Daria clicks (disclosed mean rule)
511a396b-aa38-4056-a980-76723ed0c05f,stick_tip_1,66,backswing,473.56889630263777,1637.666433044138,458.0,1685.0,49.82827603727977,0.02261932627665751,0.10244129841361717,0.10244129841361717,face_on,31-60,1080p+,medium,regular,unknown,adjudication:D0155;decision:mean;reason:pixel mean of Ivan and Daria clicks (disclosed mean rule)
511a396b-aa38-4056-a980-76723ed0c05f,stick_tip_1,86,backswing,90.41997992692652,1347.693930214196,95.0,1324.0,24.132528107617365,0.010954854764359317,0.05062018833413633,0.05062018833413633,face_on,31-60,1080p+,medium,regular,unknown,adjudication:D0156;decision:mean;reason:pixel mean of Ivan and Daria clicks (disclosed mean rule)
511a396b-aa38-4056-a980-76723ed0c05f,stick_tip_1,116,backswing,471.4490213081258,689.5112391247347,406.0,588.0,120.78123222931029,0.05482810799730523,0.30315156428738493,0.30315156428738493,face_on,31-60,1080p+,medium,regular,unknown,adjudication:D0157;decision:mean;reason:pixel mean of Ivan and Daria clicks (disclosed mean rule)
511a396b-aa38-4056-a980-76723ed0c05f,stick_tip_1,131,transition,642.8438100385649,676.8129884125049,670.5,689.5,30.427374290336292,0.013812372442911227,0.08354001427926047,0.08354001427926047,face_on,31-60,1080p+,medium,regular,unknown,adjudication:D0158;decision:mean;reason:pixel mean of Ivan and Daria clicks (disclosed mean rule)
511a396b-aa38-4056-a980-76723ed0c05f,stick_tip_1,150,follow_through,1055.9993047286853,1312.6194070824768,1067.5,1179.0,134.11342938272915,0.060880200130139304,0.396193432225874,0.396193432225874,face_on,31-60,1080p+,medium,regular,unknown,adjudication:D0159;decision:mean;reason:pixel mean of Ivan and Daria clicks (disclosed mean rule)
511a396b-aa38-4056-a980-76723ed0c05f,stick_tip_1,158,follow_through,851.7021278488594,550.3352455744522,876.5,502.5,53.880842443232666,0.024458970933949855,0.15169122431863577,0.15169122431863577,face_on,31-60,1080p+,medium,regular,unknown,adjudication:D0160;decision:mean;reason:pixel mean of Ivan and Daria clicks (disclosed mean rule)
57660e2f-8425-445f-bca0-17c6e557f1b0,stick_tip_1,27,backswing,557.8703685273824,1001.9205150123576,583.5,1018.5,30.524700356885578,0.020784829772748804,0.10836580698079885,0.10836580698079885,dtl,31-60,720-1080p,good,slow,unknown,adjudication:D0161;decision:mean;reason:pixel mean of Ivan and Daria clicks (disclosed mean rule)
57660e2f-8425-445f-bca0-17c6e557f1b0,stick_tip_1,113,backswing,95.17840718608429,460.9784139767839,67.0,424.0,46.49113605606097,0.03165666943718112,0.15283511119030824,0.15283511119030824,dtl,31-60,720-1080p,good,slow,unknown,adjudication:D0162;decision:mean;reason:pixel mean of Ivan and Daria clicks (disclosed mean rule)
57660e2f-8425-445f-bca0-17c6e557f1b0,stick_tip_1,213,downswing,155.30299709791615,276.54071463912,71.0,232.5,95.11351042630935,0.06476453823250936,0.36836467304550286,0.36836467304550286,dtl,31-60,720-1080p,good,slow,unknown,adjudication:D0163;decision:mean;reason:pixel mean of Ivan and Daria clicks (disclosed mean rule)
57660e2f-8425-445f-bca0-17c6e557f1b0,stick_tip_1,233,downswing,417.4008482103733,878.6000108112612,461.0,885.5,44.14177032675086,0.030056943111067477,0.1630992164803038,0.1630992164803038,dtl,31-60,720-1080p,good,slow,unknown,adjudication:D0164;decision:mean;reason:pixel mean of Ivan and Daria clicks (disclosed mean rule)
57660e2f-8425-445f-bca0-17c6e557f1b0,stick_tip_1,265,follow_through,234.3255332074023,315.7068445455786,289.0,322.5,55.094866186268256,0.03751510749148588,0.198627743925453,0.198627743925453,dtl,31-60,720-1080p,good,slow,unknown,adjudication:D0165;decision:mean;reason:pixel mean of Ivan and Daria clicks (disclosed mean rule)
57660e2f-8425-445f-bca0-17c6e557f1b0,stick_tip_1,285,follow_through,99.71958000830045,31.56050723117714,46.5,5.5,59.25768923444559,0.04034965025255589,0.21036564162634802,0.21036564162634802,dtl,31-60,720-1080p,good,slow,unknown,adjudication:D0166;decision:mean;reason:pixel mean of Ivan and Daria clicks (disclosed mean rule)
7473617c-26a8-428f-9ba6-fc51dd7d2156,stick_tip_1,1,backswing,907.5694220987668,1602.892661171461,890.0,1592.0,20.67207440681487,0.009383997059686624,0.029553345319038724,0.029553345319038724,dtl,31-60,1080p+,medium,slow,iron,adjudication:D0167;decision:mean;reason:pixel mean of Ivan and Daria clicks (disclosed mean rule)
7473617c-26a8-428f-9ba6-fc51dd7d2156,stick_tip_1,26,backswing,273.8219906458183,342.57182380728926,257.0,336.0,18.060128389412185,0.008198315677885546,0.027988245196516666,0.027988245196516666,dtl,31-60,1080p+,medium,slow,iron,adjudication:D0168;decision:mean;reason:pixel mean of Ivan and Daria clicks (disclosed mean rule)
7473617c-26a8-428f-9ba6-fc51dd7d2156,stick_tip_1,47,transition,305.2456506824905,159.93278693921633,362.5,94.5,86.9454433676905,0.03946850078319111,0.1527774504205223,0.1527774504205223,dtl,31-60,1080p+,medium,slow,iron,adjudication:D0169;decision:mean;reason:pixel mean of Ivan and Daria clicks (disclosed mean rule)
7473617c-26a8-428f-9ba6-fc51dd7d2156,stick_tip_1,59,impact_region,840.0535423276825,1509.869601451186,809.5,1531.0,37.14852206483057,0.01686340785001973,0.070134182739465,0.070134182739465,dtl,31-60,1080p+,medium,slow,iron,adjudication:D0170;decision:mean;reason:pixel mean of Ivan and Daria clicks (disclosed mean rule)
7473617c-26a8-428f-9ba6-fc51dd7d2156,stick_tip_1,63,follow_through,581.0082758515243,1132.3542598113443,521.5,1073.0,84.04857555350758,0.038153480407605016,0.15677459651495068,0.15677459651495068,dtl,31-60,1080p+,medium,slow,iron,adjudication:D0171;decision:mean;reason:pixel mean of Ivan and Daria clicks (disclosed mean rule)
7473617c-26a8-428f-9ba6-fc51dd7d2156,stick_tip_1,67,follow_through,55.2688828371213,339.6788141977235,57.5,348.5,9.098967125601465,0.004130436020715997,0.016650336117822132,0.016650336117822132,dtl,31-60,1080p+,medium,slow,iron,adjudication:D0172;decision:mean;reason:pixel mean of Ivan and Daria clicks (disclosed mean rule)
7f7bf52f-1a8f-4c38-8d68-41b634af50ab,stick_tip_1,3,backswing,1234.8840604102452,917.0349749489061,1268.0,944.0,42.70571426540496,0.019386070754769714,0.10131642137009136,0.10131642137009136,dtl,31-60,1080p+,medium,slow,driver,adjudication:D0173;decision:mean;reason:pixel mean of Ivan and Daria clicks (disclosed mean rule)
7f7bf52f-1a8f-4c38-8d68-41b634af50ab,stick_tip_1,26,backswing,632.0161665903745,156.74688802540123,658.5,131.5,36.589599438036274,0.01660968738717634,0.08193475479879085,0.08193475479879085,dtl,31-60,1080p+,medium,slow,driver,adjudication:D0174;decision:mean;reason:pixel mean of Ivan and Daria clicks (disclosed mean rule)
7f7bf52f-1a8f-4c38-8d68-41b634af50ab,stick_tip_1,36,backswing,779.1085518408154,310.04823743521297,839.0,276.5,68.64743110717052,0.03116219877054825,0.16319791289991978,0.16319791289991978,dtl,31-60,1080p+,medium,slow,driver,adjudication:D0175;decision:mean;reason:pixel mean of Ivan and Daria clicks (disclosed mean rule)
7f7bf52f-1a8f-4c38-8d68-41b634af50ab,stick_tip_1,43,impact_region,736.4909495179622,667.527101203707,726.5,663.5,10.772029352697132,0.004889915244270007,0.026703839166299176,0.026703839166299176,dtl,31-60,1080p+,medium,slow,driver,adjudication:D0176;decision:mean;reason:pixel mean of Ivan and Daria clicks (disclosed mean rule)
7f7bf52f-1a8f-4c38-8d68-41b634af50ab,stick_tip_1,45,impact_region,1189.7540824707385,952.497692163513,1225.0,902.5,61.17224799005601,0.02776887234325479,0.15347108992365352,0.15347108992365352,dtl,31-60,1080p+,medium,slow,driver,adjudication:D0177;decision:mean;reason:pixel mean of Ivan and Daria clicks (disclosed mean rule)
7f7bf52f-1a8f-4c38-8d68-41b634af50ab,stick_tip_1,50,follow_through,506.63150818350823,27.109165626810082,521.5,17.5,17.703336209329333,0.008036351440386821,0.04576328143498116,0.04576328143498116,dtl,31-60,1080p+,medium,slow,driver,adjudication:D0178;decision:mean;reason:pixel mean of Ivan and Daria clicks (disclosed mean rule)
81681211-21c8-4d55-9d89-095b3a80d022,stick_tip_1,59,backswing,837.3301704398946,1552.4360530524978,859.5,1565.5,25.732626227637116,0.011681212253113585,0.06401757815395274,0.06401757815395274,dtl,31-60,1080p+,good,regular,unknown,adjudication:D0179;decision:mean;reason:pixel mean of Ivan and Daria clicks (disclosed mean rule)
81681211-21c8-4d55-9d89-095b3a80d022,stick_tip_1,273,backswing,200.2608703343287,542.9968472183493,237.5,522.0,42.75067685273982,0.01940648132310664,0.12092547356994097,0.12092547356994097,dtl,31-60,1080p+,good,regular,unknown,adjudication:D0180;decision:mean;reason:pixel mean of Ivan and Daria clicks (disclosed mean rule)
81681211-21c8-4d55-9d89-095b3a80d022,stick_tip_1,502,downswing,259.65345364774896,648.0375256304096,256.5,750.0,102.01122707564043,0.04630754689124254,0.22644560897140356,0.22644560897140356,dtl,31-60,1080p+,good,regular,unknown,adjudication:D0181;decision:mean;reason:pixel mean of Ivan and Daria clicks (disclosed mean rule)
81681211-21c8-4d55-9d89-095b3a80d022,stick_tip_1,522,downswing,715.0523008128645,1452.4318320136895,700.5,1410.5,44.38522270950512,0.020148476210119618,0.09861613102473765,0.09861613102473765,dtl,31-60,1080p+,good,regular,unknown,adjudication:D0182;decision:mean;reason:pixel mean of Ivan and Daria clicks (disclosed mean rule)
81681211-21c8-4d55-9d89-095b3a80d022,stick_tip_1,547,follow_through,727.7007767990408,1383.2188548099411,752.5,1452.5,73.58585835754727,0.03340397605351576,0.15483042193562027,0.15483042193562027,dtl,31-60,1080p+,good,regular,unknown,adjudication:D0183;decision:mean;reason:pixel mean of Ivan and Daria clicks (disclosed mean rule)
81681211-21c8-4d55-9d89-095b3a80d022,stick_tip_1,562,follow_through,599.4480835739316,1139.922536787512,602.0,1142.0,3.290612533386265,0.0014937590553410977,0.007483362773090411,0.007483362773090411,dtl,31-60,1080p+,good,regular,unknown,adjudication:D0184;decision:mean;reason:pixel mean of Ivan and Daria clicks (disclosed mean rule)
82b83897-42aa-447f-82ea-5e471706e7c5,stick_tip_1,3,backswing,898.4805396209497,1505.5198557814535,918.5,1492.5,23.88085924832301,0.010840610794975463,0.04008917832495244,0.04008917832495244,dtl,31-60,1080p+,medium,slow,driver,adjudication:D0185;decision:mean;reason:pixel mean of Ivan and Daria clicks (disclosed mean rule)
82b83897-42aa-447f-82ea-5e471706e7c5,stick_tip_1,27,backswing,52.414873474439304,74.46425161950974,22.5,42.5,43.779139285589466,0.019873347311295884,0.07703814929458955,0.07703814929458955,dtl,31-60,1080p+,medium,slow,driver,adjudication:D0186;decision:mean;reason:pixel mean of Ivan and Daria clicks (disclosed mean rule)
82b83897-42aa-447f-82ea-5e471706e7c5,stick_tip_1,41,downswing,284.90741494286067,323.6758289078666,209.0,288.5,83.6616673433128,0.03797784513098084,0.1576292733823723,0.1576292733823723,dtl,31-60,1080p+,medium,slow,driver,adjudication:D0187;decision:mean;reason:pixel mean of Ivan and Daria clicks (disclosed mean rule)
82b83897-42aa-447f-82ea-5e471706e7c5,stick_tip_1,50,impact_region,657.3992938215424,1277.4067306880288,659.5,1285.0,7.8784963852459455,0.0035764087076586223,0.01566518487125759,0.01566518487125759,dtl,31-60,1080p+,medium,slow,driver,adjudication:D0188;decision:mean;reason:pixel mean of Ivan and Daria clicks (disclosed mean rule)
82b83897-42aa-447f-82ea-5e471706e7c5,stick_tip_1,53,follow_through,807.6064491310394,1320.3220663766558,906.0,1381.0,115.59888615986615,0.052475604841554675,0.23401288786913443,0.23401288786913443,dtl,31-60,1080p+,medium,slow,driver,adjudication:D0189;decision:mean;reason:pixel mean of Ivan and Daria clicks (disclosed mean rule)
82b83897-42aa-447f-82ea-5e471706e7c5,stick_tip_1,57,follow_through,216.79354896399494,463.70870399931545,244.5,429.0,44.41105225417027,0.02016020141807025,0.09208080613721749,0.09208080613721749,dtl,31-60,1080p+,medium,slow,driver,adjudication:D0190;decision:mean;reason:pixel mean of Ivan and Daria clicks (disclosed mean rule)
82f22494-5871-41de-aebc-9d2012ce6571,stick_tip_1,1,backswing,297.3417103510193,900.2996844175071,293.5,877.0,23.61427602905822,0.019053290100859203,0.06042707902123865,0.06042707902123865,dtl,<=30,<720p,difficult,regular,iron,adjudication:D0191;decision:mean;reason:pixel mean of Ivan and Daria clicks (disclosed mean rule)
82f22494-5871-41de-aebc-9d2012ce6571,stick_tip_1,21,backswing,26.791754662465756,134.65865497747095,7.5,143.0,21.017845625602057,0.016958347971663037,0.056585602488084176,0.056585602488084176,dtl,<=30,<720p,difficult,regular,iron,adjudication:D0192;decision:mean;reason:pixel mean of Ivan and Daria clicks (disclosed mean rule)
82f22494-5871-41de-aebc-9d2012ce6571,stick_tip_1,27,downswing,349.9663388726797,407.47468787998366,120.0,83.5,397.2960047640009,0.320560157142482,1.1087147584338346,1.1087147584338346,dtl,<=30,<720p,difficult,regular,iron,adjudication:D0193;decision:mean;reason:pixel mean of Ivan and Daria clicks (disclosed mean rule)
82f22494-5871-41de-aebc-9d2012ce6571,stick_tip_1,32,impact_region,11.919464130000565,657.529446019257,109.5,844.5,210.90270040125657,0.17016783952448772,0.6064258071168048,0.6064258071168048,dtl,<=30,<720p,difficult,regular,iron,adjudication:D0194;decision:mean;reason:pixel mean of Ivan and Daria clicks (disclosed mean rule)
82f22494-5871-41de-aebc-9d2012ce6571,stick_tip_1,34,follow_through,552.7897382458477,683.0263726451856,441.0,739.0,125.01996855035111,0.10087295186432754,0.3638068576834851,0.3638068576834851,dtl,<=30,<720p,difficult,regular,iron,adjudication:D0195;decision:mean;reason:pixel mean of Ivan and Daria clicks (disclosed mean rule)
82f22494-5871-41de-aebc-9d2012ce6571,stick_tip_1,36,follow_through,491.55503440283957,462.8108432428497,499.5,401.5,61.82347432399246,0.04988256213692726,0.18207103665811422,0.18207103665811422,dtl,<=30,<720p,difficult,regular,iron,adjudication:D0196;decision:mean;reason:pixel mean of Ivan and Daria clicks (disclosed mean rule)
b95e3543-d28d-49db-be02-bbee7efb8425,stick_tip_1,0,backswing,1314.1678424822064,986.7664669423539,1311.0,959.5,27.44987150262362,0.012460748176509917,0.05521793018814782,0.05521793018814782,dtl,31-60,1080p+,medium,regular,driver,adjudication:D0197;decision:mean;reason:pixel mean of Ivan and Daria clicks (disclosed mean rule)
b95e3543-d28d-49db-be02-bbee7efb8425,stick_tip_1,14,backswing,725.3608506007487,206.54669886826898,719.5,176.5,30.612965923685543,0.013896620946829037,0.06202639344076921,0.06202639344076921,dtl,31-60,1080p+,medium,regular,driver,adjudication:D0198;decision:mean;reason:pixel mean of Ivan and Daria clicks (disclosed mean rule)
b95e3543-d28d-49db-be02-bbee7efb8425,stick_tip_1,27,transition,777.5931526664108,67.6767039643289,802.0,24.0,50.033475453467695,0.02271247564716878,0.10957350199814418,0.10957350199814418,dtl,31-60,1080p+,medium,regular,driver,adjudication:D0199;decision:mean;reason:pixel mean of Ivan and Daria clicks (disclosed mean rule)
b95e3543-d28d-49db-be02-bbee7efb8425,stick_tip_1,35,downswing,948.097367573365,628.7120639830233,852.0,583.0,106.41567952195031,0.048306928665530074,0.24447493494943956,0.24447493494943956,dtl,31-60,1080p+,medium,regular,driver,adjudication:D0200;decision:mean;reason:pixel mean of Ivan and Daria clicks (disclosed mean rule)
b95e3543-d28d-49db-be02-bbee7efb8425,stick_tip_1,38,impact_region,1292.0339863657896,944.8890588314316,1321.5,925.5,35.272957940328595,0.016012003782715382,0.08250201188420847,0.08250201188420847,dtl,31-60,1080p+,medium,regular,driver,adjudication:D0201;decision:mean;reason:pixel mean of Ivan and Daria clicks (disclosed mean rule)
b95e3543-d28d-49db-be02-bbee7efb8425,stick_tip_1,41,follow_through,844.5898952404959,311.37451277711676,851.0,283.5,28.60206121225291,0.01298377961663467,0.06811047871529642,0.06811047871529642,dtl,31-60,1080p+,medium,regular,driver,adjudication:D0202;decision:mean;reason:pixel mean of Ivan and Daria clicks (disclosed mean rule)
ba749048-28f5-497e-8d85-fcbcfedb6f8c,stick_tip_1,64,backswing,563.2304729262006,1656.159756719264,527.5,1638.0,40.08046231810213,0.018194349204739647,0.08114990478378784,0.08114990478378784,face_on,31-60,1080p+,good,regular,unknown,adjudication:D0203;decision:mean;reason:pixel mean of Ivan and Daria clicks (disclosed mean rule)
ba749048-28f5-497e-8d85-fcbcfedb6f8c,stick_tip_1,116,backswing,521.6728767327788,671.7599289373411,526.0,637.5,34.53211152769823,0.015675699819165844,0.08493448709936485,0.08493448709936485,face_on,31-60,1080p+,good,regular,unknown,adjudication:D0204;decision:mean;reason:pixel mean of Ivan and Daria clicks (disclosed mean rule)
ba749048-28f5-497e-8d85-fcbcfedb6f8c,stick_tip_1,143,downswing,86.50793227408076,1093.0623625444446,129.0,1032.5,73.98226528424802,0.03358392323062988,0.21386220391919028,0.21386220391919028,face_on,31-60,1080p+,good,regular,unknown,adjudication:D0205;decision:mean;reason:pixel mean of Ivan and Daria clicks (disclosed mean rule)
ba749048-28f5-497e-8d85-fcbcfedb6f8c,stick_tip_1,147,impact_region,595.1034566802903,1657.58659022184,717.0,1627.0,125.67540242502758,0.05704979498538401,0.37180707012553127,0.37180707012553127,face_on,31-60,1080p+,good,regular,unknown,adjudication:D0206;decision:mean;reason:pixel mean of Ivan and Daria clicks (disclosed mean rule)
ba749048-28f5-497e-8d85-fcbcfedb6f8c,stick_tip_1,159,follow_through,994.0967891020554,590.3288104247339,1037.0,485.0,113.73145479964215,0.05162789260674714,0.3162301714567299,0.3162301714567299,face_on,31-60,1080p+,good,regular,unknown,adjudication:D0207;decision:mean;reason:pixel mean of Ivan and Daria clicks (disclosed mean rule)
ba749048-28f5-497e-8d85-fcbcfedb6f8c,stick_tip_1,173,follow_through,541.314194765192,381.0649832472983,560.5,364.5,25.347461263236163,0.011506368315233733,0.07419664059528373,0.07419664059528373,face_on,31-60,1080p+,good,regular,unknown,adjudication:D0208;decision:mean;reason:pixel mean of Ivan and Daria clicks (disclosed mean rule)
c638dd17-dbb3-4068-bb40-957442fe9ec9,stick_tip_1,33,backswing,570.2300887591012,1028.3728628005922,546.5,1031.5,23.93524805759789,0.01629795053282047,0.11228055487775918,0.11228055487775918,dtl,31-60,720-1080p,difficult,regular,iron,adjudication:D0209;decision:mean;reason:pixel mean of Ivan and Daria clicks (disclosed mean rule)
c638dd17-dbb3-4068-bb40-957442fe9ec9,stick_tip_1,134,backswing,425.26437429766025,635.9916823449842,451.0,666.0,39.53253797538511,0.02691843204671322,0.31697188785700847,0.31697188785700847,dtl,31-60,720-1080p,difficult,regular,iron,adjudication:D0210;decision:mean;reason:pixel mean of Ivan and Daria clicks (disclosed mean rule)
c638dd17-dbb3-4068-bb40-957442fe9ec9,stick_tip_1,151,backswing,398.1298119188568,573.6768679396362,403.0,608.5,35.16204286498793,0.02394248155972522,0.2607726411094471,0.2607726411094471,dtl,31-60,720-1080p,difficult,regular,iron,adjudication:D0211;decision:mean;reason:pixel mean of Ivan and Daria clicks (disclosed mean rule)
c638dd17-dbb3-4068-bb40-957442fe9ec9,stick_tip_1,225,downswing,352.47508878556744,500.42696880455753,366.0,525.5,28.488245237043206,0.01939817003454048,0.14063615190658307,0.14063615190658307,dtl,31-60,720-1080p,difficult,regular,iron,adjudication:D0212;decision:mean;reason:pixel mean of Ivan and Daria clicks (disclosed mean rule)
c638dd17-dbb3-4068-bb40-957442fe9ec9,stick_tip_1,277,downswing,489.1962516341524,801.1889839885985,545.0,760.5,69.06266538226902,0.04702603880922198,0.39822506873546315,0.39822506873546315,dtl,31-60,720-1080p,difficult,regular,iron,adjudication:D0213;decision:mean;reason:pixel mean of Ivan and Daria clicks (disclosed mean rule)
c638dd17-dbb3-4068-bb40-957442fe9ec9,stick_tip_1,323,follow_through,358.56163722007454,697.9955691099913,317.0,722.5,48.24766130763542,0.03285271978062943,0.30357626136370397,0.30357626136370397,dtl,31-60,720-1080p,difficult,regular,iron,adjudication:D0214;decision:mean;reason:pixel mean of Ivan and Daria clicks (disclosed mean rule)
dfd57aa0-581d-4580-bc43-2a329277309b,stick_tip_1,58,backswing,587.672250243902,1087.3915994845365,590.0,1069.0,18.538321135599592,0.01262308375089656,0.047169742408660384,0.047169742408660384,dtl,<=30,720-1080p,medium,slow,iron,adjudication:D0215;decision:mean;reason:pixel mean of Ivan and Daria clicks (disclosed mean rule)
dfd57aa0-581d-4580-bc43-2a329277309b,stick_tip_1,110,backswing,235.97317041476356,544.6961599995392,218.5,500.5,47.52485921124056,0.032360550542035606,0.1287893289797683,0.1287893289797683,dtl,<=30,720-1080p,medium,slow,iron,adjudication:D0216;decision:mean;reason:pixel mean of Ivan and Daria clicks (disclosed mean rule)
dfd57aa0-581d-4580-bc43-2a329277309b,stick_tip_1,154,transition,254.67277719564876,337.72409119101184,243.0,366.0,30.59053360818461,0.02082965684412506,0.08958786467246767,0.08958786467246767,dtl,<=30,720-1080p,medium,slow,iron,adjudication:D0217;decision:mean;reason:pixel mean of Ivan and Daria clicks (disclosed mean rule)
dfd57aa0-581d-4580-bc43-2a329277309b,stick_tip_1,179,downswing,474.8912423086742,849.550535238768,524.5,868.5,53.10471781691201,0.03615997887118961,0.180611232410628,0.180611232410628,dtl,<=30,720-1080p,medium,slow,iron,adjudication:D0218;decision:mean;reason:pixel mean of Ivan and Daria clicks (disclosed mean rule)
dfd57aa0-581d-4580-bc43-2a329277309b,stick_tip_1,187,follow_through,476.84550911207486,921.0201029985396,538.5,1032.5,127.39326388041658,0.08674441593173712,0.41756425823992105,0.41756425823992105,dtl,<=30,720-1080p,medium,slow,iron,adjudication:D0219;decision:mean;reason:pixel mean of Ivan and Daria clicks (disclosed mean rule)
dfd57aa0-581d-4580-bc43-2a329277309b,stick_tip_1,197,follow_through,312.32360708909744,566.0117703255447,213.0,416.5,179.49637431176106,0.12222238191615804,0.6246149014286206,0.6246149014286206,dtl,<=30,720-1080p,medium,slow,iron,adjudication:D0220;decision:mean;reason:pixel mean of Ivan and Daria clicks (disclosed mean rule)
e7490da1-a2fa-4e53-ab66-4e9927d0b4d3,stick_tip_1,0,backswing,955.4140674184107,1474.3816367389948,979.5,1473.0,24.125527318659902,0.010951676787069787,0.039312588931008946,0.039312588931008946,dtl,31-60,1080p+,medium,regular,driver,adjudication:D0221;decision:mean;reason:pixel mean of Ivan and Daria clicks (disclosed mean rule)
e7490da1-a2fa-4e53-ab66-4e9927d0b4d3,stick_tip_1,17,backswing,53.755892973458515,485.4869581460794,60.0,427.0,58.81932629451097,0.02670077391064715,0.09607138439093221,0.09607138439093221,dtl,31-60,1080p+,medium,regular,driver,adjudication:D0222;decision:mean;reason:pixel mean of Ivan and Daria clicks (disclosed mean rule)
e7490da1-a2fa-4e53-ab66-4e9927d0b4d3,stick_tip_1,32,downswing,393.1150244818334,599.0699233087848,346.5,637.5,60.41383369671724,0.02742459351769246,0.10793942733366592,0.10793942733366592,dtl,31-60,1080p+,medium,regular,driver,adjudication:D0223;decision:mean;reason:pixel mean of Ivan and Daria clicks (disclosed mean rule)
e7490da1-a2fa-4e53-ab66-4e9927d0b4d3,stick_tip_1,39,downswing,75.0839236663147,628.0467783496539,99.0,634.5,24.771410473914433,0.011244872598507634,0.04615091487916452,0.04615091487916452,dtl,31-60,1080p+,medium,regular,driver,adjudication:D0224;decision:mean;reason:pixel mean of Ivan and Daria clicks (disclosed mean rule)
e7490da1-a2fa-4e53-ab66-4e9927d0b4d3,stick_tip_1,43,impact_region,865.4428622714914,1322.3990479405209,914.0,1308.5,50.50721887055599,0.022927529383214587,0.09637734472619154,0.09637734472619154,dtl,31-60,1080p+,medium,regular,driver,adjudication:D0225;decision:mean;reason:pixel mean of Ivan and Daria clicks (disclosed mean rule)
e7490da1-a2fa-4e53-ab66-4e9927d0b4d3,stick_tip_1,47,impact_region,191.3658272302476,471.9974111577723,204.5,501.5,32.29410538688513,0.014659766796110004,0.06311559531000606,0.06311559531000606,dtl,31-60,1080p+,medium,regular,driver,adjudication:D0226;decision:mean;reason:pixel mean of Ivan and Daria clicks (disclosed mean rule)
e940142a-d4bc-4cee-a6de-828b05ab40a7,stick_tip_1,1,backswing,785.0715172923012,990.7706410324708,744.5,1004.0,42.67392592779859,0.019371640579028276,0.12094109128083237,0.12094109128083237,dtl,31-60,1080p+,medium,regular,iron,adjudication:D0227;decision:mean;reason:pixel mean of Ivan and Daria clicks (disclosed mean rule)
e940142a-d4bc-4cee-a6de-828b05ab40a7,stick_tip_1,25,backswing,1259.2676281705278,192.79610692852052,1248.5,163.0,31.682010739764806,0.014381909129008464,0.09416215714698267,0.09416215714698267,dtl,31-60,1080p+,medium,regular,iron,adjudication:D0228;decision:mean;reason:pixel mean of Ivan and Daria clicks (disclosed mean rule)
e940142a-d4bc-4cee-a6de-828b05ab40a7,stick_tip_1,34,downswing,1037.2917681558638,380.0494838775047,993.0,346.5,55.56373452909495,0.025222912378563438,0.17427573235968397,0.17427573235968397,dtl,31-60,1080p+,medium,regular,iron,adjudication:D0229;decision:mean;reason:pixel mean of Ivan and Daria clicks (disclosed mean rule)
e940142a-d4bc-4cee-a6de-828b05ab40a7,stick_tip_1,39,downswing,1186.814773924984,292.0454291806297,1145.5,249.5,59.30450310588992,0.026921017785635683,0.19165628417208921,0.19165628417208921,dtl,31-60,1080p+,medium,regular,iron,adjudication:D0230;decision:mean;reason:pixel mean of Ivan and Daria clicks (disclosed mean rule)
e940142a-d4bc-4cee-a6de-828b05ab40a7,stick_tip_1,43,impact_region,794.6830779346669,979.1389209463939,750.0,1033.5,70.36834778213802,0.03194340130978335,0.2329188672510532,0.2329188672510532,dtl,31-60,1080p+,medium,regular,iron,adjudication:D0231;decision:mean;reason:pixel mean of Ivan and Daria clicks (disclosed mean rule)
e940142a-d4bc-4cee-a6de-828b05ab40a7,stick_tip_1,49,follow_through,615.9171032043273,1143.0394437010839,1107.0,299.0,976.506525348635,0.4432808329876895,3.270899170394227,3.270899170394227,dtl,31-60,1080p+,medium,regular,iron,adjudication:D0232;decision:mean;reason:pixel mean of Ivan and Daria clicks (disclosed mean rule)
eb859af6-2991-42e4-9345-05d3baf63c6e,stick_tip_1,2,backswing,627.8091253070136,1053.5705846991264,667.5,1068.5,42.40581298737604,0.02887489783724645,0.09122233728594702,0.09122233728594702,dtl,<=30,720-1080p,medium,regular,driver,adjudication:D0233;decision:mean;reason:pixel mean of Ivan and Daria clicks (disclosed mean rule)
eb859af6-2991-42e4-9345-05d3baf63c6e,stick_tip_1,111,backswing,20.444168045098287,193.19542108169333,54.0,150.0,54.69769886028478,0.03724466895596059,0.16505242763749328,0.16505242763749328,dtl,<=30,720-1080p,medium,regular,driver,adjudication:D0234;decision:mean;reason:pixel mean of Ivan and Daria clicks (disclosed mean rule)
eb859af6-2991-42e4-9345-05d3baf63c6e,stick_tip_1,170,transition,79.81784702915505,309.4969450068724,110.5,368.5,66.50379695512406,0.045283658243737666,0.18740405596834783,0.18740405596834783,dtl,<=30,720-1080p,medium,regular,driver,adjudication:D0235;decision:mean;reason:pixel mean of Ivan and Daria clicks (disclosed mean rule)
eb859af6-2991-42e4-9345-05d3baf63c6e,stick_tip_1,229,downswing,365.7108647508459,781.6264225315422,367.5,817.5,35.918164837936956,0.02445733891496328,0.1062661744177611,0.1062661744177611,dtl,<=30,720-1080p,medium,regular,driver,adjudication:D0236;decision:mean;reason:pixel mean of Ivan and Daria clicks (disclosed mean rule)
eb859af6-2991-42e4-9345-05d3baf63c6e,stick_tip_1,247,follow_through,491.7934427532556,938.759918737802,556.5,898.0,76.47424093273781,0.052072716888393086,0.22710497443863864,0.22710497443863864,dtl,<=30,720-1080p,medium,regular,driver,adjudication:D0237;decision:mean;reason:pixel mean of Ivan and Daria clicks (disclosed mean rule)
eb859af6-2991-42e4-9345-05d3baf63c6e,stick_tip_1,265,follow_through,108.17499910505795,428.11649256660394,114.5,422.0,8.79869976975797,0.005991196467050352,0.027331208228772438,0.027331208228772438,dtl,<=30,720-1080p,medium,regular,driver,adjudication:D0238;decision:mean;reason:pixel mean of Ivan and Daria clicks (disclosed mean rule)
ed241630-f662-4957-b17f-1f485cf04683,stick_tip_1,1,backswing,873.5929294464081,1589.0928343857304,895.5,1633.0,49.06892022980487,0.022274620054903042,0.08694860167844003,0.08694860167844003,dtl,31-60,1080p+,medium,slow,driver,adjudication:D0239;decision:mean;reason:pixel mean of Ivan and Daria clicks (disclosed mean rule)
ed241630-f662-4957-b17f-1f485cf04683,stick_tip_1,33,backswing,509.2756252856151,1108.5243877196526,498.5,1150.0,42.85254384894425,0.01945272339702963,0.06715070772578564,0.06715070772578564,dtl,31-60,1080p+,medium,slow,driver,adjudication:D0240;decision:mean;reason:pixel mean of Ivan and Daria clicks (disclosed mean rule)
ed241630-f662-4957-b17f-1f485cf04683,stick_tip_1,55,backswing,296.25069131778827,643.299890459881,238.0,575.0,89.76646409340181,0.04074909070728034,0.1438453472135678,0.1438453472135678,dtl,31-60,1080p+,medium,slow,driver,adjudication:D0241;decision:mean;reason:pixel mean of Ivan and Daria clicks (disclosed mean rule)
ed241630-f662-4957-b17f-1f485cf04683,stick_tip_1,67,impact_region,691.9940658830653,1425.4950900728097,668.5,1426.5,23.51554753093323,0.010674779151068228,0.040486717196666626,0.040486717196666626,dtl,31-60,1080p+,medium,slow,driver,adjudication:D0242;decision:mean;reason:pixel mean of Ivan and Daria clicks (disclosed mean rule)
ed241630-f662-4957-b17f-1f485cf04683,stick_tip_1,68,impact_region,852.1586879527772,1555.6930069240118,877.5,1530.0,36.08756989701631,0.016381793289849848,0.06250475938195263,0.06250475938195263,dtl,31-60,1080p+,medium,slow,driver,adjudication:D0243;decision:mean;reason:pixel mean of Ivan and Daria clicks (disclosed mean rule)
ed241630-f662-4957-b17f-1f485cf04683,stick_tip_1,73,follow_through,148.53652702068973,637.8108612007825,169.5,627.5,23.361957496238908,0.010605057631804853,0.041692177940960334,0.041692177940960334,dtl,31-60,1080p+,medium,slow,driver,adjudication:D0244;decision:mean;reason:pixel mean of Ivan and Daria clicks (disclosed mean rule)
f0647c16-5b92-48b6-a06a-d05d86fe8145,stick_tip_1,9,backswing,1196.0142831820008,1025.9236274288546,1175.5,1049.5,31.25189847168931,0.014186661560741921,0.07869487406188352,0.07869487406188352,dtl,31-60,1080p+,difficult,slow,iron,adjudication:D0245;decision:mean;reason:pixel mean of Ivan and Daria clicks (disclosed mean rule)
f0647c16-5b92-48b6-a06a-d05d86fe8145,stick_tip_1,35,backswing,846.4204383434952,118.42423878564018,793.5,113.5,53.149044413664505,0.02412677444400842,0.13737917657251572,0.13737917657251572,dtl,31-60,1080p+,difficult,slow,iron,adjudication:D0246;decision:mean;reason:pixel mean of Ivan and Daria clicks (disclosed mean rule)
f0647c16-5b92-48b6-a06a-d05d86fe8145,stick_tip_1,45,backswing,816.3827614770944,74.60096691092906,831.5,124.0,51.66038492591346,0.023451004031179164,0.14176299940296339,0.14176299940296339,dtl,31-60,1080p+,difficult,slow,iron,adjudication:D0247;decision:mean;reason:pixel mean of Ivan and Daria clicks (disclosed mean rule)
f0647c16-5b92-48b6-a06a-d05d86fe8145,stick_tip_1,54,impact_region,1190.1260034946304,1010.9416034332946,1175.5,1022.0,18.335978644497295,0.008323536685303123,0.053099591071821176,0.053099591071821176,dtl,31-60,1080p+,difficult,slow,iron,adjudication:D0248;decision:mean;reason:pixel mean of Ivan and Daria clicks (disclosed mean rule)
f0647c16-5b92-48b6-a06a-d05d86fe8145,stick_tip_1,58,impact_region,1008.2983118050164,658.5575107847317,985.0,709.0,55.56308172875428,0.025222616042726166,0.16420199258410775,0.16420199258410775,dtl,31-60,1080p+,difficult,slow,iron,adjudication:D0249;decision:mean;reason:pixel mean of Ivan and Daria clicks (disclosed mean rule)
f0647c16-5b92-48b6-a06a-d05d86fe8145,stick_tip_1,63,follow_through,727.9400004515969,33.96900042713757,720.5,42.5,11.319521210366684,0.005138446759853162,0.03373298081167262,0.03373298081167262,dtl,31-60,1080p+,difficult,slow,iron,adjudication:D0250;decision:mean;reason:pixel mean of Ivan and Daria clicks (disclosed mean rule)
