session_id,video_path_a,fps_a,frame_width_a,frame_height_a,event_name,reference_frame_a,reference_time_s_a,point_name_a,x_px_a,y_px_a,annotator_id_a,annotation_round_a,quality_note_a,video_path_b,fps_b,frame_width_b,frame_height_b,reference_frame_b,reference_time_s_b,point_name_b,x_px_b,y_px_b,annotator_id_b,annotation_round_b,quality_note_b,signed_frame_diff,abs_frame_diff,signed_ms_diff,abs_ms_diff,exact_frame,within_1_frame,within_2_frame,comparison
36b05de8-5e98-425f-8b72-8e505337e150,C:\Users\isinu\Downloads\Telegram Desktop\7a0c087a-b6c7-42ea-bc67-63453d4cac7f\36b05de8-5e98-425f-8b72-8e505337e150\video_processed.mp4,47.95232700693679,1080,1920,address,0,0.0,,,,Ivan Syniuk,1,,C:\Users\isinu\Downloads\Telegram Desktop\7a0c087a-b6c7-42ea-bc67-63453d4cac7f\36b05de8-5e98-425f-8b72-8e505337e150\video_processed.mp4,47.95232700693679,1080,1920,0,0.0,,,,Daria Plokhotniuk,1,,0,0,0.0,0.0,1,1,1,inter_rater
36b05de8-5e98-425f-8b72-8e505337e150,C:\Users\isinu\Downloads\Telegram Desktop\7a0c087a-b6c7-42ea-bc67-63453d4cac7f\36b05de8-5e98-425f-8b72-8e505337e150\video_processed.mp4,47.95232700693679,1080,1920,top_backswing,54,1.12612,,,,Ivan Syniuk,1,,C:\Users\isinu\Downloads\Telegram Desktop\7a0c087a-b6c7-42ea-bc67-63453d4cac7f\36b05de8-5e98-425f-8b72-8e505337e150\video_processed.mp4,47.95232700693679,1080,1920,43,0.89672,,,,Daria Plokhotniuk,1,,11,11,229.39449838187704,229.39449838187704,0,0,0,inter_rater
36b05de8-5e98-425f-8b72-8e505337e150,C:\Users\isinu\Downloads\Telegram Desktop\7a0c087a-b6c7-42ea-bc67-63453d4cac7f\36b05de8-5e98-425f-8b72-8e505337e150\video_processed.mp4,47.95232700693679,1080,1920,downswing_transition,56,1.16783,,,,Ivan Syniuk,1,,C:\Users\isinu\Downloads\Telegram Desktop\7a0c087a-b6c7-42ea-bc67-63453d4cac7f\36b05de8-5e98-425f-8b72-8e505337e150\video_processed.mp4,47.95232700693679,1080,1920,65,1.35551,,,,Daria Plokhotniuk,1,,-9,9,-187.6864077669903,187.6864077669903,0,0,0,inter_rater
36b05de8-5e98-425f-8b72-8e505337e150,C:\Users\isinu\Downloads\Telegram Desktop\7a0c087a-b6c7-42ea-bc67-63453d4cac7f\36b05de8-5e98-425f-8b72-8e505337e150\video_processed.mp4,47.95232700693679,1080,1920,impact,73,1.52235,,,,Ivan Syniuk,1,,C:\Users\isinu\Downloads\Telegram Desktop\7a0c087a-b6c7-42ea-bc67-63453d4cac7f\36b05de8-5e98-425f-8b72-8e505337e150\video_processed.mp4,47.95232700693679,1080,1920,66,1.37637,,,,Daria Plokhotniuk,1,,7,7,145.97831715210359,145.97831715210359,0,0,0,inter_rater
82f22494-5871-41de-aebc-9d2012ce6571,C:\Users\isinu\Downloads\Telegram Desktop\7a0c087a-b6c7-42ea-bc67-63453d4cac7f\82f22494-5871-41de-aebc-9d2012ce6571\video_processed.mp4,30.0,608,1080,address,0,0.0,,,,Ivan Syniuk,1,,C:\Users\isinu\Downloads\Telegram Desktop\7a0c087a-b6c7-42ea-bc67-63453d4cac7f\82f22494-5871-41de-aebc-9d2012ce6571\video_processed.mp4,30.0,608,1080,0,0.0,,,,Daria Plokhotniuk,1,,0,0,0.0,0.0,1,1,1,inter_rater
82f22494-5871-41de-aebc-9d2012ce6571,C:\Users\isinu\Downloads\Telegram Desktop\7a0c087a-b6c7-42ea-bc67-63453d4cac7f\82f22494-5871-41de-aebc-9d2012ce6571\video_processed.mp4,30.0,608,1080,top_backswing,24,0.8,,,,Ivan Syniuk,1,,C:\Users\isinu\Downloads\Telegram Desktop\7a0c087a-b6c7-42ea-bc67-63453d4cac7f\82f22494-5871-41de-aebc-9d2012ce6571\video_processed.mp4,30.0,608,1080,21,0.7,,,,Daria Plokhotniuk,1,,3,3,100.0,100.0,0,0,0,inter_rater
82f22494-5871-41de-aebc-9d2012ce6571,C:\Users\isinu\Downloads\Telegram Desktop\7a0c087a-b6c7-42ea-bc67-63453d4cac7f\82f22494-5871-41de-aebc-9d2012ce6571\video_processed.mp4,30.0,608,1080,downswing_transition,26,0.86667,,,,Ivan Syniuk,1,,C:\Users\isinu\Downloads\Telegram Desktop\7a0c087a-b6c7-42ea-bc67-63453d4cac7f\82f22494-5871-41de-aebc-9d2012ce6571\video_processed.mp4,30.0,608,1080,22,0.73333,,,,Daria Plokhotniuk,1,,4,4,133.33333333333334,133.33333333333334,0,0,0,inter_rater
82f22494-5871-41de-aebc-9d2012ce6571,C:\Users\isinu\Downloads\Telegram Desktop\7a0c087a-b6c7-42ea-bc67-63453d4cac7f\82f22494-5871-41de-aebc-9d2012ce6571\video_processed.mp4,30.0,608,1080,impact,33,1.1,,,,Ivan Syniuk,1,,C:\Users\isinu\Downloads\Telegram Desktop\7a0c087a-b6c7-42ea-bc67-63453d4cac7f\82f22494-5871-41de-aebc-9d2012ce6571\video_processed.mp4,30.0,608,1080,29,0.96667,,,,Daria Plokhotniuk,1,,4,4,133.33333333333334,133.33333333333334,0,0,0,inter_rater
c638dd17-dbb3-4068-bb40-957442fe9ec9,C:\Users\isinu\Downloads\Telegram Desktop\7a0c087a-b6c7-42ea-bc67-63453d4cac7f\c638dd17-dbb3-4068-bb40-957442fe9ec9\video_processed.mp4,60.0,720,1280,address,33,0.55,,,,Ivan Syniuk,1,,C:\Users\isinu\Downloads\Telegram Desktop\7a0c087a-b6c7-42ea-bc67-63453d4cac7f\c638dd17-dbb3-4068-bb40-957442fe9ec9\video_processed.mp4,60.0,720,1280,21,0.35,,,,Daria Plokhotniuk,1,,12,12,200.0,200.0,0,0,0,inter_rater
c638dd17-dbb3-4068-bb40-957442fe9ec9,C:\Users\isinu\Downloads\Telegram Desktop\7a0c087a-b6c7-42ea-bc67-63453d4cac7f\c638dd17-dbb3-4068-bb40-957442fe9ec9\video_processed.mp4,60.0,720,1280,top_backswing,211,3.51667,,,,Ivan Syniuk,1,,C:\Users\isinu\Downloads\Telegram Desktop\7a0c087a-b6c7-42ea-bc67-63453d4cac7f\c638dd17-dbb3-4068-bb40-957442fe9ec9\video_processed.mp4,60.0,720,1280,211,3.51667,,,,Daria Plokhotniuk,1,,0,0,0.0,0.0,1,1,1,inter_rater
c638dd17-dbb3-4068-bb40-957442fe9ec9,C:\Users\isinu\Downloads\Telegram Desktop\7a0c087a-b6c7-42ea-bc67-63453d4cac7f\c638dd17-dbb3-4068-bb40-957442fe9ec9\video_processed.mp4,60.0,720,1280,downswing_transition,215,3.58333,,,,Ivan Syniuk,1,,C:\Users\isinu\Downloads\Telegram Desktop\7a0c087a-b6c7-42ea-bc67-63453d4cac7f\c638dd17-dbb3-4068-bb40-957442fe9ec9\video_processed.mp4,60.0,720,1280,217,3.61667,,,,Daria Plokhotniuk,1,,-2,2,-33.333333333333336,33.333333333333336,0,0,1,inter_rater
c638dd17-dbb3-4068-bb40-957442fe9ec9,C:\Users\isinu\Downloads\Telegram Desktop\7a0c087a-b6c7-42ea-bc67-63453d4cac7f\c638dd17-dbb3-4068-bb40-957442fe9ec9\video_processed.mp4,60.0,720,1280,impact,293,4.88333,,,,Ivan Syniuk,1,,C:\Users\isinu\Downloads\Telegram Desktop\7a0c087a-b6c7-42ea-bc67-63453d4cac7f\c638dd17-dbb3-4068-bb40-957442fe9ec9\video_processed.mp4,60.0,720,1280,289,4.81667,,,,Daria Plokhotniuk,1,,4,4,66.66666666666667,66.66666666666667,0,0,0,inter_rater
81681211-21c8-4d55-9d89-095b3a80d022,C:\Users\isinu\Downloads\Telegram Desktop\7a0c087a-b6c7-42ea-bc67-63453d4cac7f\81681211-21c8-4d55-9d89-095b3a80d022\video_processed.mp4,50.0,1080,1920,address,59,1.18,,,,Ivan Syniuk,1,,C:\Users\isinu\Downloads\Telegram Desktop\7a0c087a-b6c7-42ea-bc67-63453d4cac7f\81681211-21c8-4d55-9d89-095b3a80d022\video_processed.mp4,50.0,1080,1920,57,1.14,,,,Daria Plokhotniuk,1,,2,2,40.0,40.0,0,0,1,inter_rater
81681211-21c8-4d55-9d89-095b3a80d022,C:\Users\isinu\Downloads\Telegram Desktop\7a0c087a-b6c7-42ea-bc67-63453d4cac7f\81681211-21c8-4d55-9d89-095b3a80d022\video_processed.mp4,50.0,1080,1920,top_backswing,415,8.3,,,,Ivan Syniuk,1,,C:\Users\isinu\Downloads\Telegram Desktop\7a0c087a-b6c7-42ea-bc67-63453d4cac7f\81681211-21c8-4d55-9d89-095b3a80d022\video_processed.mp4,50.0,1080,1920,410,8.2,,,,Daria Plokhotniuk,1,,5,5,100.0,100.0,0,0,0,inter_rater
81681211-21c8-4d55-9d89-095b3a80d022,C:\Users\isinu\Downloads\Telegram Desktop\7a0c087a-b6c7-42ea-bc67-63453d4cac7f\81681211-21c8-4d55-9d89-095b3a80d022\video_processed.mp4,50.0,1080,1920,downswing_transition,421,8.42,,,,Ivan Syniuk,1,,C:\Users\isinu\Downloads\Telegram Desktop\7a0c087a-b6c7-42ea-bc67-63453d4cac7f\81681211-21c8-4d55-9d89-095b3a80d022\video_processed.mp4,50.0,1080,1920,423,8.46,,,,Daria Plokhotniuk,1,,-2,2,-40.0,40.0,0,0,1,inter_rater
81681211-21c8-4d55-9d89-095b3a80d022,C:\Users\isinu\Downloads\Telegram Desktop\7a0c087a-b6c7-42ea-bc67-63453d4cac7f\81681211-21c8-4d55-9d89-095b3a80d022\video_processed.mp4,50.0,1080,1920,impact,535,10.7,,,,Ivan Syniuk,1,,C:\Users\isinu\Downloads\Telegram Desktop\7a0c087a-b6c7-42ea-bc67-63453d4cac7f\81681211-21c8-4d55-9d89-095b3a80d022\video_processed.mp4,50.0,1080,1920,530,10.6,,,,Daria Plokhotniuk,1,,5,5,100.0,100.0,0,0,0,inter_rater
2850af90-f8fc-4050-a178-b659098e69df,C:\Users\isinu\Downloads\Telegram Desktop\7a0c087a-b6c7-42ea-bc67-63453d4cac7f\2850af90-f8fc-4050-a178-b659098e69df\video_processed.mp4,30.0,608,1080,address,32,1.06667,,,,Ivan Syniuk,1,,C:\Users\isinu\Downloads\Telegram Desktop\7a0c087a-b6c7-42ea-bc67-63453d4cac7f\2850af90-f8fc-4050-a178-b659098e69df\video_processed.mp4,30.0,608,1080,33,1.1,,,,Daria Plokhotniuk,1,,-1,1,-33.333333333333336,33.333333333333336,0,1,1,inter_rater
2850af90-f8fc-4050-a178-b659098e69df,C:\Users\isinu\Downloads\Telegram Desktop\7a0c087a-b6c7-42ea-bc67-63453d4cac7f\2850af90-f8fc-4050-a178-b659098e69df\video_processed.mp4,30.0,608,1080,top_backswing,53,1.76667,,,,Ivan Syniuk,1,,C:\Users\isinu\Downloads\Telegram Desktop\7a0c087a-b6c7-42ea-bc67-63453d4cac7f\2850af90-f8fc-4050-a178-b659098e69df\video_processed.mp4,30.0,608,1080,55,1.83333,,,,Daria Plokhotniuk,1,,-2,2,-66.66666666666667,66.66666666666667,0,0,1,inter_rater
2850af90-f8fc-4050-a178-b659098e69df,C:\Users\isinu\Downloads\Telegram Desktop\7a0c087a-b6c7-42ea-bc67-63453d4cac7f\2850af90-f8fc-4050-a178-b659098e69df\video_processed.mp4,30.0,608,1080,downswing_transition,54,1.8,,,,Ivan Syniuk,1,,C:\Users\isinu\Downloads\Telegram Desktop\7a0c087a-b6c7-42ea-bc67-63453d4cac7f\2850af90-f8fc-4050-a178-b659098e69df\video_processed.mp4,30.0,608,1080,56,1.86667,,,,Daria Plokhotniuk,1,,-2,2,-66.66666666666667,66.66666666666667,0,0,1,inter_rater
2850af90-f8fc-4050-a178-b659098e69df,C:\Users\isinu\Downloads\Telegram Desktop\7a0c087a-b6c7-42ea-bc67-63453d4cac7f\2850af90-f8fc-4050-a178-b659098e69df\video_processed.mp4,30.0,608,1080,impact,59,1.96667,,,,Ivan Syniuk,1,,C:\Users\isinu\Downloads\Telegram Desktop\7a0c087a-b6c7-42ea-bc67-63453d4cac7f\2850af90-f8fc-4050-a178-b659098e69df\video_processed.mp4,30.0,608,1080,57,1.9,,,,Daria Plokhotniuk,1,,2,2,66.66666666666667,66.66666666666667,0,0,1,inter_rater
2ac2bc4c-b28e-4adf-a94e-a1227f7801d9,C:\Users\isinu\Downloads\Telegram Desktop\7a0c087a-b6c7-42ea-bc67-63453d4cac7f\2ac2bc4c-b28e-4adf-a94e-a1227f7801d9\video_processed.mp4,30.0,1080,1920,address,96,3.2,,,,Ivan Syniuk,1,,C:\Users\isinu\Downloads\Telegram Desktop\7a0c087a-b6c7-42ea-bc67-63453d4cac7f\2ac2bc4c-b28e-4adf-a94e-a1227f7801d9\video_processed.mp4,30.0,1080,1920,99,3.3,,,,Daria Plokhotniuk,1,,-3,3,-100.0,100.0,0,0,0,inter_rater
2ac2bc4c-b28e-4adf-a94e-a1227f7801d9,C:\Users\isinu\Downloads\Telegram Desktop\7a0c087a-b6c7-42ea-bc67-63453d4cac7f\2ac2bc4c-b28e-4adf-a94e-a1227f7801d9\video_processed.mp4,30.0,1080,1920,top_backswing,123,4.1,,,,Ivan Syniuk,1,,C:\Users\isinu\Downloads\Telegram Desktop\7a0c087a-b6c7-42ea-bc67-63453d4cac7f\2ac2bc4c-b28e-4adf-a94e-a1227f7801d9\video_processed.mp4,30.0,1080,1920,123,4.1,,,,Daria Plokhotniuk,1,,0,0,0.0,0.0,1,1,1,inter_rater
2ac2bc4c-b28e-4adf-a94e-a1227f7801d9,C:\Users\isinu\Downloads\Telegram Desktop\7a0c087a-b6c7-42ea-bc67-63453d4cac7f\2ac2bc4c-b28e-4adf-a94e-a1227f7801d9\video_processed.mp4,30.0,1080,1920,downswing_transition,125,4.16667,,,,Ivan Syniuk,1,,C:\Users\isinu\Downloads\Telegram Desktop\7a0c087a-b6c7-42ea-bc67-63453d4cac7f\2ac2bc4c-b28e-4adf-a94e-a1227f7801d9\video_processed.mp4,30.0,1080,1920,129,4.3,,,,Daria Plokhotniuk,1,,-4,4,-133.33333333333334,133.33333333333334,0,0,0,inter_rater
2ac2bc4c-b28e-4adf-a94e-a1227f7801d9,C:\Users\isinu\Downloads\Telegram Desktop\7a0c087a-b6c7-42ea-bc67-63453d4cac7f\2ac2bc4c-b28e-4adf-a94e-a1227f7801d9\video_processed.mp4,30.0,1080,1920,impact,131,4.36667,,,,Ivan Syniuk,1,,C:\Users\isinu\Downloads\Telegram Desktop\7a0c087a-b6c7-42ea-bc67-63453d4cac7f\2ac2bc4c-b28e-4adf-a94e-a1227f7801d9\video_processed.mp4,30.0,1080,1920,131,4.36667,,,,Daria Plokhotniuk,1,,0,0,0.0,0.0,1,1,1,inter_rater
32fec03e-0046-4581-885b-ef0d7f174e53,C:\Users\isinu\Downloads\Telegram Desktop\7a0c087a-b6c7-42ea-bc67-63453d4cac7f\32fec03e-0046-4581-885b-ef0d7f174e53\video_processed.mp4,30.0,720,1280,address,71,2.36667,,,,Ivan Syniuk,1,,C:\Users\isinu\Downloads\Telegram Desktop\7a0c087a-b6c7-42ea-bc67-63453d4cac7f\32fec03e-0046-4581-885b-ef0d7f174e53\video_processed.mp4,30.0,720,1280,79,2.63333,,,,Daria Plokhotniuk,1,,-8,8,-266.6666666666667,266.6666666666667,0,0,0,inter_rater
32fec03e-0046-4581-885b-ef0d7f174e53,C:\Users\isinu\Downloads\Telegram Desktop\7a0c087a-b6c7-42ea-bc67-63453d4cac7f\32fec03e-0046-4581-885b-ef0d7f174e53\video_processed.mp4,30.0,720,1280,top_backswing,90,3.0,,,,Ivan Syniuk,1,,C:\Users\isinu\Downloads\Telegram Desktop\7a0c087a-b6c7-42ea-bc67-63453d4cac7f\32fec03e-0046-4581-885b-ef0d7f174e53\video_processed.mp4,30.0,720,1280,81,2.7,,,,Daria Plokhotniuk,1,,9,9,300.0,300.0,0,0,0,inter_rater
32fec03e-0046-4581-885b-ef0d7f174e53,C:\Users\isinu\Downloads\Telegram Desktop\7a0c087a-b6c7-42ea-bc67-63453d4cac7f\32fec03e-0046-4581-885b-ef0d7f174e53\video_processed.mp4,30.0,720,1280,downswing_transition,91,3.03333,,,,Ivan Syniuk,1,,C:\Users\isinu\Downloads\Telegram Desktop\7a0c087a-b6c7-42ea-bc67-63453d4cac7f\32fec03e-0046-4581-885b-ef0d7f174e53\video_processed.mp4,30.0,720,1280,89,2.96667,,,,Daria Plokhotniuk,1,,2,2,66.66666666666667,66.66666666666667,0,0,1,inter_rater
32fec03e-0046-4581-885b-ef0d7f174e53,C:\Users\isinu\Downloads\Telegram Desktop\7a0c087a-b6c7-42ea-bc67-63453d4cac7f\32fec03e-0046-4581-885b-ef0d7f174e53\video_processed.mp4,30.0,720,1280,impact,97,3.23333,,,,Ivan Syniuk,1,,C:\Users\isinu\Downloads\Telegram Desktop\7a0c087a-b6c7-42ea-bc67-63453d4cac7f\32fec03e-0046-4581-885b-ef0d7f174e53\video_processed.mp4,30.0,720,1280,116,3.86667,,,,Daria Plokhotniuk,1,,-19,19,-633.3333333333334,633.3333333333334,0,0,0,inter_rater
3d47c3b9-21d9-4794-995d-52804115fb8b,C:\Users\isinu\Downloads\Telegram Desktop\7a0c087a-b6c7-42ea-bc67-63453d4cac7f\3d47c3b9-21d9-4794-995d-52804115fb8b\video_processed.mp4,50.0,1920,1080,address,1,0.02,,,,Ivan Syniuk,1,,C:\Users\isinu\Downloads\Telegram Desktop\7a0c087a-b6c7-42ea-bc67-63453d4cac7f\3d47c3b9-21d9-4794-995d-52804115fb8b\video_processed.mp4,50.0,1920,1080,6,0.12,,,,Daria Plokhotniuk,1,,-5,5,-100.0,100.0,0,0,0,inter_rater
3d47c3b9-21d9-4794-995d-52804115fb8b,C:\Users\isinu\Downloads\Telegram Desktop\7a0c087a-b6c7-42ea-bc67-63453d4cac7f\3d47c3b9-21d9-4794-995d-52804115fb8b\video_processed.mp4,50.0,1920,1080,top_backswing,26,0.52,,,,Ivan Syniuk,1,,C:\Users\isinu\Downloads\Telegram Desktop\7a0c087a-b6c7-42ea-bc67-63453d4cac7f\3d47c3b9-21d9-4794-995d-52804115fb8b\video_processed.mp4,50.0,1920,1080,30,0.6,,,,Daria Plokhotniuk,1,,-4,4,-80.0,80.0,0,0,0,inter_rater
3d47c3b9-21d9-4794-995d-52804115fb8b,C:\Users\isinu\Downloads\Telegram Desktop\7a0c087a-b6c7-42ea-bc67-63453d4cac7f\3d47c3b9-21d9-4794-995d-52804115fb8b\video_processed.mp4,50.0,1920,1080,downswing_transition,28,0.56,,,,Ivan Syniuk,1,,C:\Users\isinu\Downloads\Telegram Desktop\7a0c087a-b6c7-42ea-bc67-63453d4cac7f\3d47c3b9-21d9-4794-995d-52804115fb8b\video_processed.mp4,50.0,1920,1080,32,0.64,,,,Daria Plokhotniuk,1,,-4,4,-80.0,80.0,0,0,0,inter_rater
3d47c3b9-21d9-4794-995d-52804115fb8b,C:\Users\isinu\Downloads\Telegram Desktop\7a0c087a-b6c7-42ea-bc67-63453d4cac7f\3d47c3b9-21d9-4794-995d-52804115fb8b\video_processed.mp4,50.0,1920,1080,impact,37,0.74,,,,Ivan Syniuk,1,,C:\Users\isinu\Downloads\Telegram Desktop\7a0c087a-b6c7-42ea-bc67-63453d4cac7f\3d47c3b9-21d9-4794-995d-52804115fb8b\video_processed.mp4,50.0,1920,1080,33,0.66,,,,Daria Plokhotniuk,1,,4,4,80.0,80.0,0,0,0,inter_rater
42f8729a-ed28-45a2-bf9b-397d2d698bb0,C:\Users\isinu\Downloads\Telegram Desktop\7a0c087a-b6c7-42ea-bc67-63453d4cac7f\42f8729a-ed28-45a2-bf9b-397d2d698bb0\video_processed.mp4,50.0,1920,1080,address,1,0.02,,,,Ivan Syniuk,1,,C:\Users\isinu\Downloads\Telegram Desktop\7a0c087a-b6c7-42ea-bc67-63453d4cac7f\42f8729a-ed28-45a2-bf9b-397d2d698bb0\video_processed.mp4,50.0,1920,1080,0,0.0,,,,Daria Plokhotniuk,1,,1,1,20.0,20.0,0,1,1,inter_rater
42f8729a-ed28-45a2-bf9b-397d2d698bb0,C:\Users\isinu\Downloads\Telegram Desktop\7a0c087a-b6c7-42ea-bc67-63453d4cac7f\42f8729a-ed28-45a2-bf9b-397d2d698bb0\video_processed.mp4,50.0,1920,1080,top_backswing,43,0.86,,,,Ivan Syniuk,1,,C:\Users\isinu\Downloads\Telegram Desktop\7a0c087a-b6c7-42ea-bc67-63453d4cac7f\42f8729a-ed28-45a2-bf9b-397d2d698bb0\video_processed.mp4,50.0,1920,1080,35,0.7,,,,Daria Plokhotniuk,1,,8,8,160.0,160.0,0,0,0,inter_rater
42f8729a-ed28-45a2-bf9b-397d2d698bb0,C:\Users\isinu\Downloads\Telegram Desktop\7a0c087a-b6c7-42ea-bc67-63453d4cac7f\42f8729a-ed28-45a2-bf9b-397d2d698bb0\video_processed.mp4,50.0,1920,1080,downswing_transition,46,0.92,,,,Ivan Syniuk,1,,C:\Users\isinu\Downloads\Telegram Desktop\7a0c087a-b6c7-42ea-bc67-63453d4cac7f\42f8729a-ed28-45a2-bf9b-397d2d698bb0\video_processed.mp4,50.0,1920,1080,36,0.72,,,,Daria Plokhotniuk,1,,10,10,200.0,200.0,0,0,0,inter_rater
42f8729a-ed28-45a2-bf9b-397d2d698bb0,C:\Users\isinu\Downloads\Telegram Desktop\7a0c087a-b6c7-42ea-bc67-63453d4cac7f\42f8729a-ed28-45a2-bf9b-397d2d698bb0\video_processed.mp4,50.0,1920,1080,impact,58,1.16,,,,Ivan Syniuk,1,,C:\Users\isinu\Downloads\Telegram Desktop\7a0c087a-b6c7-42ea-bc67-63453d4cac7f\42f8729a-ed28-45a2-bf9b-397d2d698bb0\video_processed.mp4,50.0,1920,1080,55,1.1,,,,Daria Plokhotniuk,1,,3,3,60.0,60.0,0,0,0,inter_rater
b95e3543-d28d-49db-be02-bbee7efb8425,C:\Users\isinu\Downloads\Telegram Desktop\7a0c087a-b6c7-42ea-bc67-63453d4cac7f\b95e3543-d28d-49db-be02-bbee7efb8425\video_processed.mp4,50.0,1920,1080,address,0,0.0,,,,Ivan Syniuk,1,,C:\Users\isinu\Downloads\Telegram Desktop\7a0c087a-b6c7-42ea-bc67-63453d4cac7f\b95e3543-d28d-49db-be02-bbee7efb8425\video_processed.mp4,50.0,1920,1080,8,0.16,,,,Daria Plokhotniuk,1,,-8,8,-160.0,160.0,0,0,0,inter_rater
b95e3543-d28d-49db-be02-bbee7efb8425,C:\Users\isinu\Downloads\Telegram Desktop\7a0c087a-b6c7-42ea-bc67-63453d4cac7f\b95e3543-d28d-49db-be02-bbee7efb8425\video_processed.mp4,50.0,1920,1080,top_backswing,25,0.5,,,,Ivan Syniuk,1,,C:\Users\isinu\Downloads\Telegram Desktop\7a0c087a-b6c7-42ea-bc67-63453d4cac7f\b95e3543-d28d-49db-be02-bbee7efb8425\video_processed.mp4,50.0,1920,1080,20,0.4,,,,Daria Plokhotniuk,1,,5,5,100.0,100.0,0,0,0,inter_rater
b95e3543-d28d-49db-be02-bbee7efb8425,C:\Users\isinu\Downloads\Telegram Desktop\7a0c087a-b6c7-42ea-bc67-63453d4cac7f\b95e3543-d28d-49db-be02-bbee7efb8425\video_processed.mp4,50.0,1920,1080,downswing_transition,27,0.54,,,,Ivan Syniuk,1,,C:\Users\isinu\Downloads\Telegram Desktop\7a0c087a-b6c7-42ea-bc67-63453d4cac7f\b95e3543-d28d-49db-be02-bbee7efb8425\video_processed.mp4,50.0,1920,1080,29,0.58,,,,Daria Plokhotniuk,1,,-2,2,-40.0,40.0,0,0,1,inter_rater
b95e3543-d28d-49db-be02-bbee7efb8425,C:\Users\isinu\Downloads\Telegram Desktop\7a0c087a-b6c7-42ea-bc67-63453d4cac7f\b95e3543-d28d-49db-be02-bbee7efb8425\video_processed.mp4,50.0,1920,1080,impact,38,0.76,,,,Ivan Syniuk,1,,C:\Users\isinu\Downloads\Telegram Desktop\7a0c087a-b6c7-42ea-bc67-63453d4cac7f\b95e3543-d28d-49db-be02-bbee7efb8425\video_processed.mp4,50.0,1920,1080,37,0.74,,,,Daria Plokhotniuk,1,,1,1,20.0,20.0,0,1,1,inter_rater
e7490da1-a2fa-4e53-ab66-4e9927d0b4d3,C:\Users\isinu\Downloads\Telegram Desktop\7a0c087a-b6c7-42ea-bc67-63453d4cac7f\e7490da1-a2fa-4e53-ab66-4e9927d0b4d3\video_processed.mp4,50.0,1080,1920,address,0,0.0,,,,Ivan Syniuk,1,,C:\Users\isinu\Downloads\Telegram Desktop\7a0c087a-b6c7-42ea-bc67-63453d4cac7f\e7490da1-a2fa-4e53-ab66-4e9927d0b4d3\video_processed.mp4,50.0,1080,1920,0,0.0,,,,Daria Plokhotniuk,1,,0,0,0.0,0.0,1,1,1,inter_rater
e7490da1-a2fa-4e53-ab66-4e9927d0b4d3,C:\Users\isinu\Downloads\Telegram Desktop\7a0c087a-b6c7-42ea-bc67-63453d4cac7f\e7490da1-a2fa-4e53-ab66-4e9927d0b4d3\video_processed.mp4,50.0,1080,1920,top_backswing,30,0.6,,,,Ivan Syniuk,1,,C:\Users\isinu\Downloads\Telegram Desktop\7a0c087a-b6c7-42ea-bc67-63453d4cac7f\e7490da1-a2fa-4e53-ab66-4e9927d0b4d3\video_processed.mp4,50.0,1080,1920,25,0.5,,,,Daria Plokhotniuk,1,,5,5,100.0,100.0,0,0,0,inter_rater
e7490da1-a2fa-4e53-ab66-4e9927d0b4d3,C:\Users\isinu\Downloads\Telegram Desktop\7a0c087a-b6c7-42ea-bc67-63453d4cac7f\e7490da1-a2fa-4e53-ab66-4e9927d0b4d3\video_processed.mp4,50.0,1080,1920,downswing_transition,32,0.64,,,,Ivan Syniuk,1,,C:\Users\isinu\Downloads\Telegram Desktop\7a0c087a-b6c7-42ea-bc67-63453d4cac7f\e7490da1-a2fa-4e53-ab66-4e9927d0b4d3\video_processed.mp4,50.0,1080,1920,26,0.52,,,,Daria Plokhotniuk,1,,6,6,120.0,120.0,0,0,0,inter_rater
e7490da1-a2fa-4e53-ab66-4e9927d0b4d3,C:\Users\isinu\Downloads\Telegram Desktop\7a0c087a-b6c7-42ea-bc67-63453d4cac7f\e7490da1-a2fa-4e53-ab66-4e9927d0b4d3\video_processed.mp4,50.0,1080,1920,impact,42,0.84,,,,Ivan Syniuk,1,,C:\Users\isinu\Downloads\Telegram Desktop\7a0c087a-b6c7-42ea-bc67-63453d4cac7f\e7490da1-a2fa-4e53-ab66-4e9927d0b4d3\video_processed.mp4,50.0,1080,1920,48,0.96,,,,Daria Plokhotniuk,1,,-6,6,-120.0,120.0,0,0,0,inter_rater
e940142a-d4bc-4cee-a6de-828b05ab40a7,C:\Users\isinu\Downloads\Telegram Desktop\7a0c087a-b6c7-42ea-bc67-63453d4cac7f\e940142a-d4bc-4cee-a6de-828b05ab40a7\video_processed.mp4,50.0,1920,1080,address,1,0.02,,,,Ivan Syniuk,1,,C:\Users\isinu\Downloads\Telegram Desktop\7a0c087a-b6c7-42ea-bc67-63453d4cac7f\e940142a-d4bc-4cee-a6de-828b05ab40a7\video_processed.mp4,50.0,1920,1080,0,0.0,,,,Daria Plokhotniuk,1,,1,1,20.0,20.0,0,1,1,inter_rater
e940142a-d4bc-4cee-a6de-828b05ab40a7,C:\Users\isinu\Downloads\Telegram Desktop\7a0c087a-b6c7-42ea-bc67-63453d4cac7f\e940142a-d4bc-4cee-a6de-828b05ab40a7\video_processed.mp4,50.0,1920,1080,top_backswing,32,0.64,,,,Ivan Syniuk,1,,C:\Users\isinu\Downloads\Telegram Desktop\7a0c087a-b6c7-42ea-bc67-63453d4cac7f\e940142a-d4bc-4cee-a6de-828b05ab40a7\video_processed.mp4,50.0,1920,1080,29,0.58,,,,Daria Plokhotniuk,1,,3,3,60.0,60.0,0,0,0,inter_rater
e940142a-d4bc-4cee-a6de-828b05ab40a7,C:\Users\isinu\Downloads\Telegram Desktop\7a0c087a-b6c7-42ea-bc67-63453d4cac7f\e940142a-d4bc-4cee-a6de-828b05ab40a7\video_processed.mp4,50.0,1920,1080,downswing_transition,34,0.68,,,,Ivan Syniuk,1,,C:\Users\isinu\Downloads\Telegram Desktop\7a0c087a-b6c7-42ea-bc67-63453d4cac7f\e940142a-d4bc-4cee-a6de-828b05ab40a7\video_processed.mp4,50.0,1920,1080,32,0.64,,,,Daria Plokhotniuk,1,,2,2,40.0,40.0,0,0,1,inter_rater
e940142a-d4bc-4cee-a6de-828b05ab40a7,C:\Users\isinu\Downloads\Telegram Desktop\7a0c087a-b6c7-42ea-bc67-63453d4cac7f\e940142a-d4bc-4cee-a6de-828b05ab40a7\video_processed.mp4,50.0,1920,1080,impact,44,0.88,,,,Ivan Syniuk,1,,C:\Users\isinu\Downloads\Telegram Desktop\7a0c087a-b6c7-42ea-bc67-63453d4cac7f\e940142a-d4bc-4cee-a6de-828b05ab40a7\video_processed.mp4,50.0,1920,1080,44,0.88,,,,Daria Plokhotniuk,1,,0,0,0.0,0.0,1,1,1,inter_rater
eb859af6-2991-42e4-9345-05d3baf63c6e,C:\Users\isinu\Downloads\Telegram Desktop\7a0c087a-b6c7-42ea-bc67-63453d4cac7f\eb859af6-2991-42e4-9345-05d3baf63c6e\video_processed.mp4,30.0,720,1280,address,2,0.06667,,,,Ivan Syniuk,1,,C:\Users\isinu\Downloads\Telegram Desktop\7a0c087a-b6c7-42ea-bc67-63453d4cac7f\eb859af6-2991-42e4-9345-05d3baf63c6e\video_processed.mp4,30.0,720,1280,2,0.06667,,,,Daria Plokhotniuk,1,,0,0,0.0,0.0,1,1,1,inter_rater
eb859af6-2991-42e4-9345-05d3baf63c6e,C:\Users\isinu\Downloads\Telegram Desktop\7a0c087a-b6c7-42ea-bc67-63453d4cac7f\eb859af6-2991-42e4-9345-05d3baf63c6e\video_processed.mp4,30.0,720,1280,top_backswing,162,5.4,,,,Ivan Syniuk,1,,C:\Users\isinu\Downloads\Telegram Desktop\7a0c087a-b6c7-42ea-bc67-63453d4cac7f\eb859af6-2991-42e4-9345-05d3baf63c6e\video_processed.mp4,30.0,720,1280,165,5.5,,,,Daria Plokhotniuk,1,,-3,3,-100.0,100.0,0,0,0,inter_rater
eb859af6-2991-42e4-9345-05d3baf63c6e,C:\Users\isinu\Downloads\Telegram Desktop\7a0c087a-b6c7-42ea-bc67-63453d4cac7f\eb859af6-2991-42e4-9345-05d3baf63c6e\video_processed.mp4,30.0,720,1280,downswing_transition,170,5.66667,,,,Ivan Syniuk,1,,C:\Users\isinu\Downloads\Telegram Desktop\7a0c087a-b6c7-42ea-bc67-63453d4cac7f\eb859af6-2991-42e4-9345-05d3baf63c6e\video_processed.mp4,30.0,720,1280,175,5.83333,,,,Daria Plokhotniuk,1,,-5,5,-166.66666666666669,166.66666666666669,0,0,0,inter_rater
eb859af6-2991-42e4-9345-05d3baf63c6e,C:\Users\isinu\Downloads\Telegram Desktop\7a0c087a-b6c7-42ea-bc67-63453d4cac7f\eb859af6-2991-42e4-9345-05d3baf63c6e\video_processed.mp4,30.0,720,1280,impact,242,8.06667,,,,Ivan Syniuk,1,,C:\Users\isinu\Downloads\Telegram Desktop\7a0c087a-b6c7-42ea-bc67-63453d4cac7f\eb859af6-2991-42e4-9345-05d3baf63c6e\video_processed.mp4,30.0,720,1280,242,8.06667,,,,Daria Plokhotniuk,1,,0,0,0.0,0.0,1,1,1,inter_rater
f0647c16-5b92-48b6-a06a-d05d86fe8145,C:\Users\isinu\Downloads\Telegram Desktop\7a0c087a-b6c7-42ea-bc67-63453d4cac7f\f0647c16-5b92-48b6-a06a-d05d86fe8145\video_processed.mp4,50.0,1920,1080,address,9,0.18,,,,Ivan Syniuk,1,,C:\Users\isinu\Downloads\Telegram Desktop\7a0c087a-b6c7-42ea-bc67-63453d4cac7f\f0647c16-5b92-48b6-a06a-d05d86fe8145\video_processed.mp4,50.0,1920,1080,10,0.2,,,,Daria Plokhotniuk,1,,-1,1,-20.0,20.0,0,1,1,inter_rater
f0647c16-5b92-48b6-a06a-d05d86fe8145,C:\Users\isinu\Downloads\Telegram Desktop\7a0c087a-b6c7-42ea-bc67-63453d4cac7f\f0647c16-5b92-48b6-a06a-d05d86fe8145\video_processed.mp4,50.0,1920,1080,top_backswing,43,0.86,,,,Ivan Syniuk,1,,C:\Users\isinu\Downloads\Telegram Desktop\7a0c087a-b6c7-42ea-bc67-63453d4cac7f\f0647c16-5b92-48b6-a06a-d05d86fe8145\video_processed.mp4,50.0,1920,1080,54,1.08,,,,Daria Plokhotniuk,1,,-11,11,-220.0,220.0,0,0,0,inter_rater
f0647c16-5b92-48b6-a06a-d05d86fe8145,C:\Users\isinu\Downloads\Telegram Desktop\7a0c087a-b6c7-42ea-bc67-63453d4cac7f\f0647c16-5b92-48b6-a06a-d05d86fe8145\video_processed.mp4,50.0,1920,1080,downswing_transition,45,0.9,,,,Ivan Syniuk,1,,C:\Users\isinu\Downloads\Telegram Desktop\7a0c087a-b6c7-42ea-bc67-63453d4cac7f\f0647c16-5b92-48b6-a06a-d05d86fe8145\video_processed.mp4,50.0,1920,1080,55,1.1,,,,Daria Plokhotniuk,1,,-10,10,-200.0,200.0,0,0,0,inter_rater
f0647c16-5b92-48b6-a06a-d05d86fe8145,C:\Users\isinu\Downloads\Telegram Desktop\7a0c087a-b6c7-42ea-bc67-63453d4cac7f\f0647c16-5b92-48b6-a06a-d05d86fe8145\video_processed.mp4,50.0,1920,1080,impact,56,1.12,,,,Ivan Syniuk,1,,C:\Users\isinu\Downloads\Telegram Desktop\7a0c087a-b6c7-42ea-bc67-63453d4cac7f\f0647c16-5b92-48b6-a06a-d05d86fe8145\video_processed.mp4,50.0,1920,1080,56,1.12,,,,Daria Plokhotniuk,1,,0,0,0.0,0.0,1,1,1,inter_rater
57660e2f-8425-445f-bca0-17c6e557f1b0,C:\Users\isinu\Downloads\Telegram Desktop\7a0c087a-b6c7-42ea-bc67-63453d4cac7f\57660e2f-8425-445f-bca0-17c6e557f1b0\video_processed.mp4,50.0,720,1280,address,27,0.54,,,,Ivan Syniuk,1,,C:\Users\isinu\Downloads\Telegram Desktop\7a0c087a-b6c7-42ea-bc67-63453d4cac7f\57660e2f-8425-445f-bca0-17c6e557f1b0\video_processed.mp4,50.0,720,1280,23,0.46,,,,Daria Plokhotniuk,1,,4,4,80.0,80.0,0,0,0,inter_rater
57660e2f-8425-445f-bca0-17c6e557f1b0,C:\Users\isinu\Downloads\Telegram Desktop\7a0c087a-b6c7-42ea-bc67-63453d4cac7f\57660e2f-8425-445f-bca0-17c6e557f1b0\video_processed.mp4,50.0,720,1280,top_backswing,180,3.6,,,,Ivan Syniuk,1,,C:\Users\isinu\Downloads\Telegram Desktop\7a0c087a-b6c7-42ea-bc67-63453d4cac7f\57660e2f-8425-445f-bca0-17c6e557f1b0\video_processed.mp4,50.0,720,1280,174,3.48,,,,Daria Plokhotniuk,1,,6,6,120.0,120.0,0,0,0,inter_rater
57660e2f-8425-445f-bca0-17c6e557f1b0,C:\Users\isinu\Downloads\Telegram Desktop\7a0c087a-b6c7-42ea-bc67-63453d4cac7f\57660e2f-8425-445f-bca0-17c6e557f1b0\video_processed.mp4,50.0,720,1280,downswing_transition,184,3.68,,,,Ivan Syniuk,1,,C:\Users\isinu\Downloads\Telegram Desktop\7a0c087a-b6c7-42ea-bc67-63453d4cac7f\57660e2f-8425-445f-bca0-17c6e557f1b0\video_processed.mp4,50.0,720,1280,177,3.54,,,,Daria Plokhotniuk,1,,7,7,140.0,140.0,0,0,0,inter_rater
57660e2f-8425-445f-bca0-17c6e557f1b0,C:\Users\isinu\Downloads\Telegram Desktop\7a0c087a-b6c7-42ea-bc67-63453d4cac7f\57660e2f-8425-445f-bca0-17c6e557f1b0\video_processed.mp4,50.0,720,1280,impact,243,4.86,,,,Ivan Syniuk,1,,C:\Users\isinu\Downloads\Telegram Desktop\7a0c087a-b6c7-42ea-bc67-63453d4cac7f\57660e2f-8425-445f-bca0-17c6e557f1b0\video_processed.mp4,50.0,720,1280,242,4.84,,,,Daria Plokhotniuk,1,,1,1,20.0,20.0,0,1,1,inter_rater
332a7a76-cfa3-449e-9150-f93050fed050,C:\Users\isinu\Downloads\Telegram Desktop\7a0c087a-b6c7-42ea-bc67-63453d4cac7f\332a7a76-cfa3-449e-9150-f93050fed050\video_processed.mp4,50.0,1920,1080,address,8,0.16,,,,Ivan Syniuk,1,,C:\Users\isinu\Downloads\Telegram Desktop\7a0c087a-b6c7-42ea-bc67-63453d4cac7f\332a7a76-cfa3-449e-9150-f93050fed050\video_processed.mp4,50.0,1920,1080,1,0.02,,,,Daria Plokhotniuk,1,,7,7,140.0,140.0,0,0,0,inter_rater
332a7a76-cfa3-449e-9150-f93050fed050,C:\Users\isinu\Downloads\Telegram Desktop\7a0c087a-b6c7-42ea-bc67-63453d4cac7f\332a7a76-cfa3-449e-9150-f93050fed050\video_processed.mp4,50.0,1920,1080,top_backswing,51,1.02,,,,Ivan Syniuk,1,,C:\Users\isinu\Downloads\Telegram Desktop\7a0c087a-b6c7-42ea-bc67-63453d4cac7f\332a7a76-cfa3-449e-9150-f93050fed050\video_processed.mp4,50.0,1920,1080,47,0.94,,,,Daria Plokhotniuk,1,,4,4,80.0,80.0,0,0,0,inter_rater
332a7a76-cfa3-449e-9150-f93050fed050,C:\Users\isinu\Downloads\Telegram Desktop\7a0c087a-b6c7-42ea-bc67-63453d4cac7f\332a7a76-cfa3-449e-9150-f93050fed050\video_processed.mp4,50.0,1920,1080,downswing_transition,53,1.06,,,,Ivan Syniuk,1,,C:\Users\isinu\Downloads\Telegram Desktop\7a0c087a-b6c7-42ea-bc67-63453d4cac7f\332a7a76-cfa3-449e-9150-f93050fed050\video_processed.mp4,50.0,1920,1080,54,1.08,,,,Daria Plokhotniuk,1,,-1,1,-20.0,20.0,0,1,1,inter_rater
332a7a76-cfa3-449e-9150-f93050fed050,C:\Users\isinu\Downloads\Telegram Desktop\7a0c087a-b6c7-42ea-bc67-63453d4cac7f\332a7a76-cfa3-449e-9150-f93050fed050\video_processed.mp4,50.0,1920,1080,impact,63,1.26,,,,Ivan Syniuk,1,,C:\Users\isinu\Downloads\Telegram Desktop\7a0c087a-b6c7-42ea-bc67-63453d4cac7f\332a7a76-cfa3-449e-9150-f93050fed050\video_processed.mp4,50.0,1920,1080,75,1.5,,,,Daria Plokhotniuk,1,,-12,12,-240.0,240.0,0,0,0,inter_rater
7473617c-26a8-428f-9ba6-fc51dd7d2156,C:\Users\isinu\Downloads\Telegram Desktop\7a0c087a-b6c7-42ea-bc67-63453d4cac7f\7473617c-26a8-428f-9ba6-fc51dd7d2156\video_processed.mp4,50.0,1080,1920,address,1,0.02,,,,Ivan Syniuk,1,,C:\Users\isinu\Downloads\Telegram Desktop\7a0c087a-b6c7-42ea-bc67-63453d4cac7f\7473617c-26a8-428f-9ba6-fc51dd7d2156\video_processed.mp4,50.0,1080,1920,5,0.1,,,,Daria Plokhotniuk,1,,-4,4,-80.0,80.0,0,0,0,inter_rater
7473617c-26a8-428f-9ba6-fc51dd7d2156,C:\Users\isinu\Downloads\Telegram Desktop\7a0c087a-b6c7-42ea-bc67-63453d4cac7f\7473617c-26a8-428f-9ba6-fc51dd7d2156\video_processed.mp4,50.0,1080,1920,top_backswing,44,0.88,,,,Ivan Syniuk,1,,C:\Users\isinu\Downloads\Telegram Desktop\7a0c087a-b6c7-42ea-bc67-63453d4cac7f\7473617c-26a8-428f-9ba6-fc51dd7d2156\video_processed.mp4,50.0,1080,1920,36,0.72,,,,Daria Plokhotniuk,1,,8,8,160.0,160.0,0,0,0,inter_rater
7473617c-26a8-428f-9ba6-fc51dd7d2156,C:\Users\isinu\Downloads\Telegram Desktop\7a0c087a-b6c7-42ea-bc67-63453d4cac7f\7473617c-26a8-428f-9ba6-fc51dd7d2156\video_processed.mp4,50.0,1080,1920,downswing_transition,47,0.94,,,,Ivan Syniuk,1,,C:\Users\isinu\Downloads\Telegram Desktop\7a0c087a-b6c7-42ea-bc67-63453d4cac7f\7473617c-26a8-428f-9ba6-fc51dd7d2156\video_processed.mp4,50.0,1080,1920,48,0.96,,,,Daria Plokhotniuk,1,,-1,1,-20.0,20.0,0,1,1,inter_rater
7473617c-26a8-428f-9ba6-fc51dd7d2156,C:\Users\isinu\Downloads\Telegram Desktop\7a0c087a-b6c7-42ea-bc67-63453d4cac7f\7473617c-26a8-428f-9ba6-fc51dd7d2156\video_processed.mp4,50.0,1080,1920,impact,61,1.22,,,,Ivan Syniuk,1,,C:\Users\isinu\Downloads\Telegram Desktop\7a0c087a-b6c7-42ea-bc67-63453d4cac7f\7473617c-26a8-428f-9ba6-fc51dd7d2156\video_processed.mp4,50.0,1080,1920,60,1.2,,,,Daria Plokhotniuk,1,,1,1,20.0,20.0,0,1,1,inter_rater
7f7bf52f-1a8f-4c38-8d68-41b634af50ab,C:\Users\isinu\Downloads\Telegram Desktop\7a0c087a-b6c7-42ea-bc67-63453d4cac7f\7f7bf52f-1a8f-4c38-8d68-41b634af50ab\video_processed.mp4,50.0,1920,1080,address,3,0.06,,,,Ivan Syniuk,1,,C:\Users\isinu\Downloads\Telegram Desktop\7a0c087a-b6c7-42ea-bc67-63453d4cac7f\7f7bf52f-1a8f-4c38-8d68-41b634af50ab\video_processed.mp4,50.0,1920,1080,2,0.04,,,,Daria Plokhotniuk,1,,1,1,20.0,20.0,0,1,1,inter_rater
7f7bf52f-1a8f-4c38-8d68-41b634af50ab,C:\Users\isinu\Downloads\Telegram Desktop\7a0c087a-b6c7-42ea-bc67-63453d4cac7f\7f7bf52f-1a8f-4c38-8d68-41b634af50ab\video_processed.mp4,50.0,1920,1080,top_backswing,34,0.68,,,,Ivan Syniuk,1,,C:\Users\isinu\Downloads\Telegram Desktop\7a0c087a-b6c7-42ea-bc67-63453d4cac7f\7f7bf52f-1a8f-4c38-8d68-41b634af50ab\video_processed.mp4,50.0,1920,1080,38,0.76,,,,Daria Plokhotniuk,1,,-4,4,-80.0,80.0,0,0,0,inter_rater
7f7bf52f-1a8f-4c38-8d68-41b634af50ab,C:\Users\isinu\Downloads\Telegram Desktop\7a0c087a-b6c7-42ea-bc67-63453d4cac7f\7f7bf52f-1a8f-4c38-8d68-41b634af50ab\video_processed.mp4,50.0,1920,1080,downswing_transition,36,0.72,,,,Ivan Syniuk,1,,C:\Users\isinu\Downloads\Telegram Desktop\7a0c087a-b6c7-42ea-bc67-63453d4cac7f\7f7bf52f-1a8f-4c38-8d68-41b634af50ab\video_processed.mp4,50.0,1920,1080,39,0.78,,,,Daria Plokhotniuk,1,,-3,3,-60.0,60.0,0,0,0,inter_rater
7f7bf52f-1a8f-4c38-8d68-41b634af50ab,C:\Users\isinu\Downloads\Telegram Desktop\7a0c087a-b6c7-42ea-bc67-63453d4cac7f\7f7bf52f-1a8f-4c38-8d68-41b634af50ab\video_processed.mp4,50.0,1920,1080,impact,45,0.9,,,,Ivan Syniuk,1,,C:\Users\isinu\Downloads\Telegram Desktop\7a0c087a-b6c7-42ea-bc67-63453d4cac7f\7f7bf52f-1a8f-4c38-8d68-41b634af50ab\video_processed.mp4,50.0,1920,1080,43,0.86,,,,Daria Plokhotniuk,1,,2,2,40.0,40.0,0,0,1,inter_rater
82b83897-42aa-447f-82ea-5e471706e7c5,C:\Users\isinu\Downloads\Telegram Desktop\7a0c087a-b6c7-42ea-bc67-63453d4cac7f\82b83897-42aa-447f-82ea-5e471706e7c5\video_processed.mp4,60.0,1080,1920,address,3,0.05,,,,Ivan Syniuk,1,,C:\Users\isinu\Downloads\Telegram Desktop\7a0c087a-b6c7-42ea-bc67-63453d4cac7f\82b83897-42aa-447f-82ea-5e471706e7c5\video_processed.mp4,60.0,1080,1920,6,0.1,,,,Daria Plokhotniuk,1,,-3,3,-50.0,50.0,0,0,0,inter_rater
82b83897-42aa-447f-82ea-5e471706e7c5,C:\Users\isinu\Downloads\Telegram Desktop\7a0c087a-b6c7-42ea-bc67-63453d4cac7f\82b83897-42aa-447f-82ea-5e471706e7c5\video_processed.mp4,60.0,1080,1920,top_backswing,38,0.63333,,,,Ivan Syniuk,1,,C:\Users\isinu\Downloads\Telegram Desktop\7a0c087a-b6c7-42ea-bc67-63453d4cac7f\82b83897-42aa-447f-82ea-5e471706e7c5\video_processed.mp4,60.0,1080,1920,27,0.45,,,,Daria Plokhotniuk,1,,11,11,183.33333333333334,183.33333333333334,0,0,0,inter_rater
82b83897-42aa-447f-82ea-5e471706e7c5,C:\Users\isinu\Downloads\Telegram Desktop\7a0c087a-b6c7-42ea-bc67-63453d4cac7f\82b83897-42aa-447f-82ea-5e471706e7c5\video_processed.mp4,60.0,1080,1920,downswing_transition,41,0.68333,,,,Ivan Syniuk,1,,C:\Users\isinu\Downloads\Telegram Desktop\7a0c087a-b6c7-42ea-bc67-63453d4cac7f\82b83897-42aa-447f-82ea-5e471706e7c5\video_processed.mp4,60.0,1080,1920,32,0.53333,,,,Daria Plokhotniuk,1,,9,9,150.0,150.0,0,0,0,inter_rater
82b83897-42aa-447f-82ea-5e471706e7c5,C:\Users\isinu\Downloads\Telegram Desktop\7a0c087a-b6c7-42ea-bc67-63453d4cac7f\82b83897-42aa-447f-82ea-5e471706e7c5\video_processed.mp4,60.0,1080,1920,impact,51,0.85,,,,Ivan Syniuk,1,,C:\Users\isinu\Downloads\Telegram Desktop\7a0c087a-b6c7-42ea-bc67-63453d4cac7f\82b83897-42aa-447f-82ea-5e471706e7c5\video_processed.mp4,60.0,1080,1920,46,0.76667,,,,Daria Plokhotniuk,1,,5,5,83.33333333333334,83.33333333333334,0,0,0,inter_rater
dfd57aa0-581d-4580-bc43-2a329277309b,C:\Users\isinu\Downloads\Telegram Desktop\7a0c087a-b6c7-42ea-bc67-63453d4cac7f\dfd57aa0-581d-4580-bc43-2a329277309b\video_processed.mp4,30.0,720,1280,address,58,1.93333,,,,Ivan Syniuk,1,,C:\Users\isinu\Downloads\Telegram Desktop\7a0c087a-b6c7-42ea-bc67-63453d4cac7f\dfd57aa0-581d-4580-bc43-2a329277309b\video_processed.mp4,30.0,720,1280,62,2.06667,,,,Daria Plokhotniuk,1,,-4,4,-133.33333333333334,133.33333333333334,0,0,0,inter_rater
dfd57aa0-581d-4580-bc43-2a329277309b,C:\Users\isinu\Downloads\Telegram Desktop\7a0c087a-b6c7-42ea-bc67-63453d4cac7f\dfd57aa0-581d-4580-bc43-2a329277309b\video_processed.mp4,30.0,720,1280,top_backswing,149,4.96667,,,,Ivan Syniuk,1,,C:\Users\isinu\Downloads\Telegram Desktop\7a0c087a-b6c7-42ea-bc67-63453d4cac7f\dfd57aa0-581d-4580-bc43-2a329277309b\video_processed.mp4,30.0,720,1280,126,4.2,,,,Daria Plokhotniuk,1,,23,23,766.6666666666667,766.6666666666667,0,0,0,inter_rater
dfd57aa0-581d-4580-bc43-2a329277309b,C:\Users\isinu\Downloads\Telegram Desktop\7a0c087a-b6c7-42ea-bc67-63453d4cac7f\dfd57aa0-581d-4580-bc43-2a329277309b\video_processed.mp4,30.0,720,1280,downswing_transition,154,5.13333,,,,Ivan Syniuk,1,,C:\Users\isinu\Downloads\Telegram Desktop\7a0c087a-b6c7-42ea-bc67-63453d4cac7f\dfd57aa0-581d-4580-bc43-2a329277309b\video_processed.mp4,30.0,720,1280,161,5.36667,,,,Daria Plokhotniuk,1,,-7,7,-233.33333333333334,233.33333333333334,0,0,0,inter_rater
dfd57aa0-581d-4580-bc43-2a329277309b,C:\Users\isinu\Downloads\Telegram Desktop\7a0c087a-b6c7-42ea-bc67-63453d4cac7f\dfd57aa0-581d-4580-bc43-2a329277309b\video_processed.mp4,30.0,720,1280,impact,183,6.1,,,,Ivan Syniuk,1,,C:\Users\isinu\Downloads\Telegram Desktop\7a0c087a-b6c7-42ea-bc67-63453d4cac7f\dfd57aa0-581d-4580-bc43-2a329277309b\video_processed.mp4,30.0,720,1280,183,6.1,,,,Daria Plokhotniuk,1,,0,0,0.0,0.0,1,1,1,inter_rater
ed241630-f662-4957-b17f-1f485cf04683,C:\Users\isinu\Downloads\Telegram Desktop\7a0c087a-b6c7-42ea-bc67-63453d4cac7f\ed241630-f662-4957-b17f-1f485cf04683\video_processed.mp4,50.0,1080,1920,address,1,0.02,,,,Ivan Syniuk,1,,C:\Users\isinu\Downloads\Telegram Desktop\7a0c087a-b6c7-42ea-bc67-63453d4cac7f\ed241630-f662-4957-b17f-1f485cf04683\video_processed.mp4,50.0,1080,1920,10,0.2,,,,Daria Plokhotniuk,1,,-9,9,-180.0,180.0,0,0,0,inter_rater
ed241630-f662-4957-b17f-1f485cf04683,C:\Users\isinu\Downloads\Telegram Desktop\7a0c087a-b6c7-42ea-bc67-63453d4cac7f\ed241630-f662-4957-b17f-1f485cf04683\video_processed.mp4,50.0,1080,1920,top_backswing,55,1.1,,,,Ivan Syniuk,1,,C:\Users\isinu\Downloads\Telegram Desktop\7a0c087a-b6c7-42ea-bc67-63453d4cac7f\ed241630-f662-4957-b17f-1f485cf04683\video_processed.mp4,50.0,1080,1920,59,1.18,,,,Daria Plokhotniuk,1,,-4,4,-80.0,80.0,0,0,0,inter_rater
ed241630-f662-4957-b17f-1f485cf04683,C:\Users\isinu\Downloads\Telegram Desktop\7a0c087a-b6c7-42ea-bc67-63453d4cac7f\ed241630-f662-4957-b17f-1f485cf04683\video_processed.mp4,50.0,1080,1920,downswing_transition,59,1.18,,,,Ivan Syniuk,1,,C:\Users\isinu\Downloads\Telegram Desktop\7a0c087a-b6c7-42ea-bc67-63453d4cac7f\ed241630-f662-4957-b17f-1f485cf04683\video_processed.mp4,50.0,1080,1920,62,1.24,,,,Daria Plokhotniuk,1,,-3,3,-60.0,60.0,0,0,0,inter_rater
ed241630-f662-4957-b17f-1f485cf04683,C:\Users\isinu\Downloads\Telegram Desktop\7a0c087a-b6c7-42ea-bc67-63453d4cac7f\ed241630-f662-4957-b17f-1f485cf04683\video_processed.mp4,50.0,1080,1920,impact,68,1.36,,,,Ivan Syniuk,1,,C:\Users\isinu\Downloads\Telegram Desktop\7a0c087a-b6c7-42ea-bc67-63453d4cac7f\ed241630-f662-4957-b17f-1f485cf04683\video_processed.mp4,50.0,1080,1920,64,1.28,,,,Daria Plokhotniuk,1,,4,4,80.0,80.0,0,0,0,inter_rater
ba749048-28f5-497e-8d85-fcbcfedb6f8c,C:\Users\isinu\Downloads\Telegram Desktop\7a0c087a-b6c7-42ea-bc67-63453d4cac7f\ba749048-28f5-497e-8d85-fcbcfedb6f8c\video_processed.mp4,59.94005994005994,1080,1920,address,64,1.06773,,,,Ivan Syniuk,1,,C:\Users\isinu\Downloads\Telegram Desktop\7a0c087a-b6c7-42ea-bc67-63453d4cac7f\ba749048-28f5-497e-8d85-fcbcfedb6f8c\video_processed.mp4,59.94005994005994,1080,1920,62,1.03437,,,,Daria Plokhotniuk,1,,2,2,33.36666666666667,33.36666666666667,0,0,1,inter_rater
ba749048-28f5-497e-8d85-fcbcfedb6f8c,C:\Users\isinu\Downloads\Telegram Desktop\7a0c087a-b6c7-42ea-bc67-63453d4cac7f\ba749048-28f5-497e-8d85-fcbcfedb6f8c\video_processed.mp4,59.94005994005994,1080,1920,top_backswing,127,2.11878,,,,Ivan Syniuk,1,,C:\Users\isinu\Downloads\Telegram Desktop\7a0c087a-b6c7-42ea-bc67-63453d4cac7f\ba749048-28f5-497e-8d85-fcbcfedb6f8c\video_processed.mp4,59.94005994005994,1080,1920,132,2.2022,,,,Daria Plokhotniuk,1,,-5,5,-83.41666666666667,83.41666666666667,0,0,0,inter_rater
ba749048-28f5-497e-8d85-fcbcfedb6f8c,C:\Users\isinu\Downloads\Telegram Desktop\7a0c087a-b6c7-42ea-bc67-63453d4cac7f\ba749048-28f5-497e-8d85-fcbcfedb6f8c\video_processed.mp4,59.94005994005994,1080,1920,downswing_transition,130,2.16883,,,,Ivan Syniuk,1,,C:\Users\isinu\Downloads\Telegram Desktop\7a0c087a-b6c7-42ea-bc67-63453d4cac7f\ba749048-28f5-497e-8d85-fcbcfedb6f8c\video_processed.mp4,59.94005994005994,1080,1920,133,2.21888,,,,Daria Plokhotniuk,1,,-3,3,-50.05,50.05,0,0,0,inter_rater
ba749048-28f5-497e-8d85-fcbcfedb6f8c,C:\Users\isinu\Downloads\Telegram Desktop\7a0c087a-b6c7-42ea-bc67-63453d4cac7f\ba749048-28f5-497e-8d85-fcbcfedb6f8c\video_processed.mp4,59.94005994005994,1080,1920,impact,147,2.45245,,,,Ivan Syniuk,1,,C:\Users\isinu\Downloads\Telegram Desktop\7a0c087a-b6c7-42ea-bc67-63453d4cac7f\ba749048-28f5-497e-8d85-fcbcfedb6f8c\video_processed.mp4,59.94005994005994,1080,1920,147,2.45245,,,,Daria Plokhotniuk,1,,0,0,0.0,0.0,1,1,1,inter_rater
3c77a7e3-9d0f-43f4-bbfa-c142c7b24bf1,C:\Users\isinu\Downloads\Telegram Desktop\7a0c087a-b6c7-42ea-bc67-63453d4cac7f\3c77a7e3-9d0f-43f4-bbfa-c142c7b24bf1\video_processed.mp4,59.94005994005994,1080,1920,address,59,0.98432,,,,Ivan Syniuk,1,,C:\Users\isinu\Downloads\Telegram Desktop\7a0c087a-b6c7-42ea-bc67-63453d4cac7f\3c77a7e3-9d0f-43f4-bbfa-c142c7b24bf1\video_processed.mp4,59.94005994005994,1080,1920,59,0.98432,,,,Daria Plokhotniuk,1,,0,0,0.0,0.0,1,1,1,inter_rater
3c77a7e3-9d0f-43f4-bbfa-c142c7b24bf1,C:\Users\isinu\Downloads\Telegram Desktop\7a0c087a-b6c7-42ea-bc67-63453d4cac7f\3c77a7e3-9d0f-43f4-bbfa-c142c7b24bf1\video_processed.mp4,59.94005994005994,1080,1920,top_backswing,127,2.11878,,,,Ivan Syniuk,1,,C:\Users\isinu\Downloads\Telegram Desktop\7a0c087a-b6c7-42ea-bc67-63453d4cac7f\3c77a7e3-9d0f-43f4-bbfa-c142c7b24bf1\video_processed.mp4,59.94005994005994,1080,1920,126,2.1021,,,,Daria Plokhotniuk,1,,1,1,16.683333333333334,16.683333333333334,0,1,1,inter_rater
3c77a7e3-9d0f-43f4-bbfa-c142c7b24bf1,C:\Users\isinu\Downloads\Telegram Desktop\7a0c087a-b6c7-42ea-bc67-63453d4cac7f\3c77a7e3-9d0f-43f4-bbfa-c142c7b24bf1\video_processed.mp4,59.94005994005994,1080,1920,downswing_transition,130,2.16883,,,,Ivan Syniuk,1,,C:\Users\isinu\Downloads\Telegram Desktop\7a0c087a-b6c7-42ea-bc67-63453d4cac7f\3c77a7e3-9d0f-43f4-bbfa-c142c7b24bf1\video_processed.mp4,59.94005994005994,1080,1920,156,2.6026,,,,Daria Plokhotniuk,1,,-26,26,-433.76666666666665,433.76666666666665,0,0,0,inter_rater
3c77a7e3-9d0f-43f4-bbfa-c142c7b24bf1,C:\Users\isinu\Downloads\Telegram Desktop\7a0c087a-b6c7-42ea-bc67-63453d4cac7f\3c77a7e3-9d0f-43f4-bbfa-c142c7b24bf1\video_processed.mp4,59.94005994005994,1080,1920,impact,147,2.45245,,,,Ivan Syniuk,1,,C:\Users\isinu\Downloads\Telegram Desktop\7a0c087a-b6c7-42ea-bc67-63453d4cac7f\3c77a7e3-9d0f-43f4-bbfa-c142c7b24bf1\video_processed.mp4,59.94005994005994,1080,1920,157,2.61928,,,,Daria Plokhotniuk,1,,-10,10,-166.83333333333334,166.83333333333334,0,0,0,inter_rater
511a396b-aa38-4056-a980-76723ed0c05f,C:\Users\isinu\Downloads\Telegram Desktop\7a0c087a-b6c7-42ea-bc67-63453d4cac7f\511a396b-aa38-4056-a980-76723ed0c05f\video_processed.mp4,59.94005994005994,1080,1920,address,55,0.91758,,,,Ivan Syniuk,1,,C:\Users\isinu\Downloads\Telegram Desktop\7a0c087a-b6c7-42ea-bc67-63453d4cac7f\511a396b-aa38-4056-a980-76723ed0c05f\video_processed.mp4,59.94005994005994,1080,1920,57,0.95095,,,,Daria Plokhotniuk,1,,-2,2,-33.36666666666667,33.36666666666667,0,0,1,inter_rater
511a396b-aa38-4056-a980-76723ed0c05f,C:\Users\isinu\Downloads\Telegram Desktop\7a0c087a-b6c7-42ea-bc67-63453d4cac7f\511a396b-aa38-4056-a980-76723ed0c05f\video_processed.mp4,59.94005994005994,1080,1920,top_backswing,127,2.11878,,,,Ivan Syniuk,1,,C:\Users\isinu\Downloads\Telegram Desktop\7a0c087a-b6c7-42ea-bc67-63453d4cac7f\511a396b-aa38-4056-a980-76723ed0c05f\video_processed.mp4,59.94005994005994,1080,1920,133,2.21888,,,,Daria Plokhotniuk,1,,-6,6,-100.1,100.1,0,0,0,inter_rater
511a396b-aa38-4056-a980-76723ed0c05f,C:\Users\isinu\Downloads\Telegram Desktop\7a0c087a-b6c7-42ea-bc67-63453d4cac7f\511a396b-aa38-4056-a980-76723ed0c05f\video_processed.mp4,59.94005994005994,1080,1920,downswing_transition,131,2.18552,,,,Ivan Syniuk,1,,C:\Users\isinu\Downloads\Telegram Desktop\7a0c087a-b6c7-42ea-bc67-63453d4cac7f\511a396b-aa38-4056-a980-76723ed0c05f\video_processed.mp4,59.94005994005994,1080,1920,134,2.23557,,,,Daria Plokhotniuk,1,,-3,3,-50.05,50.05,0,0,0,inter_rater
511a396b-aa38-4056-a980-76723ed0c05f,C:\Users\isinu\Downloads\Telegram Desktop\7a0c087a-b6c7-42ea-bc67-63453d4cac7f\511a396b-aa38-4056-a980-76723ed0c05f\video_processed.mp4,59.94005994005994,1080,1920,impact,147,2.45245,,,,Ivan Syniuk,1,,C:\Users\isinu\Downloads\Telegram Desktop\7a0c087a-b6c7-42ea-bc67-63453d4cac7f\511a396b-aa38-4056-a980-76723ed0c05f\video_processed.mp4,59.94005994005994,1080,1920,139,2.31898,,,,Daria Plokhotniuk,1,,8,8,133.46666666666667,133.46666666666667,0,0,0,inter_rater
48c9026f-11c4-410d-82ec-f33d477d9db6,C:\Users\isinu\Downloads\Telegram Desktop\7a0c087a-b6c7-42ea-bc67-63453d4cac7f\48c9026f-11c4-410d-82ec-f33d477d9db6\video_processed.mp4,29.92924528301887,576,1024,address,38,1.26966,,,,Ivan Syniuk,1,,C:\Users\isinu\Downloads\Telegram Desktop\7a0c087a-b6c7-42ea-bc67-63453d4cac7f\48c9026f-11c4-410d-82ec-f33d477d9db6\video_processed.mp4,29.92924528301887,576,1024,31,1.03578,,,,Daria Plokhotniuk,1,,7,7,233.8849487785658,233.8849487785658,0,0,0,inter_rater
48c9026f-11c4-410d-82ec-f33d477d9db6,C:\Users\isinu\Downloads\Telegram Desktop\7a0c087a-b6c7-42ea-bc67-63453d4cac7f\48c9026f-11c4-410d-82ec-f33d477d9db6\video_processed.mp4,29.92924528301887,576,1024,top_backswing,174,5.81371,,,,Ivan Syniuk,1,,C:\Users\isinu\Downloads\Telegram Desktop\7a0c087a-b6c7-42ea-bc67-63453d4cac7f\48c9026f-11c4-410d-82ec-f33d477d9db6\video_processed.mp4,29.92924528301887,576,1024,187,6.24807,,,,Daria Plokhotniuk,1,,-13,13,-434.35776201733654,434.35776201733654,0,0,0,inter_rater
48c9026f-11c4-410d-82ec-f33d477d9db6,C:\Users\isinu\Downloads\Telegram Desktop\7a0c087a-b6c7-42ea-bc67-63453d4cac7f\48c9026f-11c4-410d-82ec-f33d477d9db6\video_processed.mp4,29.92924528301887,576,1024,downswing_transition,180,6.01418,,,,Ivan Syniuk,1,,C:\Users\isinu\Downloads\Telegram Desktop\7a0c087a-b6c7-42ea-bc67-63453d4cac7f\48c9026f-11c4-410d-82ec-f33d477d9db6\video_processed.mp4,29.92924528301887,576,1024,188,6.28148,,,,Daria Plokhotniuk,1,,-8,8,-267.29708431836093,267.29708431836093,0,0,0,inter_rater
48c9026f-11c4-410d-82ec-f33d477d9db6,C:\Users\isinu\Downloads\Telegram Desktop\7a0c087a-b6c7-42ea-bc67-63453d4cac7f\48c9026f-11c4-410d-82ec-f33d477d9db6\video_processed.mp4,29.92924528301887,576,1024,impact,238,7.95209,,,,Ivan Syniuk,1,,C:\Users\isinu\Downloads\Telegram Desktop\7a0c087a-b6c7-42ea-bc67-63453d4cac7f\48c9026f-11c4-410d-82ec-f33d477d9db6\video_processed.mp4,29.92924528301887,576,1024,234,7.81844,,,,Daria Plokhotniuk,1,,4,4,133.64854215918047,133.64854215918047,0,0,0,inter_rater
36b05de8-5e98-425f-8b72-8e505337e150,C:\Users\isinu\Downloads\Telegram Desktop\7a0c087a-b6c7-42ea-bc67-63453d4cac7f\36b05de8-5e98-425f-8b72-8e505337e150\video_processed.mp4,47.95232700693679,1080,1920,address,0,0.0,,,,Ivan Syniuk,1,,C:\Users\isinu\Downloads\Telegram Desktop\7a0c087a-b6c7-42ea-bc67-63453d4cac7f\36b05de8-5e98-425f-8b72-8e505337e150\video_processed.mp4,47.95232700693679,1080,1920,1,0.02085,,,,Ivan Syniuk,2,,-1,1,-20.854045307443368,20.854045307443368,0,1,1,intra_rater_ivan
36b05de8-5e98-425f-8b72-8e505337e150,C:\Users\isinu\Downloads\Telegram Desktop\7a0c087a-b6c7-42ea-bc67-63453d4cac7f\36b05de8-5e98-425f-8b72-8e505337e150\video_processed.mp4,47.95232700693679,1080,1920,top_backswing,54,1.12612,,,,Ivan Syniuk,1,,C:\Users\isinu\Downloads\Telegram Desktop\7a0c087a-b6c7-42ea-bc67-63453d4cac7f\36b05de8-5e98-425f-8b72-8e505337e150\video_processed.mp4,47.95232700693679,1080,1920,55,1.14697,,,,Ivan Syniuk,2,,-1,1,-20.854045307443368,20.854045307443368,0,1,1,intra_rater_ivan
36b05de8-5e98-425f-8b72-8e505337e150,C:\Users\isinu\Downloads\Telegram Desktop\7a0c087a-b6c7-42ea-bc67-63453d4cac7f\36b05de8-5e98-425f-8b72-8e505337e150\video_processed.mp4,47.95232700693679,1080,1920,downswing_transition,56,1.16783,,,,Ivan Syniuk,1,,C:\Users\isinu\Downloads\Telegram Desktop\7a0c087a-b6c7-42ea-bc67-63453d4cac7f\36b05de8-5e98-425f-8b72-8e505337e150\video_processed.mp4,47.95232700693679,1080,1920,56,1.16783,,,,Ivan Syniuk,2,,0,0,0.0,0.0,1,1,1,intra_rater_ivan
36b05de8-5e98-425f-8b72-8e505337e150,C:\Users\isinu\Downloads\Telegram Desktop\7a0c087a-b6c7-42ea-bc67-63453d4cac7f\36b05de8-5e98-425f-8b72-8e505337e150\video_processed.mp4,47.95232700693679,1080,1920,impact,73,1.52235,,,,Ivan Syniuk,1,,C:\Users\isinu\Downloads\Telegram Desktop\7a0c087a-b6c7-42ea-bc67-63453d4cac7f\36b05de8-5e98-425f-8b72-8e505337e150\video_processed.mp4,47.95232700693679,1080,1920,79,1.64747,,,,Ivan Syniuk,2,,-6,6,-125.1242718446602,125.1242718446602,0,0,0,intra_rater_ivan
81681211-21c8-4d55-9d89-095b3a80d022,C:\Users\isinu\Downloads\Telegram Desktop\7a0c087a-b6c7-42ea-bc67-63453d4cac7f\81681211-21c8-4d55-9d89-095b3a80d022\video_processed.mp4,50.0,1080,1920,address,59,1.18,,,,Ivan Syniuk,1,,C:\Users\isinu\Downloads\Telegram Desktop\7a0c087a-b6c7-42ea-bc67-63453d4cac7f\81681211-21c8-4d55-9d89-095b3a80d022\video_processed.mp4,50.0,1080,1920,57,1.14,,,,Ivan Syniuk,2,,2,2,40.0,40.0,0,0,1,intra_rater_ivan
81681211-21c8-4d55-9d89-095b3a80d022,C:\Users\isinu\Downloads\Telegram Desktop\7a0c087a-b6c7-42ea-bc67-63453d4cac7f\81681211-21c8-4d55-9d89-095b3a80d022\video_processed.mp4,50.0,1080,1920,top_backswing,415,8.3,,,,Ivan Syniuk,1,,C:\Users\isinu\Downloads\Telegram Desktop\7a0c087a-b6c7-42ea-bc67-63453d4cac7f\81681211-21c8-4d55-9d89-095b3a80d022\video_processed.mp4,50.0,1080,1920,406,8.12,,,,Ivan Syniuk,2,,9,9,180.0,180.0,0,0,0,intra_rater_ivan
81681211-21c8-4d55-9d89-095b3a80d022,C:\Users\isinu\Downloads\Telegram Desktop\7a0c087a-b6c7-42ea-bc67-63453d4cac7f\81681211-21c8-4d55-9d89-095b3a80d022\video_processed.mp4,50.0,1080,1920,downswing_transition,421,8.42,,,,Ivan Syniuk,1,,C:\Users\isinu\Downloads\Telegram Desktop\7a0c087a-b6c7-42ea-bc67-63453d4cac7f\81681211-21c8-4d55-9d89-095b3a80d022\video_processed.mp4,50.0,1080,1920,425,8.5,,,,Ivan Syniuk,2,,-4,4,-80.0,80.0,0,0,0,intra_rater_ivan
81681211-21c8-4d55-9d89-095b3a80d022,C:\Users\isinu\Downloads\Telegram Desktop\7a0c087a-b6c7-42ea-bc67-63453d4cac7f\81681211-21c8-4d55-9d89-095b3a80d022\video_processed.mp4,50.0,1080,1920,impact,535,10.7,,,,Ivan Syniuk,1,,C:\Users\isinu\Downloads\Telegram Desktop\7a0c087a-b6c7-42ea-bc67-63453d4cac7f\81681211-21c8-4d55-9d89-095b3a80d022\video_processed.mp4,50.0,1080,1920,533,10.66,,,,Ivan Syniuk,2,,2,2,40.0,40.0,0,0,1,intra_rater_ivan
2ac2bc4c-b28e-4adf-a94e-a1227f7801d9,C:\Users\isinu\Downloads\Telegram Desktop\7a0c087a-b6c7-42ea-bc67-63453d4cac7f\2ac2bc4c-b28e-4adf-a94e-a1227f7801d9\video_processed.mp4,30.0,1080,1920,address,96,3.2,,,,Ivan Syniuk,1,,C:\Users\isinu\Downloads\Telegram Desktop\7a0c087a-b6c7-42ea-bc67-63453d4cac7f\2ac2bc4c-b28e-4adf-a94e-a1227f7801d9\video_processed.mp4,30.0,1080,1920,96,3.2,,,,Ivan Syniuk,2,,0,0,0.0,0.0,1,1,1,intra_rater_ivan
2ac2bc4c-b28e-4adf-a94e-a1227f7801d9,C:\Users\isinu\Downloads\Telegram Desktop\7a0c087a-b6c7-42ea-bc67-63453d4cac7f\2ac2bc4c-b28e-4adf-a94e-a1227f7801d9\video_processed.mp4,30.0,1080,1920,top_backswing,123,4.1,,,,Ivan Syniuk,1,,C:\Users\isinu\Downloads\Telegram Desktop\7a0c087a-b6c7-42ea-bc67-63453d4cac7f\2ac2bc4c-b28e-4adf-a94e-a1227f7801d9\video_processed.mp4,30.0,1080,1920,122,4.06667,,,,Ivan Syniuk,2,,1,1,33.333333333333336,33.333333333333336,0,1,1,intra_rater_ivan
2ac2bc4c-b28e-4adf-a94e-a1227f7801d9,C:\Users\isinu\Downloads\Telegram Desktop\7a0c087a-b6c7-42ea-bc67-63453d4cac7f\2ac2bc4c-b28e-4adf-a94e-a1227f7801d9\video_processed.mp4,30.0,1080,1920,downswing_transition,125,4.16667,,,,Ivan Syniuk,1,,C:\Users\isinu\Downloads\Telegram Desktop\7a0c087a-b6c7-42ea-bc67-63453d4cac7f\2ac2bc4c-b28e-4adf-a94e-a1227f7801d9\video_processed.mp4,30.0,1080,1920,124,4.13333,,,,Ivan Syniuk,2,,1,1,33.333333333333336,33.333333333333336,0,1,1,intra_rater_ivan
2ac2bc4c-b28e-4adf-a94e-a1227f7801d9,C:\Users\isinu\Downloads\Telegram Desktop\7a0c087a-b6c7-42ea-bc67-63453d4cac7f\2ac2bc4c-b28e-4adf-a94e-a1227f7801d9\video_processed.mp4,30.0,1080,1920,impact,131,4.36667,,,,Ivan Syniuk,1,,C:\Users\isinu\Downloads\Telegram Desktop\7a0c087a-b6c7-42ea-bc67-63453d4cac7f\2ac2bc4c-b28e-4adf-a94e-a1227f7801d9\video_processed.mp4,30.0,1080,1920,129,4.3,,,,Ivan Syniuk,2,,2,2,66.66666666666667,66.66666666666667,0,0,1,intra_rater_ivan
42f8729a-ed28-45a2-bf9b-397d2d698bb0,C:\Users\isinu\Downloads\Telegram Desktop\7a0c087a-b6c7-42ea-bc67-63453d4cac7f\42f8729a-ed28-45a2-bf9b-397d2d698bb0\video_processed.mp4,50.0,1920,1080,address,1,0.02,,,,Ivan Syniuk,1,,C:\Users\isinu\Downloads\Telegram Desktop\7a0c087a-b6c7-42ea-bc67-63453d4cac7f\42f8729a-ed28-45a2-bf9b-397d2d698bb0\video_processed.mp4,50.0,1920,1080,0,0.0,,,,Ivan Syniuk,2,,1,1,20.0,20.0,0,1,1,intra_rater_ivan
42f8729a-ed28-45a2-bf9b-397d2d698bb0,C:\Users\isinu\Downloads\Telegram Desktop\7a0c087a-b6c7-42ea-bc67-63453d4cac7f\42f8729a-ed28-45a2-bf9b-397d2d698bb0\video_processed.mp4,50.0,1920,1080,top_backswing,43,0.86,,,,Ivan Syniuk,1,,C:\Users\isinu\Downloads\Telegram Desktop\7a0c087a-b6c7-42ea-bc67-63453d4cac7f\42f8729a-ed28-45a2-bf9b-397d2d698bb0\video_processed.mp4,50.0,1920,1080,41,0.82,,,,Ivan Syniuk,2,,2,2,40.0,40.0,0,0,1,intra_rater_ivan
42f8729a-ed28-45a2-bf9b-397d2d698bb0,C:\Users\isinu\Downloads\Telegram Desktop\7a0c087a-b6c7-42ea-bc67-63453d4cac7f\42f8729a-ed28-45a2-bf9b-397d2d698bb0\video_processed.mp4,50.0,1920,1080,downswing_transition,46,0.92,,,,Ivan Syniuk,1,,C:\Users\isinu\Downloads\Telegram Desktop\7a0c087a-b6c7-42ea-bc67-63453d4cac7f\42f8729a-ed28-45a2-bf9b-397d2d698bb0\video_processed.mp4,50.0,1920,1080,45,0.9,,,,Ivan Syniuk,2,,1,1,20.0,20.0,0,1,1,intra_rater_ivan
42f8729a-ed28-45a2-bf9b-397d2d698bb0,C:\Users\isinu\Downloads\Telegram Desktop\7a0c087a-b6c7-42ea-bc67-63453d4cac7f\42f8729a-ed28-45a2-bf9b-397d2d698bb0\video_processed.mp4,50.0,1920,1080,impact,58,1.16,,,,Ivan Syniuk,1,,C:\Users\isinu\Downloads\Telegram Desktop\7a0c087a-b6c7-42ea-bc67-63453d4cac7f\42f8729a-ed28-45a2-bf9b-397d2d698bb0\video_processed.mp4,50.0,1920,1080,68,1.36,,,,Ivan Syniuk,2,,-10,10,-200.0,200.0,0,0,0,intra_rater_ivan
e940142a-d4bc-4cee-a6de-828b05ab40a7,C:\Users\isinu\Downloads\Telegram Desktop\7a0c087a-b6c7-42ea-bc67-63453d4cac7f\e940142a-d4bc-4cee-a6de-828b05ab40a7\video_processed.mp4,50.0,1920,1080,address,1,0.02,,,,Ivan Syniuk,1,,C:\Users\isinu\Downloads\Telegram Desktop\7a0c087a-b6c7-42ea-bc67-63453d4cac7f\e940142a-d4bc-4cee-a6de-828b05ab40a7\video_processed.mp4,50.0,1920,1080,4,0.08,,,,Ivan Syniuk,2,,-3,3,-60.0,60.0,0,0,0,intra_rater_ivan
e940142a-d4bc-4cee-a6de-828b05ab40a7,C:\Users\isinu\Downloads\Telegram Desktop\7a0c087a-b6c7-42ea-bc67-63453d4cac7f\e940142a-d4bc-4cee-a6de-828b05ab40a7\video_processed.mp4,50.0,1920,1080,top_backswing,32,0.64,,,,Ivan Syniuk,1,,C:\Users\isinu\Downloads\Telegram Desktop\7a0c087a-b6c7-42ea-bc67-63453d4cac7f\e940142a-d4bc-4cee-a6de-828b05ab40a7\video_processed.mp4,50.0,1920,1080,38,0.76,,,,Ivan Syniuk,2,,-6,6,-120.0,120.0,0,0,0,intra_rater_ivan
e940142a-d4bc-4cee-a6de-828b05ab40a7,C:\Users\isinu\Downloads\Telegram Desktop\7a0c087a-b6c7-42ea-bc67-63453d4cac7f\e940142a-d4bc-4cee-a6de-828b05ab40a7\video_processed.mp4,50.0,1920,1080,downswing_transition,34,0.68,,,,Ivan Syniuk,1,,C:\Users\isinu\Downloads\Telegram Desktop\7a0c087a-b6c7-42ea-bc67-63453d4cac7f\e940142a-d4bc-4cee-a6de-828b05ab40a7\video_processed.mp4,50.0,1920,1080,39,0.78,,,,Ivan Syniuk,2,,-5,5,-100.0,100.0,0,0,0,intra_rater_ivan
e940142a-d4bc-4cee-a6de-828b05ab40a7,C:\Users\isinu\Downloads\Telegram Desktop\7a0c087a-b6c7-42ea-bc67-63453d4cac7f\e940142a-d4bc-4cee-a6de-828b05ab40a7\video_processed.mp4,50.0,1920,1080,impact,44,0.88,,,,Ivan Syniuk,1,,C:\Users\isinu\Downloads\Telegram Desktop\7a0c087a-b6c7-42ea-bc67-63453d4cac7f\e940142a-d4bc-4cee-a6de-828b05ab40a7\video_processed.mp4,50.0,1920,1080,46,0.92,,,,Ivan Syniuk,2,,-2,2,-40.0,40.0,0,0,1,intra_rater_ivan
f0647c16-5b92-48b6-a06a-d05d86fe8145,C:\Users\isinu\Downloads\Telegram Desktop\7a0c087a-b6c7-42ea-bc67-63453d4cac7f\f0647c16-5b92-48b6-a06a-d05d86fe8145\video_processed.mp4,50.0,1920,1080,address,9,0.18,,,,Ivan Syniuk,1,,C:\Users\isinu\Downloads\Telegram Desktop\7a0c087a-b6c7-42ea-bc67-63453d4cac7f\f0647c16-5b92-48b6-a06a-d05d86fe8145\video_processed.mp4,50.0,1920,1080,12,0.24,,,,Ivan Syniuk,2,,-3,3,-60.0,60.0,0,0,0,intra_rater_ivan
f0647c16-5b92-48b6-a06a-d05d86fe8145,C:\Users\isinu\Downloads\Telegram Desktop\7a0c087a-b6c7-42ea-bc67-63453d4cac7f\f0647c16-5b92-48b6-a06a-d05d86fe8145\video_processed.mp4,50.0,1920,1080,top_backswing,43,0.86,,,,Ivan Syniuk,1,,C:\Users\isinu\Downloads\Telegram Desktop\7a0c087a-b6c7-42ea-bc67-63453d4cac7f\f0647c16-5b92-48b6-a06a-d05d86fe8145\video_processed.mp4,50.0,1920,1080,47,0.94,,,,Ivan Syniuk,2,,-4,4,-80.0,80.0,0,0,0,intra_rater_ivan
f0647c16-5b92-48b6-a06a-d05d86fe8145,C:\Users\isinu\Downloads\Telegram Desktop\7a0c087a-b6c7-42ea-bc67-63453d4cac7f\f0647c16-5b92-48b6-a06a-d05d86fe8145\video_processed.mp4,50.0,1920,1080,downswing_transition,45,0.9,,,,Ivan Syniuk,1,,C:\Users\isinu\Downloads\Telegram Desktop\7a0c087a-b6c7-42ea-bc67-63453d4cac7f\f0647c16-5b92-48b6-a06a-d05d86fe8145\video_processed.mp4,50.0,1920,1080,48,0.96,,,,Ivan Syniuk,2,,-3,3,-60.0,60.0,0,0,0,intra_rater_ivan
f0647c16-5b92-48b6-a06a-d05d86fe8145,C:\Users\isinu\Downloads\Telegram Desktop\7a0c087a-b6c7-42ea-bc67-63453d4cac7f\f0647c16-5b92-48b6-a06a-d05d86fe8145\video_processed.mp4,50.0,1920,1080,impact,56,1.12,,,,Ivan Syniuk,1,,C:\Users\isinu\Downloads\Telegram Desktop\7a0c087a-b6c7-42ea-bc67-63453d4cac7f\f0647c16-5b92-48b6-a06a-d05d86fe8145\video_processed.mp4,50.0,1920,1080,54,1.08,,,,Ivan Syniuk,2,,2,2,40.0,40.0,0,0,1,intra_rater_ivan
7473617c-26a8-428f-9ba6-fc51dd7d2156,C:\Users\isinu\Downloads\Telegram Desktop\7a0c087a-b6c7-42ea-bc67-63453d4cac7f\7473617c-26a8-428f-9ba6-fc51dd7d2156\video_processed.mp4,50.0,1080,1920,address,1,0.02,,,,Ivan Syniuk,1,,C:\Users\isinu\Downloads\Telegram Desktop\7a0c087a-b6c7-42ea-bc67-63453d4cac7f\7473617c-26a8-428f-9ba6-fc51dd7d2156\video_processed.mp4,50.0,1080,1920,1,0.02,,,,Ivan Syniuk,2,,0,0,0.0,0.0,1,1,1,intra_rater_ivan
7473617c-26a8-428f-9ba6-fc51dd7d2156,C:\Users\isinu\Downloads\Telegram Desktop\7a0c087a-b6c7-42ea-bc67-63453d4cac7f\7473617c-26a8-428f-9ba6-fc51dd7d2156\video_processed.mp4,50.0,1080,1920,top_backswing,44,0.88,,,,Ivan Syniuk,1,,C:\Users\isinu\Downloads\Telegram Desktop\7a0c087a-b6c7-42ea-bc67-63453d4cac7f\7473617c-26a8-428f-9ba6-fc51dd7d2156\video_processed.mp4,50.0,1080,1920,39,0.78,,,,Ivan Syniuk,2,,5,5,100.0,100.0,0,0,0,intra_rater_ivan
7473617c-26a8-428f-9ba6-fc51dd7d2156,C:\Users\isinu\Downloads\Telegram Desktop\7a0c087a-b6c7-42ea-bc67-63453d4cac7f\7473617c-26a8-428f-9ba6-fc51dd7d2156\video_processed.mp4,50.0,1080,1920,downswing_transition,47,0.94,,,,Ivan Syniuk,1,,C:\Users\isinu\Downloads\Telegram Desktop\7a0c087a-b6c7-42ea-bc67-63453d4cac7f\7473617c-26a8-428f-9ba6-fc51dd7d2156\video_processed.mp4,50.0,1080,1920,40,0.8,,,,Ivan Syniuk,2,,7,7,140.0,140.0,0,0,0,intra_rater_ivan
7473617c-26a8-428f-9ba6-fc51dd7d2156,C:\Users\isinu\Downloads\Telegram Desktop\7a0c087a-b6c7-42ea-bc67-63453d4cac7f\7473617c-26a8-428f-9ba6-fc51dd7d2156\video_processed.mp4,50.0,1080,1920,impact,61,1.22,,,,Ivan Syniuk,1,,C:\Users\isinu\Downloads\Telegram Desktop\7a0c087a-b6c7-42ea-bc67-63453d4cac7f\7473617c-26a8-428f-9ba6-fc51dd7d2156\video_processed.mp4,50.0,1080,1920,62,1.24,,,,Ivan Syniuk,2,,-1,1,-20.0,20.0,0,1,1,intra_rater_ivan
dfd57aa0-581d-4580-bc43-2a329277309b,C:\Users\isinu\Downloads\Telegram Desktop\7a0c087a-b6c7-42ea-bc67-63453d4cac7f\dfd57aa0-581d-4580-bc43-2a329277309b\video_processed.mp4,30.0,720,1280,address,58,1.93333,,,,Ivan Syniuk,1,,C:\Users\isinu\Downloads\Telegram Desktop\7a0c087a-b6c7-42ea-bc67-63453d4cac7f\dfd57aa0-581d-4580-bc43-2a329277309b\video_processed.mp4,30.0,720,1280,56,1.86667,,,,Ivan Syniuk,2,,2,2,66.66666666666667,66.66666666666667,0,0,1,intra_rater_ivan
dfd57aa0-581d-4580-bc43-2a329277309b,C:\Users\isinu\Downloads\Telegram Desktop\7a0c087a-b6c7-42ea-bc67-63453d4cac7f\dfd57aa0-581d-4580-bc43-2a329277309b\video_processed.mp4,30.0,720,1280,top_backswing,149,4.96667,,,,Ivan Syniuk,1,,C:\Users\isinu\Downloads\Telegram Desktop\7a0c087a-b6c7-42ea-bc67-63453d4cac7f\dfd57aa0-581d-4580-bc43-2a329277309b\video_processed.mp4,30.0,720,1280,147,4.9,,,,Ivan Syniuk,2,,2,2,66.66666666666667,66.66666666666667,0,0,1,intra_rater_ivan
dfd57aa0-581d-4580-bc43-2a329277309b,C:\Users\isinu\Downloads\Telegram Desktop\7a0c087a-b6c7-42ea-bc67-63453d4cac7f\dfd57aa0-581d-4580-bc43-2a329277309b\video_processed.mp4,30.0,720,1280,downswing_transition,154,5.13333,,,,Ivan Syniuk,1,,C:\Users\isinu\Downloads\Telegram Desktop\7a0c087a-b6c7-42ea-bc67-63453d4cac7f\dfd57aa0-581d-4580-bc43-2a329277309b\video_processed.mp4,30.0,720,1280,160,5.33333,,,,Ivan Syniuk,2,,-6,6,-200.0,200.0,0,0,0,intra_rater_ivan
dfd57aa0-581d-4580-bc43-2a329277309b,C:\Users\isinu\Downloads\Telegram Desktop\7a0c087a-b6c7-42ea-bc67-63453d4cac7f\dfd57aa0-581d-4580-bc43-2a329277309b\video_processed.mp4,30.0,720,1280,impact,183,6.1,,,,Ivan Syniuk,1,,C:\Users\isinu\Downloads\Telegram Desktop\7a0c087a-b6c7-42ea-bc67-63453d4cac7f\dfd57aa0-581d-4580-bc43-2a329277309b\video_processed.mp4,30.0,720,1280,182,6.06667,,,,Ivan Syniuk,2,,1,1,33.333333333333336,33.333333333333336,0,1,1,intra_rater_ivan
ba749048-28f5-497e-8d85-fcbcfedb6f8c,C:\Users\isinu\Downloads\Telegram Desktop\7a0c087a-b6c7-42ea-bc67-63453d4cac7f\ba749048-28f5-497e-8d85-fcbcfedb6f8c\video_processed.mp4,59.94005994005994,1080,1920,address,64,1.06773,,,,Ivan Syniuk,1,,C:\Users\isinu\Downloads\Telegram Desktop\7a0c087a-b6c7-42ea-bc67-63453d4cac7f\ba749048-28f5-497e-8d85-fcbcfedb6f8c\video_processed.mp4,59.94005994005994,1080,1920,66,1.1011,,,,Ivan Syniuk,2,,-2,2,-33.36666666666667,33.36666666666667,0,0,1,intra_rater_ivan
ba749048-28f5-497e-8d85-fcbcfedb6f8c,C:\Users\isinu\Downloads\Telegram Desktop\7a0c087a-b6c7-42ea-bc67-63453d4cac7f\ba749048-28f5-497e-8d85-fcbcfedb6f8c\video_processed.mp4,59.94005994005994,1080,1920,top_backswing,127,2.11878,,,,Ivan Syniuk,1,,C:\Users\isinu\Downloads\Telegram Desktop\7a0c087a-b6c7-42ea-bc67-63453d4cac7f\ba749048-28f5-497e-8d85-fcbcfedb6f8c\video_processed.mp4,59.94005994005994,1080,1920,125,2.08542,,,,Ivan Syniuk,2,,2,2,33.36666666666667,33.36666666666667,0,0,1,intra_rater_ivan
ba749048-28f5-497e-8d85-fcbcfedb6f8c,C:\Users\isinu\Downloads\Telegram Desktop\7a0c087a-b6c7-42ea-bc67-63453d4cac7f\ba749048-28f5-497e-8d85-fcbcfedb6f8c\video_processed.mp4,59.94005994005994,1080,1920,downswing_transition,130,2.16883,,,,Ivan Syniuk,1,,C:\Users\isinu\Downloads\Telegram Desktop\7a0c087a-b6c7-42ea-bc67-63453d4cac7f\ba749048-28f5-497e-8d85-fcbcfedb6f8c\video_processed.mp4,59.94005994005994,1080,1920,129,2.15215,,,,Ivan Syniuk,2,,1,1,16.683333333333334,16.683333333333334,0,1,1,intra_rater_ivan
ba749048-28f5-497e-8d85-fcbcfedb6f8c,C:\Users\isinu\Downloads\Telegram Desktop\7a0c087a-b6c7-42ea-bc67-63453d4cac7f\ba749048-28f5-497e-8d85-fcbcfedb6f8c\video_processed.mp4,59.94005994005994,1080,1920,impact,147,2.45245,,,,Ivan Syniuk,1,,C:\Users\isinu\Downloads\Telegram Desktop\7a0c087a-b6c7-42ea-bc67-63453d4cac7f\ba749048-28f5-497e-8d85-fcbcfedb6f8c\video_processed.mp4,59.94005994005994,1080,1920,142,2.36903,,,,Ivan Syniuk,2,,5,5,83.41666666666667,83.41666666666667,0,0,0,intra_rater_ivan
48c9026f-11c4-410d-82ec-f33d477d9db6,C:\Users\isinu\Downloads\Telegram Desktop\7a0c087a-b6c7-42ea-bc67-63453d4cac7f\48c9026f-11c4-410d-82ec-f33d477d9db6\video_processed.mp4,29.92924528301887,576,1024,address,38,1.26966,,,,Ivan Syniuk,1,,C:\Users\isinu\Downloads\Telegram Desktop\7a0c087a-b6c7-42ea-bc67-63453d4cac7f\48c9026f-11c4-410d-82ec-f33d477d9db6\video_processed.mp4,29.92924528301887,576,1024,38,1.26966,,,,Ivan Syniuk,2,,0,0,0.0,0.0,1,1,1,intra_rater_ivan
48c9026f-11c4-410d-82ec-f33d477d9db6,C:\Users\isinu\Downloads\Telegram Desktop\7a0c087a-b6c7-42ea-bc67-63453d4cac7f\48c9026f-11c4-410d-82ec-f33d477d9db6\video_processed.mp4,29.92924528301887,576,1024,top_backswing,174,5.81371,,,,Ivan Syniuk,1,,C:\Users\isinu\Downloads\Telegram Desktop\7a0c087a-b6c7-42ea-bc67-63453d4cac7f\48c9026f-11c4-410d-82ec-f33d477d9db6\video_processed.mp4,29.92924528301887,576,1024,178,5.94736,,,,Ivan Syniuk,2,,-4,4,-133.64854215918047,133.64854215918047,0,0,0,intra_rater_ivan
48c9026f-11c4-410d-82ec-f33d477d9db6,C:\Users\isinu\Downloads\Telegram Desktop\7a0c087a-b6c7-42ea-bc67-63453d4cac7f\48c9026f-11c4-410d-82ec-f33d477d9db6\video_processed.mp4,29.92924528301887,576,1024,downswing_transition,180,6.01418,,,,Ivan Syniuk,1,,C:\Users\isinu\Downloads\Telegram Desktop\7a0c087a-b6c7-42ea-bc67-63453d4cac7f\48c9026f-11c4-410d-82ec-f33d477d9db6\video_processed.mp4,29.92924528301887,576,1024,180,6.01418,,,,Ivan Syniuk,2,,0,0,0.0,0.0,1,1,1,intra_rater_ivan
48c9026f-11c4-410d-82ec-f33d477d9db6,C:\Users\isinu\Downloads\Telegram Desktop\7a0c087a-b6c7-42ea-bc67-63453d4cac7f\48c9026f-11c4-410d-82ec-f33d477d9db6\video_processed.mp4,29.92924528301887,576,1024,impact,238,7.95209,,,,Ivan Syniuk,1,,C:\Users\isinu\Downloads\Telegram Desktop\7a0c087a-b6c7-42ea-bc67-63453d4cac7f\48c9026f-11c4-410d-82ec-f33d477d9db6\video_processed.mp4,29.92924528301887,576,1024,249,8.31962,,,,Ivan Syniuk,2,,-11,11,-367.53349093774625,367.53349093774625,0,0,0,intra_rater_ivan
