comparison,session_id,reference_frame,phase_label,x_a,y_a,x_b,y_b,pixel_distance,pct_image_diagonal,over_10px,over_25px,over_50px
inter_rater,36b05de8-5e98-425f-8b72-8e505337e150,1,backswing,989.0,1685.0,988.0,1595.0,90.00555538409837,4.085762514483797,1,1,1
inter_rater,36b05de8-5e98-425f-8b72-8e505337e150,61,downswing,269.0,955.0,247.0,959.0,22.360679774997898,1.0150532023627,1,0,0
inter_rater,36b05de8-5e98-425f-8b72-8e505337e150,69,downswing,984.0,1672.0,1079.0,1795.0,155.4155719353759,7.055021384744494,1,1,1
inter_rater,36b05de8-5e98-425f-8b72-8e505337e150,73,impact_region,979.0,1669.0,1003.0,1707.0,44.94441010848846,2.0402316865131174,1,1,0
inter_rater,36b05de8-5e98-425f-8b72-8e505337e150,80,follow_through,227.0,739.0,383.0,640.0,184.76200908195386,8.387189963844522,1,1,1
inter_rater,36b05de8-5e98-425f-8b72-8e505337e150,83,follow_through,464.0,784.0,457.0,831.0,47.51841748206689,2.15707761667922,1,1,0
inter_rater,82f22494-5871-41de-aebc-9d2012ce6571,1,backswing,296.0,897.0,291.0,857.0,40.311288741492746,3.252535363718252,1,1,0
inter_rater,82f22494-5871-41de-aebc-9d2012ce6571,21,backswing,15.0,110.0,0.0,176.0,67.68308503607086,5.46104167041369,1,1,1
inter_rater,82f22494-5871-41de-aebc-9d2012ce6571,27,downswing,68.0,123.0,172.0,44.0,130.60245020672468,10.537720354457068,1,1,1
inter_rater,82f22494-5871-41de-aebc-9d2012ce6571,32,impact_region,87.0,854.0,132.0,835.0,48.84669896727925,3.9412189674909497,1,1,0
inter_rater,82f22494-5871-41de-aebc-9d2012ce6571,34,impact_region,502.0,735.0,380.0,743.0,122.2620137246234,9.864768299243867,1,1,1
inter_rater,82f22494-5871-41de-aebc-9d2012ce6571,36,follow_through,513.0,444.0,486.0,359.0,89.1852005660132,7.195950013443337,1,1,1
inter_rater,c638dd17-dbb3-4068-bb40-957442fe9ec9,33,backswing,572.0,1020.0,521.0,1043.0,55.94640292279746,3.8094934513768477,1,1,1
inter_rater,c638dd17-dbb3-4068-bb40-957442fe9ec9,134,backswing,427.0,635.0,475.0,697.0,78.40918313565064,5.339025461480613,1,1,1
inter_rater,c638dd17-dbb3-4068-bb40-957442fe9ec9,151,backswing,400.0,558.0,406.0,659.0,101.17806086301516,6.889400214211154,1,1,1
inter_rater,c638dd17-dbb3-4068-bb40-957442fe9ec9,225,downswing,347.0,492.0,385.0,559.0,77.02596964660685,5.244839911506297,1,1,1
inter_rater,c638dd17-dbb3-4068-bb40-957442fe9ec9,277,downswing,491.0,802.0,599.0,719.0,136.20939761998804,9.274748350941591,1,1,1
inter_rater,c638dd17-dbb3-4068-bb40-957442fe9ec9,323,follow_through,352.0,693.0,282.0,752.0,91.54780172128658,6.2336581607657875,1,1,1
inter_rater,81681211-21c8-4d55-9d89-095b3a80d022,59,backswing,845.0,1557.0,874.0,1574.0,33.61547262794322,1.5259595630934997,1,1,0
inter_rater,81681211-21c8-4d55-9d89-095b3a80d022,273,backswing,195.0,539.0,280.0,505.0,91.54780172128658,4.155772107177192,1,1,1
inter_rater,81681211-21c8-4d55-9d89-095b3a80d022,502,downswing,256.0,664.0,257.0,836.0,172.00290695217916,7.807996146553616,1,1,1
inter_rater,81681211-21c8-4d55-9d89-095b3a80d022,522,downswing,725.0,1448.0,676.0,1373.0,89.58794561770016,4.066805303209996,1,1,1
inter_rater,81681211-21c8-4d55-9d89-095b3a80d022,547,follow_through,736.0,1392.0,769.0,1513.0,125.41929676090518,5.693353694800478,1,1,1
inter_rater,81681211-21c8-4d55-9d89-095b3a80d022,562,follow_through,595.0,1157.0,609.0,1127.0,33.1058907144937,1.502827316743306,1,1,0
inter_rater,2850af90-f8fc-4050-a178-b659098e69df,33,backswing,384.0,642.0,396.0,694.0,53.36665625650534,4.305913855317042,1,1,1
inter_rater,2850af90-f8fc-4050-a178-b659098e69df,44,backswing,51.0,416.0,27.0,476.0,64.62197768561404,5.2140547786438285,1,1,1
inter_rater,2850af90-f8fc-4050-a178-b659098e69df,52,backswing,153.0,408.0,272.0,283.0,172.58621034138272,13.925199862133637,1,1,1
inter_rater,2850af90-f8fc-4050-a178-b659098e69df,56,downswing,90.0,364.0,46.0,383.0,47.92702786528704,3.867014870435117,1,1,0
inter_rater,2850af90-f8fc-4050-a178-b659098e69df,59,impact_region,387.0,651.0,336.0,564.0,100.84641788382967,8.13684083818052,1,1,1
inter_rater,2850af90-f8fc-4050-a178-b659098e69df,63,follow_through,140.0,381.0,94.0,397.0,48.703182647543684,3.929639285476711,1,1,0
inter_rater,2ac2bc4c-b28e-4adf-a94e-a1227f7801d9,100,backswing,893.0,1864.0,916.0,1883.0,29.832867780352597,1.354249883313879,1,1,0
inter_rater,2ac2bc4c-b28e-4adf-a94e-a1227f7801d9,107,backswing,379.0,1491.0,333.0,1505.0,48.08326112068523,2.1827184446854786,1,1,0
inter_rater,2ac2bc4c-b28e-4adf-a94e-a1227f7801d9,122,backswing,264.0,853.0,184.0,1007.0,173.5396208362805,7.877754595977699,1,1,1
inter_rater,2ac2bc4c-b28e-4adf-a94e-a1227f7801d9,123,backswing,301.0,896.0,323.0,868.0,35.608987629529715,1.6164542978994163,1,1,0
inter_rater,2ac2bc4c-b28e-4adf-a94e-a1227f7801d9,132,impact_region,723.0,1472.0,625.0,1668.0,219.1346617949794,9.94752138315446,1,1,1
inter_rater,2ac2bc4c-b28e-4adf-a94e-a1227f7801d9,134,follow_through,75.0,597.0,12.0,586.0,63.953107821277925,2.9031231406309645,1,1,1
inter_rater,32fec03e-0046-4581-885b-ef0d7f174e53,71,backswing,532.0,871.0,514.0,826.0,48.46648326421054,3.3001719674642405,1,1,0
inter_rater,32fec03e-0046-4581-885b-ef0d7f174e53,82,backswing,229.0,551.0,191.0,467.0,92.19544457292888,6.277757353444304,1,1,1
inter_rater,32fec03e-0046-4581-885b-ef0d7f174e53,89,backswing,245.0,68.0,275.0,234.0,168.68906307167634,11.486348496385412,1,1,1
inter_rater,32fec03e-0046-4581-885b-ef0d7f174e53,95,impact_region,87.0,308.0,115.0,305.0,28.160255680657446,1.9174835914401291,1,1,0
inter_rater,32fec03e-0046-4581-885b-ef0d7f174e53,97,impact_region,503.0,914.0,507.0,1023.0,109.07336980216573,7.427006318070873,1,1,1
inter_rater,32fec03e-0046-4581-885b-ef0d7f174e53,99,impact_region,478.0,574.0,469.0,593.0,21.02379604162864,1.4315489318265198,1,0,0
inter_rater,3d47c3b9-21d9-4794-995d-52804115fb8b,1,backswing,1197.0,903.0,1169.0,978.0,80.05623023850174,3.6341172849108716,1,1,1
inter_rater,3d47c3b9-21d9-4794-995d-52804115fb8b,17,backswing,496.0,81.0,523.0,100.0,33.015148038438355,1.4987080929608552,1,1,0
inter_rater,3d47c3b9-21d9-4794-995d-52804115fb8b,26,backswing,688.0,200.0,784.0,55.0,173.89939620366712,7.8940864402003115,1,1,1
inter_rater,3d47c3b9-21d9-4794-995d-52804115fb8b,36,impact_region,880.0,730.0,904.0,741.0,26.40075756488817,1.1984507528704385,1,1,0
inter_rater,3d47c3b9-21d9-4794-995d-52804115fb8b,37,impact_region,1197.0,948.0,1117.0,1052.0,131.20975573485381,5.956209027634694,1,1,1
inter_rater,3d47c3b9-21d9-4794-995d-52804115fb8b,40,follow_through,1008.0,576.0,941.0,633.0,87.96590248499699,3.993173370156613,1,1,1
inter_rater,42f8729a-ed28-45a2-bf9b-397d2d698bb0,1,backswing,1287.0,933.0,1260.0,987.0,60.37383539249432,2.7406436463792896,1,1,1
inter_rater,42f8729a-ed28-45a2-bf9b-397d2d698bb0,24,backswing,645.0,320.0,686.0,308.0,42.720018726587654,1.9392564201873144,1,1,0
inter_rater,42f8729a-ed28-45a2-bf9b-397d2d698bb0,43,backswing,864.0,381.0,816.0,250.0,139.51702405083043,6.333313811204229,1,1,1
inter_rater,42f8729a-ed28-45a2-bf9b-397d2d698bb0,46,downswing,876.0,393.0,869.0,418.0,25.96150997149434,1.1785113019775795,1,1,0
inter_rater,42f8729a-ed28-45a2-bf9b-397d2d698bb0,58,impact_region,1310.0,932.0,1145.0,1047.0,201.12185361118767,9.129837895242494,1,1,1
inter_rater,42f8729a-ed28-45a2-bf9b-397d2d698bb0,63,follow_through,878.0,358.0,842.0,368.0,37.36308338453881,1.6960807015369135,1,1,0
inter_rater,b95e3543-d28d-49db-be02-bbee7efb8425,0,backswing,1317.0,975.0,1305.0,944.0,33.24154027718932,1.50898506885097,1,1,0
inter_rater,b95e3543-d28d-49db-be02-bbee7efb8425,14,backswing,723.0,198.0,716.0,155.0,43.56604182158393,1.9776612656790413,1,1,0
inter_rater,b95e3543-d28d-49db-be02-bbee7efb8425,27,downswing,786.0,48.0,818.0,0.0,57.688820407423826,2.6187585746188584,1,1,1
inter_rater,b95e3543-d28d-49db-be02-bbee7efb8425,35,downswing,864.0,592.0,840.0,574.0,30.0,1.3618367767571082,1,1,0
inter_rater,b95e3543-d28d-49db-be02-bbee7efb8425,38,impact_region,1314.0,975.0,1329.0,876.0,100.12991560967181,4.545353384361224,1,1,1
inter_rater,b95e3543-d28d-49db-be02-bbee7efb8425,41,follow_through,837.0,300.0,865.0,267.0,43.278170016764804,1.9645934519859036,1,1,0
inter_rater,e7490da1-a2fa-4e53-ab66-4e9927d0b4d3,0,backswing,960.0,1483.0,999.0,1463.0,43.829214001622255,1.989607850792226,1,1,0
inter_rater,e7490da1-a2fa-4e53-ab66-4e9927d0b4d3,17,backswing,51.0,464.0,69.0,390.0,76.15773105863909,3.457146633001059,1,1,1
inter_rater,e7490da1-a2fa-4e53-ab66-4e9927d0b4d3,32,downswing,387.0,595.0,306.0,680.0,117.41379816699569,5.329947614751703,1,1,1
inter_rater,e7490da1-a2fa-4e53-ab66-4e9927d0b4d3,39,downswing,88.0,635.0,110.0,634.0,22.02271554554524,0.9997114651327996,1,0,0
inter_rater,e7490da1-a2fa-4e53-ab66-4e9927d0b4d3,43,impact_region,872.0,1331.0,956.0,1286.0,95.29428104561154,4.325841884751387,1,1,1
inter_rater,e7490da1-a2fa-4e53-ab66-4e9927d0b4d3,47,follow_through,189.0,469.0,220.0,534.0,72.01388754955533,3.269038683407843,1,1,1
inter_rater,e940142a-d4bc-4cee-a6de-828b05ab40a7,1,backswing,789.0,988.0,700.0,1020.0,94.57801012920498,4.293327082215255,1,1,1
inter_rater,e940142a-d4bc-4cee-a6de-828b05ab40a7,25,backswing,1252.0,186.0,1245.0,140.0,46.52956049652737,2.1121888896838565,1,1,0
inter_rater,e940142a-d4bc-4cee-a6de-828b05ab40a7,34,downswing,1028.0,393.0,958.0,300.0,116.40017182117903,5.283934493564268,1,1,1
inter_rater,e940142a-d4bc-4cee-a6de-828b05ab40a7,39,downswing,1142.0,270.0,1149.0,229.0,41.593268686170845,1.8881080987455754,1,1,0
inter_rater,e940142a-d4bc-4cee-a6de-828b05ab40a7,43,impact_region,792.0,988.0,708.0,1079.0,123.84264209067892,5.621782150995146,1,1,1
inter_rater,e940142a-d4bc-4cee-a6de-828b05ab40a7,49,follow_through,1126.0,330.0,1088.0,268.0,72.71863585079137,3.3010304219071873,1,1,1
inter_rater,eb859af6-2991-42e4-9345-05d3baf63c6e,2,backswing,624.0,1052.0,711.0,1085.0,93.04837451562494,6.335834921642347,1,1,1
inter_rater,eb859af6-2991-42e4-9345-05d3baf63c6e,111,backswing,12.0,164.0,96.0,136.0,88.54377448471462,6.029108422308601,1,1,1
inter_rater,eb859af6-2991-42e4-9345-05d3baf63c6e,170,downswing,87.0,324.0,134.0,413.0,100.64790112068906,6.853300662478366,1,1,1
inter_rater,eb859af6-2991-42e4-9345-05d3baf63c6e,229,downswing,391.0,777.0,344.0,858.0,93.64827814754524,6.376683463065307,1,1,1
inter_rater,eb859af6-2991-42e4-9345-05d3baf63c6e,247,follow_through,485.0,942.0,628.0,854.0,167.90771274721124,11.433144916016028,1,1,1
inter_rater,eb859af6-2991-42e4-9345-05d3baf63c6e,265,follow_through,101.0,402.0,128.0,442.0,48.25971404805462,3.286092671321122,1,1,0
inter_rater,f0647c16-5b92-48b6-a06a-d05d86fe8145,9,backswing,1202.0,1028.0,1149.0,1071.0,68.24954212300622,3.0981578819981093,1,1,1
inter_rater,f0647c16-5b92-48b6-a06a-d05d86fe8145,35,backswing,838.0,99.0,749.0,128.0,93.60555539069249,4.249182927993987,1,1,1
inter_rater,f0647c16-5b92-48b6-a06a-d05d86fe8145,45,downswing,820.0,63.0,843.0,185.0,124.1491039033307,5.63569384989984,1,1,1
inter_rater,f0647c16-5b92-48b6-a06a-d05d86fe8145,54,impact_region,1158.0,982.0,1193.0,1062.0,87.32124598286491,3.9639094723906445,1,1,1
inter_rater,f0647c16-5b92-48b6-a06a-d05d86fe8145,58,impact_region,1004.0,648.0,966.0,770.0,127.7810627597063,5.800565021309207,1,1,1
inter_rater,f0647c16-5b92-48b6-a06a-d05d86fe8145,63,follow_through,723.0,27.0,718.0,58.0,31.400636936215164,1.425418073111182,1,1,0
inter_rater,57660e2f-8425-445f-bca0-17c6e557f1b0,27,backswing,567.0,1012.0,600.0,1025.0,35.4682957019364,2.415101474789653,1,1,0
inter_rater,57660e2f-8425-445f-bca0-17c6e557f1b0,113,backswing,80.0,443.0,54.0,405.0,46.04345773288535,3.135183703485237,1,1,0
inter_rater,57660e2f-8425-445f-bca0-17c6e557f1b0,213,downswing,142.0,256.0,0.0,209.0,149.57606760441325,10.184909489319873,1,1,1
inter_rater,57660e2f-8425-445f-bca0-17c6e557f1b0,233,downswing,418.0,880.0,504.0,891.0,86.70063436907483,5.903605622598871,1,1,1
inter_rater,57660e2f-8425-445f-bca0-17c6e557f1b0,265,follow_through,236.0,325.0,342.0,320.0,106.1178590059185,7.225760153249266,1,1,1
inter_rater,57660e2f-8425-445f-bca0-17c6e557f1b0,285,follow_through,84.0,11.0,9.0,0.0,75.8023746329889,5.16152307703622,1,1,1
inter_rater,332a7a76-cfa3-449e-9150-f93050fed050,8,backswing,1262.0,1002.0,1266.0,936.0,66.12110101926616,3.0015382362569527,1,1,1
inter_rater,332a7a76-cfa3-449e-9150-f93050fed050,43,backswing,580.0,159.0,596.0,183.0,28.844410203711913,1.3093792873094292,1,1,0
inter_rater,332a7a76-cfa3-449e-9150-f93050fed050,53,downswing,693.0,320.0,588.0,199.0,160.20611723651504,7.272486077138235,1,1,1
inter_rater,332a7a76-cfa3-449e-9150-f93050fed050,62,impact_region,1251.0,1005.0,1314.0,1027.0,66.73080248281148,3.0292153654535743,1,1,1
inter_rater,332a7a76-cfa3-449e-9150-f93050fed050,67,follow_through,912.0,572.0,1070.0,491.0,177.55280904564702,8.059931505829809,1,1,1
inter_rater,332a7a76-cfa3-449e-9150-f93050fed050,69,follow_through,525.0,70.0,494.0,2.0,74.73285756613352,3.3924651288570447,1,1,1
inter_rater,7473617c-26a8-428f-9ba6-fc51dd7d2156,1,backswing,917.0,1611.0,863.0,1573.0,66.03029607687671,2.9974161859217103,1,1,1
inter_rater,7473617c-26a8-428f-9ba6-fc51dd7d2156,26,backswing,280.0,312.0,234.0,360.0,66.48308055437865,3.01797013770194,1,1,1
inter_rater,7473617c-26a8-428f-9ba6-fc51dd7d2156,47,downswing,299.0,147.0,426.0,42.0,164.78470802838473,7.480329188007889,1,1,1
inter_rater,7473617c-26a8-428f-9ba6-fc51dd7d2156,59,impact_region,848.0,1520.0,771.0,1542.0,80.0812087820857,3.635251174886954,1,1,1
inter_rater,7473617c-26a8-428f-9ba6-fc51dd7d2156,63,impact_region,573.0,1115.0,470.0,1031.0,132.90974381135493,6.0333792370556205,1,1,1
inter_rater,7473617c-26a8-428f-9ba6-fc51dd7d2156,67,follow_through,51.0,325.0,64.0,372.0,48.76474136094644,2.2136539398128448,1,1,0
inter_rater,7f7bf52f-1a8f-4c38-8d68-41b634af50ab,3,backswing,1246.0,912.0,1290.0,976.0,77.6659513557904,3.5256116286047985,1,1,1
inter_rater,7f7bf52f-1a8f-4c38-8d68-41b634af50ab,26,backswing,638.0,147.0,679.0,116.0,51.40038910358559,2.3332980073629392,1,1,1
inter_rater,7f7bf52f-1a8f-4c38-8d68-41b634af50ab,36,downswing,777.0,303.0,901.0,250.0,134.8517704741024,6.1215366814147005,1,1,1
inter_rater,7f7bf52f-1a8f-4c38-8d68-41b634af50ab,43,impact_region,741.0,672.0,712.0,655.0,33.61547262794322,1.5259595630934997,1,1,0
inter_rater,7f7bf52f-1a8f-4c38-8d68-41b634af50ab,45,impact_region,1204.0,960.0,1246.0,845.0,122.42957159118053,5.557636438516231,1,1,1
inter_rater,7f7bf52f-1a8f-4c38-8d68-41b634af50ab,50,follow_through,501.0,21.0,542.0,14.0,41.593268686170845,1.8881080987455754,1,1,0
inter_rater,82b83897-42aa-447f-82ea-5e471706e7c5,3,backswing,904.0,1509.0,933.0,1476.0,43.93176527297759,1.9942631205533887,1,1,0
inter_rater,82b83897-42aa-447f-82ea-5e471706e7c5,27,backswing,45.0,61.0,0.0,24.0,58.25804665451803,2.6445983492051357,1,1,1
inter_rater,82b83897-42aa-447f-82ea-5e471706e7c5,41,downswing,293.0,323.0,125.0,254.0,181.61773041198373,8.244456819539911,1,1,1
inter_rater,82b83897-42aa-447f-82ea-5e471706e7c5,50,impact_region,672.0,1288.0,647.0,1282.0,25.709920264364882,1.167090498116831,1,1,0
inter_rater,82b83897-42aa-447f-82ea-5e471706e7c5,53,impact_region,816.0,1339.0,996.0,1423.0,198.63534428696218,9.016963900459835,1,1,1
inter_rater,82b83897-42aa-447f-82ea-5e471706e7c5,57,follow_through,208.0,445.0,281.0,413.0,79.7057087039567,3.618205514351246,1,1,1
inter_rater,dfd57aa0-581d-4580-bc43-2a329277309b,58,backswing,587.0,1092.0,593.0,1046.0,46.389654018972806,3.1587568452037678,1,1,0
inter_rater,dfd57aa0-581d-4580-bc43-2a329277309b,110,backswing,233.0,533.0,204.0,468.0,71.17583859709698,4.846493730902736,1,1,1
inter_rater,dfd57aa0-581d-4580-bc43-2a329277309b,154,downswing,219.0,306.0,267.0,426.0,129.24395537122808,8.800458579904639,1,1,1
inter_rater,dfd57aa0-581d-4580-bc43-2a329277309b,179,downswing,501.0,889.0,548.0,848.0,62.369864518050704,4.246878763101985,1,1,1
inter_rater,dfd57aa0-581d-4580-bc43-2a329277309b,187,follow_through,471.0,946.0,606.0,1119.0,219.44019686465833,14.942086519455579,1,1,1
inter_rater,dfd57aa0-581d-4580-bc43-2a329277309b,197,follow_through,192.0,398.0,234.0,435.0,55.97320787662612,3.8113186499730047,1,1,1
inter_rater,ed241630-f662-4957-b17f-1f485cf04683,1,backswing,864.0,1608.0,927.0,1658.0,80.43009387039157,3.651088659690857,1,1,1
inter_rater,ed241630-f662-4957-b17f-1f485cf04683,33,backswing,523.0,1149.0,474.0,1151.0,49.040799340956916,2.2261854701360297,1,1,0
inter_rater,ed241630-f662-4957-b17f-1f485cf04683,55,backswing,293.0,656.0,183.0,494.0,195.816240388789,8.888991921592117,1,1,1
inter_rater,ed241630-f662-4957-b17f-1f485cf04683,67,impact_region,701.0,1421.0,636.0,1432.0,65.92419889539804,2.992599951133446,1,1,1
inter_rater,ed241630-f662-4957-b17f-1f485cf04683,68,impact_region,893.0,1589.0,862.0,1471.0,122.00409829181969,5.538322265629637,1,1,1
inter_rater,ed241630-f662-4957-b17f-1f485cf04683,73,follow_through,155.0,635.0,184.0,620.0,32.64965543462902,1.482116717310846,1,1,0
inter_rater,ba749048-28f5-497e-8d85-fcbcfedb6f8c,64,backswing,563.0,1656.0,492.0,1620.0,79.60527620704548,3.6136464254220715,1,1,1
inter_rater,ba749048-28f5-497e-8d85-fcbcfedb6f8c,116,backswing,525.0,648.0,527.0,627.0,21.095023109728988,0.9575992759123344,1,0,0
inter_rater,ba749048-28f5-497e-8d85-fcbcfedb6f8c,143,downswing,53.0,1008.0,205.0,1057.0,159.70284906663375,7.249640440394383,1,1,1
inter_rater,ba749048-28f5-497e-8d85-fcbcfedb6f8c,147,impact_region,672.0,1621.0,762.0,1633.0,90.79647570252934,4.121665993721255,1,1,1
inter_rater,ba749048-28f5-497e-8d85-fcbcfedb6f8c,159,follow_through,1003.0,584.0,1071.0,386.0,209.35137926462295,9.503413584912968,1,1,1
inter_rater,ba749048-28f5-497e-8d85-fcbcfedb6f8c,173,follow_through,528.0,360.0,593.0,369.0,65.62011886609167,2.9787963722338864,1,1,1
inter_rater,3c77a7e3-9d0f-43f4-bbfa-c142c7b24bf1,59,backswing,541.0,1627.0,505.0,1714.0,94.15412895885129,4.274085183323171,1,1,1
inter_rater,3c77a7e3-9d0f-43f4-bbfa-c142c7b24bf1,90,backswing,40.0,1221.0,39.0,1200.0,21.02379604162864,0.9543659545510133,1,0,0
inter_rater,3c77a7e3-9d0f-43f4-bbfa-c142c7b24bf1,127,backswing,664.0,659.0,728.0,581.0,100.89598604503551,4.5801288141100445,1,1,1
inter_rater,3c77a7e3-9d0f-43f4-bbfa-c142c7b24bf1,145,impact_region,203.0,1512.0,174.0,1512.0,29.0,1.3164422175318713,1,1,0
inter_rater,3c77a7e3-9d0f-43f4-bbfa-c142c7b24bf1,148,impact_region,811.0,1576.0,788.0,1683.0,109.4440496326776,4.968164392900355,1,1,1
inter_rater,3c77a7e3-9d0f-43f4-bbfa-c142c7b24bf1,160,follow_through,859.0,539.0,810.0,537.0,49.040799340956916,2.2261854701360297,1,1,0
inter_rater,511a396b-aa38-4056-a980-76723ed0c05f,66,backswing,469.0,1648.0,447.0,1722.0,77.20103626247513,3.504507012866592,1,1,1
inter_rater,511a396b-aa38-4056-a980-76723ed0c05f,86,backswing,101.0,1347.0,89.0,1301.0,47.53945729601885,2.1580327097597505,1,1,0
inter_rater,511a396b-aa38-4056-a980-76723ed0c05f,116,backswing,477.0,664.0,335.0,512.0,208.00961516237658,9.442504794907247,1,1,1
inter_rater,511a396b-aa38-4056-a980-76723ed0c05f,131,downswing,653.0,661.0,688.0,718.0,66.88796603276258,3.036349735529878,1,1,1
inter_rater,511a396b-aa38-4056-a980-76723ed0c05f,150,follow_through,1056.0,1256.0,1079.0,1102.0,155.7080601638849,7.068298758956231,1,1,1
inter_rater,511a396b-aa38-4056-a980-76723ed0c05f,158,follow_through,856.0,539.0,897.0,466.0,83.72574275573791,3.800693188202298,1,1,1
inter_rater,48c9026f-11c4-410d-82ec-f33d477d9db6,38,backswing,538.0,893.0,575.0,951.0,68.79680225126747,5.855625964316391,1,1,1
inter_rater,48c9026f-11c4-410d-82ec-f33d477d9db6,98,backswing,387.0,754.0,380.0,807.0,53.46026561849464,4.55025973840435,1,1,1
inter_rater,48c9026f-11c4-410d-82ec-f33d477d9db6,174,backswing,92.0,105.0,141.0,0.0,115.87061750072795,9.862304266127946,1,1,1
inter_rater,48c9026f-11c4-410d-82ec-f33d477d9db6,180,downswing,88.0,121.0,116.0,43.0,82.87339742040264,7.0537525263694985,1,1,1
inter_rater,48c9026f-11c4-410d-82ec-f33d477d9db6,233,downswing,475.0,870.0,360.0,926.0,127.91012469699183,10.887044495746945,1,1,1
inter_rater,48c9026f-11c4-410d-82ec-f33d477d9db6,249,follow_through,353.0,670.0,396.0,732.0,75.45197147855052,6.422079352394906,1,1,1
intra_rater_ivan,36b05de8-5e98-425f-8b72-8e505337e150,1,backswing,989.0,1685.0,921.0,1725.0,78.89233169326408,3.581282623466914,1,1,1
intra_rater_ivan,36b05de8-5e98-425f-8b72-8e505337e150,61,downswing,269.0,955.0,324.0,975.0,58.52349955359813,2.6566484665539383,1,1,1
intra_rater_ivan,36b05de8-5e98-425f-8b72-8e505337e150,69,downswing,984.0,1672.0,838.0,1809.0,200.21238722916223,9.088553069700277,1,1,1
intra_rater_ivan,36b05de8-5e98-425f-8b72-8e505337e150,73,impact_region,979.0,1669.0,977.0,1615.0,54.037024344425184,2.4529869019585795,1,1,1
intra_rater_ivan,36b05de8-5e98-425f-8b72-8e505337e150,80,follow_through,227.0,739.0,106.0,879.0,185.04323819042943,8.399956235265076,1,1,1
intra_rater_ivan,36b05de8-5e98-425f-8b72-8e505337e150,83,follow_through,464.0,784.0,433.0,762.0,38.01315561749642,1.7255904440165897,1,1,0
intra_rater_ivan,81681211-21c8-4d55-9d89-095b3a80d022,59,backswing,845.0,1557.0,841.0,1494.0,63.12685640834652,2.8656158219317143,1,1,1
intra_rater_ivan,81681211-21c8-4d55-9d89-095b3a80d022,273,backswing,195.0,539.0,138.0,497.0,70.80254232723568,3.214050200971046,1,1,1
intra_rater_ivan,81681211-21c8-4d55-9d89-095b3a80d022,502,downswing,256.0,664.0,396.0,556.0,176.81628884240274,8.026497495843055,1,1,1
intra_rater_ivan,81681211-21c8-4d55-9d89-095b3a80d022,522,downswing,725.0,1448.0,714.0,1471.0,25.495097567963924,1.1573387165021327,1,1,0
intra_rater_ivan,81681211-21c8-4d55-9d89-095b3a80d022,547,follow_through,736.0,1392.0,870.0,1318.0,153.07514494521962,6.948778733127501,1,1,1
intra_rater_ivan,81681211-21c8-4d55-9d89-095b3a80d022,562,follow_through,595.0,1157.0,546.0,1167.0,50.00999900019995,2.270181861468617,1,1,1
intra_rater_ivan,2ac2bc4c-b28e-4adf-a94e-a1227f7801d9,100,backswing,893.0,1864.0,884.0,1810.0,54.74486277268398,2.4851189154120723,1,1,1
intra_rater_ivan,2ac2bc4c-b28e-4adf-a94e-a1227f7801d9,107,backswing,379.0,1491.0,371.0,1512.0,22.47220505424423,1.0201158432565587,1,0,0
intra_rater_ivan,2ac2bc4c-b28e-4adf-a94e-a1227f7801d9,122,backswing,264.0,853.0,158.0,953.0,145.72576985557495,6.615157090352145,1,1,1
intra_rater_ivan,2ac2bc4c-b28e-4adf-a94e-a1227f7801d9,123,backswing,301.0,896.0,249.0,829.0,84.81155581640984,3.849983193492505,1,1,1
intra_rater_ivan,2ac2bc4c-b28e-4adf-a94e-a1227f7801d9,132,impact_region,723.0,1472.0,672.0,1654.0,189.01058171435798,8.580052045828909,1,1,1
intra_rater_ivan,2ac2bc4c-b28e-4adf-a94e-a1227f7801d9,134,follow_through,75.0,597.0,22.0,592.0,53.23532661682466,2.4165941869822793,1,1,1
intra_rater_ivan,42f8729a-ed28-45a2-bf9b-397d2d698bb0,1,backswing,1287.0,933.0,1313.0,933.0,26.0,1.1802585398561605,1,1,0
intra_rater_ivan,42f8729a-ed28-45a2-bf9b-397d2d698bb0,24,backswing,645.0,320.0,680.0,324.0,35.22782990761707,1.5991518111178964,1,1,0
intra_rater_ivan,42f8729a-ed28-45a2-bf9b-397d2d698bb0,43,backswing,864.0,381.0,971.0,525.0,179.4017837146554,8.143864895948072,1,1,1
intra_rater_ivan,42f8729a-ed28-45a2-bf9b-397d2d698bb0,46,downswing,876.0,393.0,942.0,344.0,82.20097323024831,3.7314769476726233,1,1,1
intra_rater_ivan,42f8729a-ed28-45a2-bf9b-397d2d698bb0,58,impact_region,1310.0,932.0,1344.0,1019.0,93.40770846134703,4.240201753842284,1,1,1
intra_rater_ivan,42f8729a-ed28-45a2-bf9b-397d2d698bb0,63,follow_through,878.0,358.0,839.0,371.0,41.10960958218893,1.8661526069050436,1,1,0
intra_rater_ivan,e940142a-d4bc-4cee-a6de-828b05ab40a7,1,backswing,789.0,988.0,695.0,985.0,94.04786015641186,4.26926115787704,1,1,1
intra_rater_ivan,e940142a-d4bc-4cee-a6de-828b05ab40a7,25,backswing,1252.0,186.0,1291.0,218.0,50.44799302251776,2.2900644070550222,1,1,1
intra_rater_ivan,e940142a-d4bc-4cee-a6de-828b05ab40a7,34,downswing,1028.0,393.0,836.0,305.0,211.20606051910536,9.587606022963508,1,1,1
intra_rater_ivan,e940142a-d4bc-4cee-a6de-828b05ab40a7,39,downswing,1142.0,270.0,1145.0,289.0,19.235384061671343,0.8731817810077185,1,0,0
intra_rater_ivan,e940142a-d4bc-4cee-a6de-828b05ab40a7,43,impact_region,792.0,988.0,757.0,1079.0,97.49871794028884,4.425911325925114,1,1,1
intra_rater_ivan,e940142a-d4bc-4cee-a6de-828b05ab40a7,49,follow_through,1126.0,330.0,1200.0,382.0,90.44335243676011,4.1056361187194845,1,1,1
intra_rater_ivan,f0647c16-5b92-48b6-a06a-d05d86fe8145,9,backswing,1202.0,1028.0,1135.0,1079.0,84.20213774008353,3.82231892853378,1,1,1
intra_rater_ivan,f0647c16-5b92-48b6-a06a-d05d86fe8145,35,backswing,838.0,99.0,816.0,9.0,92.64987857520376,4.205800400193098,1,1,1
intra_rater_ivan,f0647c16-5b92-48b6-a06a-d05d86fe8145,45,downswing,820.0,63.0,813.0,249.0,186.1316738225926,8.449365291032164,1,1,1
intra_rater_ivan,f0647c16-5b92-48b6-a06a-d05d86fe8145,54,impact_region,1158.0,982.0,1178.0,973.0,21.93171219946131,0.995580408349298,1,0,0
intra_rater_ivan,f0647c16-5b92-48b6-a06a-d05d86fe8145,58,impact_region,1004.0,648.0,1119.0,523.0,169.85287751463028,7.7103965079148,1,1,1
intra_rater_ivan,f0647c16-5b92-48b6-a06a-d05d86fe8145,63,follow_through,723.0,27.0,717.0,0.0,27.65863337187866,1.2555514706888606,1,1,0
intra_rater_ivan,7473617c-26a8-428f-9ba6-fc51dd7d2156,1,backswing,917.0,1611.0,935.0,1622.0,21.095023109728988,0.9575992759123344,1,0,0
intra_rater_ivan,7473617c-26a8-428f-9ba6-fc51dd7d2156,26,backswing,280.0,312.0,353.0,353.0,83.72574275573791,3.800693188202298,1,1,1
intra_rater_ivan,7473617c-26a8-428f-9ba6-fc51dd7d2156,47,downswing,299.0,147.0,440.0,214.0,156.1089363233252,7.086496355517928,1,1,1
intra_rater_ivan,7473617c-26a8-428f-9ba6-fc51dd7d2156,59,impact_region,848.0,1520.0,807.0,1494.0,48.54894437575342,2.2038579307878723,1,1,0
intra_rater_ivan,7473617c-26a8-428f-9ba6-fc51dd7d2156,63,impact_region,573.0,1115.0,714.0,1020.0,170.01764614298128,7.717876107172941,1,1,1
intra_rater_ivan,7473617c-26a8-428f-9ba6-fc51dd7d2156,67,follow_through,51.0,325.0,128.0,329.0,77.10382610480494,3.500094200606938,1,1,1
intra_rater_ivan,dfd57aa0-581d-4580-bc43-2a329277309b,58,backswing,587.0,1092.0,565.0,1017.0,78.16009211867653,5.322064396096855,1,1,1
intra_rater_ivan,dfd57aa0-581d-4580-bc43-2a329277309b,110,backswing,233.0,533.0,197.0,596.0,72.56031973468694,4.940765597397563,1,1,1
intra_rater_ivan,dfd57aa0-581d-4580-bc43-2a329277309b,154,downswing,219.0,306.0,316.0,408.0,140.75865870347016,9.584515903469384,1,1,1
intra_rater_ivan,dfd57aa0-581d-4580-bc43-2a329277309b,179,downswing,501.0,889.0,504.0,925.0,36.124783736376884,2.459802952229755,1,1,0
intra_rater_ivan,dfd57aa0-581d-4580-bc43-2a329277309b,187,follow_through,471.0,946.0,292.0,912.0,182.20043907740728,12.40636293384531,1,1,1
intra_rater_ivan,dfd57aa0-581d-4580-bc43-2a329277309b,197,follow_through,192.0,398.0,237.0,423.0,51.478150704935004,3.5052419414712674,1,1,1
intra_rater_ivan,ba749048-28f5-497e-8d85-fcbcfedb6f8c,64,backswing,563.0,1656.0,602.0,1578.0,87.20665112249179,3.958707489214529,1,1,1
intra_rater_ivan,ba749048-28f5-497e-8d85-fcbcfedb6f8c,116,backswing,525.0,648.0,519.0,696.0,48.373546489791295,2.1958958210655837,1,1,0
intra_rater_ivan,ba749048-28f5-497e-8d85-fcbcfedb6f8c,143,downswing,53.0,1008.0,48.0,917.0,91.13725912051558,4.13713570677201,1,1,1
intra_rater_ivan,ba749048-28f5-497e-8d85-fcbcfedb6f8c,147,impact_region,672.0,1621.0,688.0,1660.0,42.15447781671598,1.9135839398598504,1,1,0
intra_rater_ivan,ba749048-28f5-497e-8d85-fcbcfedb6f8c,159,follow_through,1003.0,584.0,842.0,539.0,167.17057157286985,7.588634411981351,1,1,1
intra_rater_ivan,ba749048-28f5-497e-8d85-fcbcfedb6f8c,173,follow_through,528.0,360.0,613.0,368.0,85.37564055396598,3.8755895715195496,1,1,1
intra_rater_ivan,48c9026f-11c4-410d-82ec-f33d477d9db6,38,backswing,538.0,893.0,575.0,896.0,37.12142238654117,3.1595823882203993,1,1,0
intra_rater_ivan,48c9026f-11c4-410d-82ec-f33d477d9db6,98,backswing,387.0,754.0,391.0,799.0,45.17742799230607,3.845267682451154,1,1,0
intra_rater_ivan,48c9026f-11c4-410d-82ec-f33d477d9db6,174,backswing,92.0,105.0,246.0,76.0,156.70673246545599,13.338061964805942,1,1,1
intra_rater_ivan,48c9026f-11c4-410d-82ec-f33d477d9db6,180,downswing,88.0,121.0,29.0,72.0,76.69419795525604,6.527811208709843,1,1,1
intra_rater_ivan,48c9026f-11c4-410d-82ec-f33d477d9db6,233,downswing,475.0,870.0,414.0,1007.0,149.96666296213968,12.764382306836243,1,1,1
intra_rater_ivan,48c9026f-11c4-410d-82ec-f33d477d9db6,249,follow_through,353.0,670.0,390.0,641.0,47.01063709417264,4.001300905851638,1,1,0
