time,stick_speed,angular_velocity,acceleration,angular_acceleration,energy_proxy,jerk,time_norm,tip_x_m,tip_y_m,tip_x_m_raw,tip_y_m_raw,scale_m,hip_angle_deg,shoulder_angle_deg,x_factor_deg,wrist_angle_deg,arc_radius_px,curvature_1_m,path_efficiency,phase
0.0,0.0,0.0,0.0,0.0,0.0,0.0,0.0,3.778124348817022,1.8986376594035552,3.8050728291720834,1.882862263780154,0.0035457577005980592,7.496779197898333,4.4283112180479165,-3.068467979850416,149.18069240035572,197.99805035106172,,0.0,backswing
0.02,46.45882258835806,4.269162388353035,2322.941129417903,213.45811941765174,2158.4221962965294,116147.05647089516,0.013513513513513514,3.9298988644155197,2.815334651289889,3.935591835803249,2.846734560336858,0.0035457577005980597,34.38262413980525,64.55441662360613,30.171792483800875,28.508708332043128,194.96361162837752,0.020947391095850545,1.0,backswing
0.04,23.528871847564897,18.550647338497885,-1146.4975370396583,714.0742475072425,553.607810419132,-173471.93332287806,0.02702702702702703,3.999950032652843,3.2806688945991898,4.0040626089223625,3.3123146040683538,0.0035457577005980597,34.2374349795919,64.46350479798073,30.22606981838883,29.285205802452502,194.8901759969775,0.3725481684280419,0.9999760168124716,backswing
0.06,7.4647250685731485,3.693945918373343,-803.2073389495876,-742.8350710062273,55.7221203493844,17164.50990450354,0.04054054054054054,4.004772007520281,3.407470918744718,4.009009238824101,3.438906986769081,0.0035244831543944717,36.37443774344463,66.98331609154445,30.60887834809982,28.53555571861816,,13.27500481358554,0.9994193463512001,backswing
0.08,0.7280244256515954,0.15251821153353104,-336.8350321460776,-177.07138534199058,0.5300195643453354,23318.615340175493,0.05405405405405406,3.9911403023424525,3.3972198039135626,3.9973494328242576,3.4273469590938523,0.003503336255468105,38.59929287075956,74.44705245221739,35.84775958145784,13.752453616619563,,4.106358303251352,0.980528903534538,backswing
0.1,0.7057423034457161,0.3759224995241505,-1.1141061102939662,11.170214399530972,0.4980721988728652,16786.046301789178,0.06756756756756757,3.9762902973526115,3.387628910180985,3.9851462093008156,3.4176925337221626,0.0034823162379352965,52.4556923373572,91.73858813012217,39.282895792764975,3.30976564119692,,4.286479360252068,0.9620455097270976,backswing
0.12,0.33693528747048995,0.32584859537009864,-18.440350798761315,-2.5036952077025956,0.1135253879428217,-866.3122344233678,0.08108108108108109,3.956841348194006,3.3723994788161855,3.9651091504065548,3.402435131976102,0.003461422340507685,156.0726151652952,146.86001079645413,-9.212604368841042,4.1437053825770915,,0.717780194879345,0.9359899686067495,backswing
0.14,0.03760961419076735,0.1619568433829098,-14.966283663986117,-8.194587599359433,0.001414483079578369,173.7033567387598,0.0945945945945946,3.9324075841105772,3.352458233411169,3.939581998535996,3.3825314532344852,0.003440653806464639,178.3220630389088,168.10230493241994,-10.219758106488849,2.8088189317131915,,3.42176623461963,0.9037860391338587,backswing
0.16,0.26788604007966427,0.2045796355607089,11.51382129444485,2.1311396088899563,0.07176293046956349,1324.005247921549,0.10810810810810811,3.903711540671977,3.333980209616378,3.9159257198693953,3.362233133402516,0.0034200098836258516,178.32208326035197,168.10202376724698,-10.22005949310501,2.808803016458111,,3.2244961094948894,0.8723015220917248,backswing
0.18,1.4058884309096833,0.7430437324576048,56.90011954150098,26.923204844844808,1.9765222801656914,2269.3149123528074,0.12162162162162161,3.8595094470545948,3.2950341053877894,3.869910827836352,3.3238071881936553,0.003399489824324097,-177.2763193040083,179.55544320267717,-3.168237493314547,15.542635570927342,,0.369761091957308,0.8176740825888023,backswing
0.2,2.0822288506134194,0.5072896840126957,33.81702098518678,-11.787702422245445,4.335676986326882,-1154.1549278157088,0.13513513513513514,3.8042806378247715,3.24869938526839,3.8161688213659275,3.2766913637454613,0.003379092885378153,-175.34377764009022,-176.73298394000807,-1.389206299917839,16.418787248237614,,0.750804708531284,0.7574313704414727,backswing
0.22,3.6896315227770056,0.8051078738275879,80.37013360817934,14.890909490744615,13.613380773869764,2327.6556311496292,0.14864864864864866,3.7293780973961588,3.176925707378332,3.7435494009144774,3.203627554917945,0.0033588183280658843,-171.51500386516585,-162.32854836842137,9.186455496744491,45.56454203503324,,0.6955096428927983,0.6780919841070787,backswing
0.24,7.878009282306434,0.5002661750994788,209.41888797647155,-15.242084936405462,62.06303025210633,6452.437718414613,0.16216216216216217,3.6084070282631293,3.0349646925753846,3.618923597793833,3.0631122216676494,0.003338665418097489,-167.6169105950702,-152.9690308063403,14.647879788729893,69.87354723627242,,0.16161546906131943,0.5542340028461148,backswing
0.26,8.486980158924947,1.141742178332188,30.44854383092563,32.073800161635425,72.02883221798572,-8948.51720727729,0.17567567567567569,3.4755491169633905,2.8885190603791226,3.453489368099194,2.868383345022153,0.003318633425588904,-166.40243383269106,-150.27313153578,16.129302296911042,92.05549397479494,,0.1624700742530508,0.4558396741778569,backswing
0.28,2.9451891544193516,0.28545879791312373,-277.08955022527954,-42.81416902095317,8.674139155309375,-15376.904702810245,0.1891891891891892,3.4164883926915466,2.826356617821351,3.4327767874171755,2.8511778770637757,0.003298721625035371,-166.3829724432397,-150.23899624025128,16.14397620298843,92.08018298648857,,0.458520152733655,0.42254145433184964,backswing
0.3,11.819002479976477,1.7735068855420566,443.69066627785713,74.40240438144679,139.68881962169013,36039.0108251569,0.2027027027027027,3.2515024886558823,2.622318168392606,3.264580977668858,2.6487721792102357,0.0032789292952851586,-166.56039507533404,-148.3394357571733,18.220959318160745,114.67765063758443,,0.11419863411506233,0.34175307214821,backswing
0.32,17.492882050366855,4.811900564125783,283.6939785195186,151.91968392918616,306.0009224280469,-7999.834387916919,0.21621621621621623,3.027009370468127,2.3230672645060593,3.026127627073652,2.352387310618676,0.003259255719513448,-166.96763045551577,-149.65127705536582,17.31635340014996,116.76734010351718,,0.05465593616051056,0.28825355821785636,backswing
0.34,17.965241782180186,118.09197051019416,23.61798659066652,5664.003497303414,322.74991229219273,-13003.799596442594,0.22972972972972974,2.791864425037621,2.02274032988477,2.7662313700569516,2.0088444768039104,0.0032397001851963677,-167.27174842082763,-148.08420554071668,19.187542880110957,134.04809600047983,,0.011137168215436203,0.29458120013178263,backswing
0.36,16.05034482381817,23.058516853920217,-95.74484791810107,-4751.672682813705,257.61356896346666,-5968.1417254383905,0.24324324324324323,2.5828397385425683,1.753550724524124,2.5646627152563704,1.7309770032670804,0.00322026198408519,-167.40955345322257,-147.77588223939125,19.633671213831324,141.68862510614377,,0.940025865207295,0.32408769128259746,backswing
0.38,2.913319709891879,1.297955122195592,-656.8512556963138,-1088.0280865862303,8.487431732044502,-28055.320388910615,0.25675675675675674,2.5638608477674585,1.7170998775667408,2.5800386301101077,1.7413561425180726,0.003239583555989701,-167.40794902553998,-147.77591553599848,19.63203348954151,141.69189919272748,,0.51281018693601,0.3268516441038805,backswing
0.4,20.45026368667113,3.4963067673593664,876.8471988389616,109.91758225818863,418.2132848543798,76684.9227267637,0.2702702702702703,2.345472801849403,1.3917891057529088,2.3260065329207835,1.3698486624479502,0.00325902105732564,-167.84358482620584,-147.223563381829,20.620021444376842,150.52475534871925,,0.2971734655324562,0.3663492816082787,backswing
0.42,11.484511900473855,1.6289096787455635,-448.28758930986453,-93.36985443069032,131.8940135921256,-66256.73940744143,0.28378378378378377,2.2419987723043313,1.2028067725891092,2.230738432736811,1.2115978193201264,0.003278575183669594,-168.6093297011158,-146.81074081930703,21.79858888180877,150.2400024304302,,0.1420785077295474,0.3864650687987422,backswing
0.44,11.974507629217083,0.8925952111362926,24.499786437161376,-36.81572338046351,143.38883296217813,23639.368787351275,0.2972972972972973,2.1271349921799527,1.0078093811678073,2.105181103553998,0.9878298998390657,0.0032982466347716115,-167.39742975217956,-149.13226306789304,18.265166684286523,177.40067163634347,,0.5467778317403165,0.408721080301226,backswing
0.46,8.569977405026647,0.4739409084017594,-170.22651120952168,-20.932715136726642,73.44451272266726,-9736.314882334145,0.3108108108108108,2.0607823639023986,0.8618083748501671,2.0421627286595103,0.8384616911522165,0.0033180361145802415,-165.67652421105404,-148.4623403730665,17.21418383798756,175.52115315471292,,2.570148759998727,0.42230400755651354,backswing
0.48,3.663417147518293,0.803610751015184,-245.32801287541812,16.48349213067126,13.420625196731066,-3755.0750832948297,0.32432432432432434,2.051981883266765,0.7968344786561342,2.035801123875506,0.7715229262230613,0.003337944331267723,-164.3678350875649,-148.61425193466678,15.753583152898125,138.6983169088048,,27.44155046564982,0.42522421862040033,backswing
0.5,0.737596931899592,0.470676378164669,-146.29101078093493,-16.646718642525734,0.5440492339476913,4951.850104724155,0.33783783783783783,2.074337077813251,0.7908103129949652,2.047955059178135,0.7760677506865051,0.00335797199725533,-163.96313975618273,-148.29233984736908,15.67079990881365,138.6835319719864,,12.099338116393438,0.4199802623501029,backswing
0.52,0.8690235390824564,0.14503273346879716,6.571330359143218,-16.282182234793577,0.7552019114793977,7643.1170570039,0.35135135135135137,2.1038944218741302,0.7925083014101066,2.0807006823943386,0.7728513019193398,0.003378119829238862,-163.84077669444025,-148.72271711560558,15.118059578834679,113.89022592861033,,8.204701228447398,0.4121575762980563,backswing
0.54,3.3433138067036303,0.8967298356470802,123.7145133810586,37.58485510891412,11.17774721009512,5857.159151095763,0.3648648648648649,2.173690625871417,0.8319384941904369,2.1525498641767946,0.8098355347128795,0.0033983885482142956,-165.1150289882134,-147.41815756959386,17.69687141861953,119.84920048127445,,1.2218830430955456,0.38932322615735426,downswing
0.56,4.371092248354802,1.067745415744458,51.388922082558516,8.550779004868879,19.106447443627435,-3616.279564925001,0.3783783783783784,2.2554801666688937,0.8909335915014219,2.2405837731474336,0.8762136313396653,0.003418778879503582,-166.2291522225422,-149.63878141643076,16.590370806111455,107.34265408290213,,0.41930182692499773,0.36159227415989453,downswing
0.58,3.34755887911145,1.1797367252809166,-51.17666846216781,5.599565476822958,11.206150449117908,-5128.27952723634,0.3918918918918919,2.319149387253147,0.940650440866341,2.3262762240533554,0.9505714632910124,0.0034392915527806035,-166.10464792193235,-150.66690832145835,15.43773960047399,103.44660764882173,,0.5674555525161286,0.3402037803459251,downswing
0.6,2.148275502891661,0.5386990696906842,-59.9641688109894,-32.051882779511594,4.61508763632442,-439.375017441079,0.4054054054054054,2.3626541556579266,0.9774467836205316,2.3398653771775733,0.9562257933709452,0.003459927302097287,-165.49361507216747,-150.5497284415041,14.943886630663368,107.07151291174074,,0.4981265689138865,0.32556574469327415,downswing
0.62,5.975659658201813,1.9762339442035186,191.36920776550744,71.87674372564166,35.708508350660615,12566.668828824832,0.4189189189189189,2.4605681762636284,1.0685835856370927,2.44451799763539,1.059404216391843,0.003480686865909871,-167.1064300505376,-150.87397005157825,16.232459998959364,104.7474173588839,,0.21344316589118847,0.292648599042753,downswing
0.64,5.638293330351531,3.1245461900078793,-16.8683163925141,57.41561229021798,31.79035167908656,-10411.876207901067,0.43243243243243246,2.5494586494017155,1.156019304416852,2.5266656853509923,1.1387505059947916,0.0034973910872677003,-166.8796047352387,-149.97985739645,16.8997473387887,107.01760565105899,,0.19919065651823267,0.2636247700270652,downswing
0.66,5.132700117741783,3.540129838041336,-25.279660630487367,20.779182401672827,26.344610498666515,-420.567211898663,0.445945945945946,2.627797692847801,1.2368052663950395,2.6078710851328877,1.2265168068204626,0.0035107544643539637,-167.38503122698404,-149.86456583065365,17.520465396330405,104.964348666627,,0.0842577845520828,0.23876309631210824,downswing
0.68,4.25198606100777,4.938963418836447,-44.03570283670062,69.94167903975546,18.07938546300437,-937.8021103106619,0.4594594594594595,2.692114961833681,1.304292318209612,2.677899784181126,1.3058139936431816,0.0035214451660229747,-168.02131377257592,-150.86358583638273,17.15772793619321,105.82122518793369,,0.0807466174704108,0.2190551023574015,downswing
0.7000000000000001,2.840660220715192,4.5782615117000285,-70.56629201462883,-18.03509535682089,8.069350489553683,-1326.529458896409,0.472972972972973,2.7362679885057073,1.3500379575415402,2.730977333876191,1.3575383618453865,0.0035299977273581832,-169.37863091191787,-150.849255235963,18.529375675954878,98.35133568751915,,1.5459393297197905,0.20602508808167416,downswing
0.72,1.4453343192129586,2.341795634308552,-69.766295075112,-111.82329386957434,2.088991294294787,39.99984697584172,0.48648648648648646,2.771065981470292,1.380448675279983,2.747352685665147,1.3649982389933393,0.003551177713722333,-169.12265760562124,-150.78746868783676,18.335188917784482,98.3329769553024,,0.6199335011133861,0.19657772117880296,downswing
0.74,0.5457210509724129,1.9311262355050633,-44.98066341202725,-20.533469940174424,0.2978114654744348,1239.2815831542364,0.5,2.7913540116070523,1.3990132456048237,2.7761064248756493,1.3895126566366633,0.003572484780004667,-168.57714049947964,-151.165995019498,17.411145479981613,102.02717611823547,,17.1195867074454,0.19106435051214274,downswing
0.76,0.5857376341256968,-0.33032791227096653,2.000829157664195,-113.07270738880139,0.34308857603116866,2349.07462848457,0.5135135135135135,2.796416956501443,1.4082392013040645,2.7809870757828636,1.4030658954937851,0.0035939196886846953,-169.94997251491816,-150.9925592993676,18.95741321555056,103.01414263667974,,130.40355418441584,0.18922292672144297,downswing
0.78,1.686510333425014,-3.4123693847241645,55.03863496496581,-154.10207362265976,2.844317104749352,2651.8902903650783,0.5270270270270271,2.781367156987213,1.4055223443236637,2.7689243458194897,1.3967921975789883,0.0036154832068168033,-170.37954361195463,-151.77083545884025,18.60870815311439,98.45847147648323,,7.336802770360775,0.19125090368806927,downswing
0.8,2.985863207171231,-5.236664206801995,64.9676436873108,-91.21474110389146,8.915379091938869,496.450436117249,0.5405405405405406,2.743325064745302,1.3900651785617277,2.7349235583584672,1.3841723878703613,0.0036371761060577045,-168.59639951373185,-150.21272193723294,18.383677576498904,98.50873133752458,,0.7081481380266657,0.1969038710265823,downswing
0.8200000000000001,3.956702533008597,-4.246660429146539,48.54196629186827,49.50018888277277,15.65549493471665,-821.2838697721256,0.5540540540540541,2.687952004732261,1.3652059221870372,2.6582057198353115,1.351077624359282,0.003658999162694051,-171.94670581615648,-150.648534135011,21.298171681145472,112.53349394104013,,0.9259598499780748,0.20513698100971184,downswing
0.84,1.7460519960570549,-2.2464036578218933,-110.53252684757763,100.01283856623276,3.0486975729348256,-7953.724656972332,0.5675675675675675,2.6723300480568253,1.3588562648187241,2.674180678588927,1.358761041106665,0.0036809531576702153,-171.30721334828291,-150.92978485489928,20.377428493383608,112.59032446512641,,1.4269772312533977,0.2073893938669896,downswing
0.86,3.2203979171168386,-2.7470891250211826,73.71729605298913,-25.03427335996444,10.370962744570473,9212.491145028329,0.581081081081081,2.628477429165816,1.3433032779550818,2.630431652089147,1.3320794682529018,0.0037030388766162367,-171.90187008261228,-150.93219503020546,20.96967505240682,114.8642488779058,,1.3166988903313133,0.21350861063988053,downswing
0.88,4.84821303594764,-3.1275454875312443,81.39075594154,-19.022818125503065,23.505169641932632,383.67299442754296,0.5945945945945946,2.551520479557334,1.323014899557898,2.5357013884879094,1.293454163081172,0.0037252571098759344,-171.49041863094683,-151.97247972513608,19.517938905810748,175.97202290270872,,11.359138758659759,0.22361079178522475,downswing
0.9,4.143190305448603,-4.889045146764777,-35.25113652495181,-88.07498296167654,17.166025907163288,-5832.094623324585,0.6081081081081081,2.4924271894355,1.3674316306893488,2.459853992785723,1.3586796549334403,0.0037476086525351903,-168.74670944669387,-152.19786257787663,16.548846868817243,159.9442966927638,,5.88478321233982,0.22681130397966245,downswing
0.92,3.133202170647176,-0.44734727124633406,-50.499406740071294,222.0848937759219,9.816955842148177,-762.4135107559734,0.6216216216216216,2.46218466357453,1.419041352462731,2.42852566735182,1.4233278976333774,0.0037700943044504014,-164.69336273067123,-153.98002972193186,10.713333008739369,167.91326291373448,,8.122370473270669,0.22615406062286844,downswing
0.9400000000000001,2.040826189084149,-1.4077507455256808,-54.61879907815132,-48.020173713967296,4.1649715340517295,-205.9696169040011,0.6351351351351352,2.4576276564316855,1.4635046654179495,2.443194278201658,1.432571880772304,0.003792714870277104,-164.6412618476508,-154.45203483172125,10.189227015929566,166.9763966889942,,2.4575840948855094,0.2228875142212226,downswing
0.96,15.302033642007665,-5.739278933805352,663.0603726461788,-216.57640941398458,234.15223358113434,35883.95858621668,0.6486486486486487,2.568854610466667,1.7627203225027224,2.5460989062786483,1.7370033755495224,0.0038154711594987666,-173.59342376740537,-161.34029153248053,12.253132234924822,141.93098116943617,,0.38072664738287254,0.18558304971020764,downswing
0.98,45.36039662854394,-23.060203841126683,1502.9181493268125,-866.0462453660658,2057.56558229882,41992.88883403164,0.6621621621621622,3.086035433093779,2.5291110483820742,3.055564511559781,2.5128353294620656,0.0038383639864557595,177.33723134997638,-172.75089452249415,9.911874127529428,112.38754142443288,,0.10683547534359818,0.12513366182459687,downswing
1.0,59.6386512356289,-116.55838419307675,713.9127303542474,-4674.909017597499,3556.7687212049805,-39450.27094862822,0.6756756756756757,3.8770914599326933,3.4530704658073526,3.8938542508000022,3.483513008447514,0.0038613941703744947,30.427791600126035,95.90394476466554,65.47615316453951,78.4354843028178,,0.27971894992002533,0.1790735342814058,downswing
1.02,26.589236763079818,-10.338902955344988,-1652.4707236274526,5310.9740618865835,706.9875116431153,-118319.17269908488,0.6891891891891893,4.337352059806294,3.7768197582835024,4.361291584197252,3.8022986728078454,0.0038845625353967415,18.10437311263693,60.98700460791529,42.88263149527835,11.6686564398885,,3.099415802019451,0.21161109316935978,downswing
1.04,14.725166957300107,-2.8363659169661246,-593.203490288985,375.1268519189428,216.8305419203629,52963.36166692333,0.7027027027027027,4.254126323326472,3.525990846497823,4.241090237933136,3.493325150363875,0.003907869910609122,18.10519118651751,58.87454562950067,40.769354442983165,25.108518883523537,,1.5840642937323255,0.17800970084144346,downswing
1.06,3.479665979723766,-0.6958010673579145,-562.2750488788166,107.0282424804104,12.108075330446956,1546.4220705084174,0.7162162162162162,4.196147644601524,3.4432721435382767,4.215638006433237,3.4722947848169623,0.003884422691145468,18.10136959036315,58.87411750872706,40.77274791836391,25.11216277122702,,0.004836698530447126,0.16623721871570193,downswing
1.08,18.577450070437088,-1.8027396841672079,754.8892045356654,-55.34693084046462,345.12165111958296,65858.21267072405,0.7297297297297298,3.9675782152209558,3.1180051808377764,3.987096549255263,3.1467987435845384,0.003865061319249899,19.17215682974234,56.98329528469485,37.811138454952506,58.859553522212174,,0.017093769480993417,0.12310986367895081,downswing
1.1,32.53526940336594,16.03273249836037,697.8909666464418,891.7736091263781,1058.5437551495997,-2849.9118944611755,0.7432432432432433,3.5773173850654483,2.5732773989172637,3.5868816266965724,2.606577263654814,0.003849572221733444,16.574636211892404,54.91213810739524,38.33750189550284,122.21257511537448,,0.013504958872893802,0.06582327406068403,downswing
1.12,34.34770636884831,102.66928758542511,90.62184827411839,4331.827754353233,1179.7649328006225,-30363.455918616142,0.7567567567567568,3.164145196261619,2.007699620529459,3.133701839720645,2.0043391526825958,0.00383718094372028,16.809648523954632,55.56665458957064,38.75700606561601,92.76985413568194,,0.03223543137921352,0.05472939218885456,downswing
1.1400000000000001,34.51371029439037,24.919942213983926,8.300196277103204,-3887.4672685720557,1191.1961982851078,-4116.082599850755,0.7702702702702704,2.7315723267579144,1.4430021340584636,2.7075036077908776,1.4185262565308487,0.0038141578580579583,15.559054131247967,53.572139466552166,38.013085335304204,47.60448333222715,,0.08493357732999707,0.09429138698777431,downswing
1.16,22.933394817780528,10.220711042506519,-579.0157738304981,-734.9615585738779,525.9405978682028,-29365.798505380364,0.7837837837837838,2.46206888970888,1.0518398198563403,2.442252668543327,1.0240622902361123,0.003791272910909611,15.91987840507464,50.5607607185906,34.64088231351596,19.091266274344886,,0.053100996819640416,0.12439567930296884,downswing
1.18,3.3493096816950456,0.8902657472232837,-979.2042568042732,-466.5222647641614,11.217875343896168,-20009.424148688737,0.7972972972972973,2.4177345451881225,0.9854185292132298,2.4275970824193065,1.017869642615193,0.0037685252734441536,15.919520179035246,50.560121762665,34.64060158362975,19.090769060564103,,0.8833216043502619,0.1294192580779343,downswing
1.2,8.111008912812908,8.029583520148057,238.08496155589293,356.96588864623834,65.78846558373043,60864.460918008255,0.8108108108108107,2.338022778478604,0.8309676481330582,2.3121021604935215,0.8094106714314537,0.0037459141218034887,12.520508063481707,42.08056038401877,29.560052320537064,130.25085837634015,,2.4177264002806984,0.1396835466768922,downswing
1.22,4.507521303799995,2.367807630785299,-180.17438045064551,-283.0887944681377,20.317748304210802,-20912.967100326903,0.8243243243243243,2.3238184161626076,0.7358315884109714,2.302328761667292,0.7101181995312528,0.003723438637072668,15.646686862766767,37.35107282658841,21.704385963821643,126.43516888460582,,12.896041723477554,0.1440047548941211,downswing
1.24,8.457757306951272,4.018988527894215,197.51180015756373,82.5590448554457,71.53365866328764,18884.309030410448,0.8378378378378378,2.4550197957876088,0.8182877592866066,2.4337839023402874,0.7926248469129913,0.003701098005250232,13.649668822169513,31.76261582097894,18.112946998809427,124.4976364557505,,0.6627040489292688,0.13053989992206247,downswing
1.26,13.030872642345361,7.7721128732034,228.65576676970426,187.6562172654591,169.80364182102477,1557.1983306070251,0.8513513513513513,2.644175452490291,0.9757111694787058,2.6701313744782196,0.9962675242282987,0.0036788914172187306,11.379888661515318,26.922468237984535,15.542579576469217,128.42916833490952,,0.7925064438351563,0.10967132468625143,downswing
1.28,3.2875940274997753,2.775190317323448,-487.16393074227886,-249.8461277939974,10.808274489652193,-35790.984875599126,0.8648648648648649,2.67869982183822,1.0120968828125727,2.6541150501205952,0.9902165997020953,0.003656818068715419,11.38344300740118,26.927582178241106,15.544139170839925,128.43655922279635,,0.4681792047826713,0.10554389455840886,downswing
1.3,11.886033551674753,18.21152562233685,429.9219762087485,771.8167652506695,141.27779359153794,45854.29534755133,0.8783783783783784,2.841235752984619,1.1629008558724905,2.817278831804041,1.1406238538938231,0.0036348771603031266,11.910275577622787,26.459303808024366,14.549028230401579,124.73573030097928,,0.0941321171931338,0.0875710074635712,downswing
1.32,18.594732319831362,60.31591917768864,335.43493840783015,2105.2196777675877,345.764070046181,-4724.351890045914,0.891891891891892,3.134091096586258,1.4193489291693682,3.1152737829242945,1.3969544528986708,0.003656686423264946,12.342831054276195,23.791577663425265,11.448746609149069,132.22339350311373,,0.02478317353939069,0.05737406914713826,downswing
1.34,17.56175496711368,25.91779152127555,-51.64886763588412,-1719.9063828206533,308.415237524942,-19354.190302185696,0.9054054054054055,3.4107994835815134,1.6663009766372288,3.4196059525373204,1.6677980335957363,0.0036786265418045356,12.552189490702204,25.198321600029068,12.646132109326865,130.99739143836368,,0.037006581081386665,0.03026000718407311,downswing
1.36,15.519168772430112,8.249830704826117,-102.12930973417826,-883.3980408224709,240.84459938716992,-2524.022104914705,0.918918918918919,3.655720435983022,1.8906752597818028,3.679942632867969,1.913535569911305,0.003700698301055363,9.547685993918991,22.230141531598438,12.682455537679449,137.72894303893023,,0.0984781880822885,0.008346940144320737,downswing
1.3800000000000001,9.783873643821824,3.298655474254311,-286.76475643041414,-247.55876152859008,95.72418347827134,-9231.772334811785,0.9324324324324326,3.8132712909379887,2.043078977962938,3.833010331437676,2.0701535143324734,0.0037229024908616956,9.591127158129936,21.58449865584699,11.993371497717053,131.68301566130302,,0.828166773805495,0.009967065007681186,downswing
1.4000000000000001,3.175427457844209,0.981134659310103,-330.4223092988804,-115.87604074721031,10.083339540030938,-2182.8776434233114,0.945945945945946,3.874616474262456,2.0893356661707623,3.8454477584167677,2.0758127667302313,0.003734534101456777,9.471056123230634,19.02765844250161,9.556602319270977,139.64430769006395,,3.852593212890626,0.01425606492490514,downswing
1.42,2.9313176278015582,1.0343501710251441,-12.205491502132674,2.660775585752084,8.592623035060155,15910.840889837547,0.9594594594594594,3.8963035209226553,2.114454902277214,3.903602770461785,2.1335913808636686,0.0037121268968480364,9.533394539747661,21.967179941914722,12.43378540216706,143.8504476403415,165.51349668562744,1.2606877524703826,0.016376705369608262,downswing
1.44,2.916292321106745,1.2819237392923193,-0.7512653347406577,12.378678413358745,8.504760902146167,572.7113083696003,0.9729729729729729,3.9185245782283786,2.138136382149544,3.9408385362505216,2.1627311820919886,0.0036898541354669486,10.170179441334193,15.89471347596555,5.724534034631358,155.72279534225873,169.16226256244823,26.518368550048038,0.018437557750833968,downswing
1.46,1.195534673937116,-0.03180913752670042,-86.03788235848138,-65.68664384095092,1.4293031565859262,-4264.330851187033,0.9864864864864865,3.917120220766252,2.134418606508835,3.942021320975499,2.156087893846416,0.003667715010654147,9.624731291010368,16.417512706484423,6.792781415474055,163.6443560959512,169.90622697770357,26.932171616132685,0.018172639915249093,downswing
1.48,0.4390916265311873,-0.5739647597948866,-37.8221523702964,-27.107781113409285,0.19280145648980365,2410.786499409247,1.0,3.900971866815722,2.1168127341703573,3.9312170675502682,2.1295333627174613,0.0036457087205902226,8.910539078340435,11.802489226323678,2.8919501479832443,174.68080634794018,196.21462566644698,,0.016598091486568652,downswing
