session_id,pipeline_variant,valid_samples,stage_changed_points,mean_dev_m,p95_dev_m,max_dev_m,rms_jerk,smoothness_index,path_efficiency,max_speed,max_accel
052f8a05-916d-4300-badf-aa80d38d1c6d,raw,77,0,0.0,0.0,0.0,35528.485333345496,-9.101153385685562,0.010873998251634228,62.95834047711176,1505.9187861396474
052f8a05-916d-4300-badf-aa80d38d1c6d,median_only,77,76,0.3468660500713142,1.2305855172405016,2.1708261067574006,36529.935840968574,-9.125297818886589,0.015963587393594984,62.50621023338564,1549.2344760341052
052f8a05-916d-4300-badf-aa80d38d1c6d,kalman_only,9,76,0.3513073228970914,1.2550093673662606,1.4432362681142943,12149.695811005811,-8.169130809489173,0.50423606311482,4.885631056671237,243.79823366333628
052f8a05-916d-4300-badf-aa80d38d1c6d,kalman_rts,77,74,1.21373158997823,1.9050153746134084,2.141861901320417,0.2979058508028795,1.0518419296199224,0.07050699912021036,0.04601971391928298,0.013723572748609511
052f8a05-916d-4300-badf-aa80d38d1c6d,kalman_rts_despike,77,0,1.21373158997823,1.9050153746134084,2.141861901320417,0.2979058508028795,1.0518419296199224,0.07050699912021036,0.04601971391928298,0.013723572748609511
052f8a05-916d-4300-badf-aa80d38d1c6d,full_pipeline,77,77,0.02831800760655447,0.03475914840134624,0.03517082919548226,27075.80695569777,-8.865162818032145,0.007632494839634611,59.638267230250094,1502.9341678972028
0de5883a-0f0b-4e36-aa9d-2115230940b7,raw,69,0,0.0,0.0,0.0,47212.851307953824,-9.348120458812838,0.0825092198206986,64.49510842130952,2822.4444387888407
0de5883a-0f0b-4e36-aa9d-2115230940b7,median_only,69,66,0.3313653695587635,1.0883897684250912,2.4248602543357993,44931.34381988286,-9.305098815589446,0.176654247966129,57.13685464200839,2856.415380054104
0de5883a-0f0b-4e36-aa9d-2115230940b7,kalman_only,21,68,0.08050722646348232,0.3471431924860078,0.5763313752965522,1305.66246252886,-6.231661836867859,0.8312172690535021,1.2772381194607976,24.702793016006517
0de5883a-0f0b-4e36-aa9d-2115230940b7,kalman_rts,69,69,1.5890569851579825,3.1518398271763717,3.5032769671391635,0.7149795860967908,0.2914127149107385,0.8247927918873357,0.137221666148673,0.04092097423245983
0de5883a-0f0b-4e36-aa9d-2115230940b7,kalman_rts_despike,69,0,1.5890569851579825,3.1518398271763717,3.5032769671391635,0.7149795860967908,0.2914127149107385,0.8247927918873357,0.137221666148673,0.04092097423245983
0de5883a-0f0b-4e36-aa9d-2115230940b7,full_pipeline,69,69,0.019535246930207837,0.02573395891779082,0.026041255223829687,42592.766965198294,-9.258671708355243,0.08378019612714831,62.104440847319616,2694.282631628949
0f116f84-9ff5-4346-abf4-aa3ffef93b6a,raw,502,0,0.0,0.0,0.0,1972.3725596195452,-6.589977903669619,0.09493105487134604,20.39773339392685,438.8165104922399
0f116f84-9ff5-4346-abf4-aa3ffef93b6a,median_only,502,501,0.062944273022605,0.19238493216496724,1.1032034543988039,1992.9602001044325,-6.598997251643207,0.094752021285467,20.084117844876307,444.3428493369085
0f116f84-9ff5-4346-abf4-aa3ffef93b6a,kalman_only,467,501,0.06984543992052043,0.26737234091175954,1.0193891274263267,302.4412832357246,-4.961282144146139,0.137456299397555,5.006743216515941,52.79041025594619
0f116f84-9ff5-4346-abf4-aa3ffef93b6a,kalman_rts,502,501,1.6680480084271538,3.659157207534458,3.7992005386475345,0.23146342421400137,1.2710352445293072,0.3845419632813426,0.22926935722286584,0.041002781253306475
0f116f84-9ff5-4346-abf4-aa3ffef93b6a,kalman_rts_despike,502,0,1.6680480084271538,3.659157207534458,3.7992005386475345,0.23146342421400137,1.2710352445293072,0.3845419632813426,0.22926935722286584,0.041002781253306475
0f116f84-9ff5-4346-abf4-aa3ffef93b6a,full_pipeline,502,502,0.05238169801234147,0.0657061331710412,0.07013996917880577,1456.1108271081364,-6.326388862275153,0.09561486837716465,16.945726195625987,352.5237619184379
15f312b0-d99c-4535-8c57-5b099a1428be,raw,649,0,0.0,0.0,0.0,516.0519628219762,-5.425386868489434,0.058374550662765645,8.37261591610645,77.23494690904447
15f312b0-d99c-4535-8c57-5b099a1428be,median_only,649,648,0.05543089970606507,0.23252903153107138,0.5652525271811883,518.5806057615858,-5.4296325413794975,0.05856274271706217,8.473388721272707,78.1645467300417
15f312b0-d99c-4535-8c57-5b099a1428be,kalman_only,649,648,0.0906795038825215,0.45564432293499146,0.9304856353687627,128.58254650679487,-4.218364044949242,0.057468495569482296,6.723507559743266,27.380181225311404
15f312b0-d99c-4535-8c57-5b099a1428be,kalman_rts,649,648,1.0730512700168722,2.3093970115583757,2.506045052570691,0.01360121171758144,3.732842450518635,0.08423967481175178,0.024924285983576242,0.0035600965564140954
15f312b0-d99c-4535-8c57-5b099a1428be,kalman_rts_despike,649,0,1.0730512700168722,2.3093970115583757,2.506045052570691,0.01360121171758144,3.732842450518635,0.08423967481175178,0.024924285983576242,0.0035600965564140954
15f312b0-d99c-4535-8c57-5b099a1428be,full_pipeline,649,649,0.02270081356920245,0.03533263266403628,0.03932904085042248,209.1457992431857,-4.6408982921357165,0.05854834743359934,6.887890628566751,38.35053949831413
1923a324-7b77-4d06-a3a6-8a7fd6e6fd8b,raw,177,0,0.0,0.0,0.0,2336.471835181992,-6.737121100445664,0.0790487466581627,18.69594983913725,332.47174500870426
1923a324-7b77-4d06-a3a6-8a7fd6e6fd8b,median_only,177,175,0.12760918337050262,0.8499208523229616,1.1893633103488668,2898.5948887199975,-6.924375044102531,0.08771251480606324,18.920974291401105,505.51415135885924
1923a324-7b77-4d06-a3a6-8a7fd6e6fd8b,kalman_only,137,176,0.03532040229846968,0.06735011371597603,1.511668123960151,170.0627665317858,-4.4612184795494745,0.10900322023961562,1.249609916963668,16.016486986050374
1923a324-7b77-4d06-a3a6-8a7fd6e6fd8b,kalman_rts,177,177,0.5904710597413088,2.1726352806941254,2.8045003394140515,0.044421697753838515,2.7048094742333384,0.7984323749838422,0.10798387264070781,0.01921300803358872
1923a324-7b77-4d06-a3a6-8a7fd6e6fd8b,kalman_rts_despike,177,0,0.5904710597413088,2.1726352806941254,2.8045003394140515,0.044421697753838515,2.7048094742333384,0.7984323749838422,0.10798387264070781,0.01921300803358872
1923a324-7b77-4d06-a3a6-8a7fd6e6fd8b,full_pipeline,177,177,0.013814303577713655,0.015020976696682417,0.14385362941077257,2256.123658885529,-6.70672579957635,0.08106156605193494,18.069383670146436,363.21666026275284
1efface8-4d43-4627-bf20-1017135f0a83,raw,328,0,0.0,0.0,0.0,4365.714227335102,-7.28011060816385,0.05339404076634974,38.648887599922375,735.9272887655387
1efface8-4d43-4627-bf20-1017135f0a83,median_only,328,326,0.11080555779567094,0.3004239821377814,1.2883645250531408,3423.6048691452957,-7.068967270741468,0.05738040414466092,25.75533610152814,466.4255470806824
1efface8-4d43-4627-bf20-1017135f0a83,kalman_only,73,327,0.03453828719222151,0.19940367472645468,0.48808525182031043,165.59920622206283,-4.438116501441167,0.8527804860681483,1.5045421618138735,15.753651989072514
1efface8-4d43-4627-bf20-1017135f0a83,kalman_rts,328,328,3.129715263344763,4.825169599223934,5.082727364850317,0.543662836950177,0.5293407044569169,0.2753270058151232,0.42601550087822404,0.07532105023190794
1efface8-4d43-4627-bf20-1017135f0a83,kalman_rts_despike,328,0,3.129715263344763,4.825169599223934,5.082727364850317,0.543662836950177,0.5293407044569169,0.2753270058151232,0.42601550087822404,0.07532105023190794
1efface8-4d43-4627-bf20-1017135f0a83,full_pipeline,328,328,0.029310397922158282,0.03890554282382734,0.040599346091370184,3741.780044739617,-7.14615650905195,0.052989033704116534,36.62463579736925,733.8454330140428
2850af90-f8fc-4050-a178-b659098e69df,raw,83,0,0.0,0.0,0.0,11024.02697201333,-8.084680534269014,0.06266566982479917,39.131994534174396,996.9812207099841
2850af90-f8fc-4050-a178-b659098e69df,median_only,83,78,0.2611204796149675,1.0590800985698499,2.3393933235264948,11164.795844035558,-8.095701572214029,0.08035910067844002,32.2553416038927,967.6602481167811
2850af90-f8fc-4050-a178-b659098e69df,kalman_only,45,82,0.12560436724599328,0.8195736315763691,1.7649023825254146,541.813569463987,-5.467699755065529,0.10949282235229992,2.032564741352789,33.1227047326537
2850af90-f8fc-4050-a178-b659098e69df,kalman_rts,83,83,0.913144932191319,2.7949951666985133,2.901264895317076,0.09889491607531382,2.0096520231016655,0.5970808093789969,0.061087604647221294,0.010794848893260905
2850af90-f8fc-4050-a178-b659098e69df,kalman_rts_despike,83,0,0.913144932191319,2.7949951666985133,2.901264895317076,0.09889491607531382,2.0096520231016655,0.5970808093789969,0.061087604647221294,0.010794848893260905
2850af90-f8fc-4050-a178-b659098e69df,full_pipeline,83,83,0.041389020080959835,0.05827893749234366,0.06011401328020564,8641.940607189212,-7.873222554485339,0.057193343704920116,36.52771355248183,954.3631294733301
2ac2bc4c-b28e-4adf-a94e-a1227f7801d9,raw,183,0,0.0,0.0,0.0,5575.163024807029,-7.492515142449883,0.059709703480939874,40.65460917015357,692.076658468673
2ac2bc4c-b28e-4adf-a94e-a1227f7801d9,median_only,183,181,0.15319628209018038,0.5714699212203076,1.9432545618284989,4288.850538476034,-7.264681823676035,0.07238295821774943,32.273169109092706,726.3156654810502
2ac2bc4c-b28e-4adf-a94e-a1227f7801d9,kalman_only,38,182,0.17869124845727113,0.6796915815189095,1.0618941973581615,590.4161722366405,-5.542316489692779,0.6121448743300341,2.8883842426914916,15.47012285320133
2ac2bc4c-b28e-4adf-a94e-a1227f7801d9,kalman_rts,183,183,1.9652943426551819,3.2820075567222116,3.514665186254363,0.7128015027716043,0.2940627858734356,0.7109155205545488,0.7739829772511116,0.13781872998678502
2ac2bc4c-b28e-4adf-a94e-a1227f7801d9,kalman_rts_despike,183,0,1.9652943426551819,3.2820075567222116,3.514665186254363,0.7128015027716043,0.2940627858734356,0.7109155205545488,0.7739829772511116,0.13781872998678502
2ac2bc4c-b28e-4adf-a94e-a1227f7801d9,full_pipeline,183,183,0.013067473815281956,0.017060372781013473,0.07603055880530377,5401.9858618242215,-7.465106886418984,0.060142664315808905,39.79447520008776,664.4054228205582
2d1d534f-da92-4cd2-830b-7c8b6382e676,raw,649,0,0.0,0.0,0.0,415.3150439333395,-5.236755325638506,0.0864958371585559,5.421118339211187,68.57718996028102
2d1d534f-da92-4cd2-830b-7c8b6382e676,median_only,649,648,0.047272302927044645,0.1853219266900018,0.42606669159960325,419.11783177326714,-5.2446722774108885,0.08652622131260601,5.486366919541934,70.07282837075611
2d1d534f-da92-4cd2-830b-7c8b6382e676,kalman_only,649,648,0.06940408331644753,0.35153709896554036,0.5619654831406503,115.80547284004592,-4.127458168317726,0.08555032301854239,4.146039770285392,24.809607079001474
2d1d534f-da92-4cd2-830b-7c8b6382e676,kalman_rts,649,648,1.2977666967428578,2.3349582383699383,2.4093770703946915,0.006022342781000814,4.440457083482055,0.032792719607846875,0.012975196858852444,0.0018526484920195496
2d1d534f-da92-4cd2-830b-7c8b6382e676,kalman_rts_despike,649,0,1.2977666967428578,2.3349582383699383,2.4093770703946915,0.006022342781000814,4.440457083482055,0.032792719607846875,0.012975196858852444,0.0018526484920195496
2d1d534f-da92-4cd2-830b-7c8b6382e676,full_pipeline,649,649,0.028984242313538706,0.04312799336098852,0.0494621037310972,160.0359990484439,-4.40843537068133,0.08639675152930404,4.4173065990134495,36.39069991182538
2e777553-6d50-42a0-9b93-ba0d32a6d98a,raw,223,0,0.0,0.0,0.0,9012.587616279647,-7.909698999523058,0.1416682522701439,26.168405788016898,864.0895372128472
2e777553-6d50-42a0-9b93-ba0d32a6d98a,median_only,223,180,0.09335890401445945,0.442316027025862,0.8026559608945156,8540.410888993147,-7.862957531197609,0.14363801103487073,24.419000931770103,881.1331944765913
2e777553-6d50-42a0-9b93-ba0d32a6d98a,kalman_only,66,222,0.018469747082651426,0.11325926375089938,0.330554002491978,788.2438738526439,-5.793321208285287,0.5579167792027956,1.2262783906640806,13.835416116446808
2e777553-6d50-42a0-9b93-ba0d32a6d98a,kalman_rts,223,223,1.8123290952901883,3.315754683158552,3.4237165053448186,0.34244281169944,0.9308238877760726,0.22013252784610196,0.0906190961406531,0.03211157335730299
2e777553-6d50-42a0-9b93-ba0d32a6d98a,kalman_rts_despike,223,0,1.8123290952901883,3.315754683158552,3.4237165053448186,0.34244281169944,0.9308238877760726,0.22013252784610196,0.0906190961406531,0.03211157335730299
2e777553-6d50-42a0-9b93-ba0d32a6d98a,full_pipeline,223,223,0.026011467557211905,0.0339796620076544,0.0350694736544745,5355.580748110074,-7.457613143435361,0.14279251247942046,23.824220385221917,726.0883129606126
2f15e60c-d955-4db2-8c3b-f233f9c696ad,raw,453,0,0.0,0.0,0.0,720.2156949534833,-5.714925162583229,0.07172274123406526,5.792377204326622,69.02018128240346
2f15e60c-d955-4db2-8c3b-f233f9c696ad,median_only,453,452,0.06021517517787865,0.2031838607699765,0.38695932621400525,711.3954443913603,-5.70422215947847,0.07252193288835147,5.862094256357898,69.23473580804341
2f15e60c-d955-4db2-8c3b-f233f9c696ad,kalman_only,421,452,0.0928681565568658,0.33495240647486774,0.9375887787552507,326.3326149746057,-5.027320962136875,0.16746824629423468,4.350759065044234,25.28952410996229
2f15e60c-d955-4db2-8c3b-f233f9c696ad,kalman_rts,453,453,3.781946384902248,6.50133834107337,6.824429681711184,0.4710894239559743,0.6537932893293539,0.7035105070111112,0.5806355273372801,0.10371428355648749
2f15e60c-d955-4db2-8c3b-f233f9c696ad,kalman_rts_despike,453,0,3.781946384902248,6.50133834107337,6.824429681711184,0.4710894239559743,0.6537932893293539,0.7035105070111112,0.5806355273372801,0.10371428355648749
2f15e60c-d955-4db2-8c3b-f233f9c696ad,full_pipeline,453,453,0.020193940783272565,0.025842991286585522,0.04881826159006365,281.68559328144164,-4.899529271405919,0.07431879774576898,5.649346979451967,32.0217601774933
32afaf69-d3a9-4e07-b029-92248bd657cb,raw,97,0,0.0,0.0,0.0,11830.461233643462,-8.146003353553647,0.011323025681035085,67.83853145302659,1839.4758959145863
32afaf69-d3a9-4e07-b029-92248bd657cb,median_only,97,95,0.2083546542698612,0.7572060359526097,2.141135819082493,3874.374789444349,-7.1764032601872145,0.05644379750727829,20.285261077284673,390.6985906676186
32afaf69-d3a9-4e07-b029-92248bd657cb,kalman_only,57,96,0.11008231612737088,0.7974429623073387,1.6938375749401782,879.8889056318105,-5.888855683580312,0.606220092975122,4.351507037693941,51.11955785150768
32afaf69-d3a9-4e07-b029-92248bd657cb,kalman_rts,97,97,0.9762367095403199,2.732518761601155,2.9979331308877466,0.38023550210650203,0.8398946691012594,0.09423028285183782,0.24583663597668104,0.043986674656870395
32afaf69-d3a9-4e07-b029-92248bd657cb,kalman_rts_despike,97,0,0.9762367095403199,2.732518761601155,2.9979331308877466,0.38023550210650203,0.8398946691012594,0.09423028285183782,0.24583663597668104,0.043986674656870395
32afaf69-d3a9-4e07-b029-92248bd657cb,full_pipeline,97,97,0.029779255702579714,0.03396587243595289,0.20656701686220302,11714.788433931479,-8.137468899514142,0.011659196271941277,65.93387982063412,1949.3740345451429
32fec03e-0046-4581-885b-ef0d7f174e53,raw,200,0,0.0,0.0,0.0,5671.11960638514,-7.5073376136851335,0.10848328742619825,41.09718254788181,488.12443584657785
32fec03e-0046-4581-885b-ef0d7f174e53,median_only,200,167,0.1426926059390153,0.862138411950455,2.105082326270916,4972.071723514253,-7.393074769666405,0.12678951432471583,33.966815130791325,609.1207300698829
32fec03e-0046-4581-885b-ef0d7f174e53,kalman_only,84,199,0.08447011606256537,0.1289341685052828,2.5348078661392437,141.39136074734665,-4.30084574827993,0.3096050669964636,0.8914596559272862,7.445113347252142
32fec03e-0046-4581-885b-ef0d7f174e53,kalman_rts,200,200,1.4580375597744375,2.5868504169357447,2.9951312791905367,0.17596720964495624,1.5091364912211356,0.5954756852241956,0.14036160060395664,0.02511440183834729
32fec03e-0046-4581-885b-ef0d7f174e53,kalman_rts_despike,200,0,1.4580375597744375,2.5868504169357447,2.9951312791905367,0.17596720964495624,1.5091364912211356,0.5954756852241956,0.14036160060395664,0.02511440183834729
32fec03e-0046-4581-885b-ef0d7f174e53,full_pipeline,200,200,0.02777455154985271,0.031307996809794486,0.033228073230391036,4810.917044203187,-7.364455736646363,0.10804974575074372,39.57425755149682,461.49018991796
33208955-66a2-4112-800a-cf10ecfc0828,raw,300,0,0.0,0.0,0.0,18235.856983027246,-8.52185235506976,0.148202085033772,57.46061103938338,2435.316615680782
33208955-66a2-4112-800a-cf10ecfc0828,median_only,300,299,0.10091085391175364,0.5475681344565038,1.558066310416338,16665.91822614844,-8.443658493126442,0.1531544811316524,54.892225873394835,2299.1024662652
33208955-66a2-4112-800a-cf10ecfc0828,kalman_only,102,299,0.07106198446090246,0.2818156303511045,0.45284680252324805,1457.7974437377022,-6.327394368707099,0.8684495641439209,4.637577513679363,17.994579675917013
33208955-66a2-4112-800a-cf10ecfc0828,kalman_rts,300,300,3.555622595176943,4.684334181727165,4.864475064283038,6.594043526338339,-1.6383036190747173,0.689734074114791,1.6022888949563885,0.5728108925709349
33208955-66a2-4112-800a-cf10ecfc0828,kalman_rts_despike,300,0,3.555622595176943,4.684334181727165,4.864475064283038,6.594043526338339,-1.6383036190747173,0.689734074114791,1.6022888949563885,0.5728108925709349
33208955-66a2-4112-800a-cf10ecfc0828,full_pipeline,300,300,0.022667826329302525,0.026900631947634913,0.027709682509813774,14413.456207824021,-8.317536265862232,0.15039568499427747,54.93192984869844,2135.6751988657547
332a7a76-cfa3-449e-9150-f93050fed050,raw,88,0,0.0,0.0,0.0,59734.95569471565,-9.552457091827662,0.05617329393648278,51.06898190526519,2553.216077488859
332a7a76-cfa3-449e-9150-f93050fed050,median_only,88,85,0.30507124137033625,1.1513284201688854,1.672222742157635,50344.21900329789,-9.403899215951643,0.050694864328774014,50.918257649776734,2545.689909983351
332a7a76-cfa3-449e-9150-f93050fed050,kalman_only,21,87,0.031180826805775726,0.15262119034964672,0.2902115790789775,670.9369304450245,-5.65336339489221,0.3251227553887586,0.47651104142320316,20.723034471739293
332a7a76-cfa3-449e-9150-f93050fed050,kalman_rts,88,88,1.447222978534345,3.611348996904105,3.97619935201676,0.06306019402055248,2.4004892855268105,0.7204015187803717,0.01523699907279522,0.004543836736263778
332a7a76-cfa3-449e-9150-f93050fed050,kalman_rts_despike,88,0,1.447222978534345,3.611348996904105,3.97619935201676,0.06306019402055248,2.4004892855268105,0.7204015187803717,0.01523699907279522,0.004543836736263778
332a7a76-cfa3-449e-9150-f93050fed050,full_pipeline,88,88,0.01626963430418129,0.022488732838643572,0.02308152155512492,53670.779826684535,-9.459475811105671,0.05595285231760607,49.08164756023069,2379.295271793487
36b05de8-5e98-425f-8b72-8e505337e150,raw,103,0,0.0,0.0,0.0,121330.58488809019,-10.16794058234029,0.030464635744534667,274.63281626527805,11663.545005201546
36b05de8-5e98-425f-8b72-8e505337e150,median_only,103,101,0.31066662375820087,0.9588087132584547,4.7202598720607085,18732.029544771973,-8.545169668188194,0.057735006939894785,48.33294065685551,1025.2270290498632
36b05de8-5e98-425f-8b72-8e505337e150,kalman_only,29,102,0.04365952181052498,0.23693967365628427,0.473951507552103,425.75191435896437,-5.258313218817913,0.9582908670047584,0.6606102319218631,18.42265549460851
36b05de8-5e98-425f-8b72-8e505337e150,kalman_rts,103,103,1.7888232385544702,5.147561975105911,5.756676517898763,0.19967399431206379,1.3993569776653456,0.1239378173465161,0.05026621301836626,0.014347947023287871
36b05de8-5e98-425f-8b72-8e505337e150,kalman_rts_despike,103,0,1.7888232385544702,5.147561975105911,5.756676517898763,0.19967399431206379,1.3993569776653456,0.1239378173465161,0.05026621301836626,0.014347947023287871
36b05de8-5e98-425f-8b72-8e505337e150,full_pipeline,103,103,0.015358858464927147,0.020754210267961135,0.021145001198893915,120226.95463380308,-10.16000369301008,0.030658348313739325,272.6412097671333,11566.873962811904
3b89ea04-d406-49af-84b4-f944b83bd242,raw,273,0,0.0,0.0,0.0,568.9920478605444,-5.5102123936181995,0.03799547912753183,15.21201351288345,127.00046432522987
3b89ea04-d406-49af-84b4-f944b83bd242,median_only,273,272,0.10975637480230087,0.40143243916233556,0.9327355216896076,634.4653082620863,-5.604815760844923,0.038893447030056406,15.23186521559198,127.05825898164214
3b89ea04-d406-49af-84b4-f944b83bd242,kalman_only,137,272,0.200754600557541,0.42398655806556096,2.2294782272303397,831.8279875796278,-5.8400670569842825,0.2935987245340016,6.629907015642916,68.48804641356536
3b89ea04-d406-49af-84b4-f944b83bd242,kalman_rts,273,273,1.8797097945522772,3.3546448406392693,3.4724772597185383,0.6173036291479063,0.4190023384486031,0.7929111232468095,0.5139491814307774,0.09044155798691778
3b89ea04-d406-49af-84b4-f944b83bd242,kalman_rts_despike,273,0,1.8797097945522772,3.3546448406392693,3.4724772597185383,0.6173036291479063,0.4190023384486031,0.7929111232468095,0.5139491814307774,0.09044155798691778
3b89ea04-d406-49af-84b4-f944b83bd242,full_pipeline,273,273,0.0432024428857696,0.05675227433923082,0.05700091269034038,339.0671668073902,-5.060571474780347,0.03456628478882696,13.459524189838834,85.58309278142364
3c77a7e3-9d0f-43f4-bbfa-c142c7b24bf1,raw,300,0,0.0,0.0,0.0,16021.472653305462,-8.409404865669947,0.14950345786494015,66.12947688690309,1266.4803092380869
3c77a7e3-9d0f-43f4-bbfa-c142c7b24bf1,median_only,300,298,0.09709717531822205,0.5931945088674558,1.842177570023415,14073.120338516746,-8.296780802624246,0.15650860533107205,60.02546435614054,892.8448281415125
3c77a7e3-9d0f-43f4-bbfa-c142c7b24bf1,kalman_only,98,299,0.07154908862993839,0.2573011477317074,0.4011768326108718,1450.7720866650873,-6.32319838203854,0.8961938404747216,4.301344186693892,20.180734778518865
3c77a7e3-9d0f-43f4-bbfa-c142c7b24bf1,kalman_rts,300,300,3.640934676079343,4.700615835407995,4.944636328207087,6.11723153967641,-1.5731098380713702,0.6631324883826216,1.6262137519483162,0.5778931996359348
3c77a7e3-9d0f-43f4-bbfa-c142c7b24bf1,kalman_rts_despike,300,0,3.640934676079343,4.700615835407995,4.944636328207087,6.11723153967641,-1.5731098380713702,0.6631324883826216,1.6262137519483162,0.5778931996359348
3c77a7e3-9d0f-43f4-bbfa-c142c7b24bf1,full_pipeline,300,300,0.02308835324824944,0.02751717759114375,0.027949095513099768,14243.580665502805,-8.307238358909384,0.15144690679817746,63.23244389896261,1083.8451182436334
3d2d3fba-5e87-4b9f-97a7-05ca1da9dd0f,raw,323,0,0.0,0.0,0.0,3393.6854239171494,-7.061343166246975,0.07987877203814708,19.19400100342479,355.93119101539173
3d2d3fba-5e87-4b9f-97a7-05ca1da9dd0f,median_only,323,321,0.1147257408971414,0.38788029076096914,1.1881851097234295,3372.272213642902,-7.055845248222978,0.0791457212066019,18.964345288816347,351.6722376086498
3d2d3fba-5e87-4b9f-97a7-05ca1da9dd0f,kalman_only,290,322,0.16245799094879795,0.5554216679958112,2.2140644165147707,1108.725348159205,-6.089647953341442,0.11912907767462125,7.8190240800625075,196.1990838841529
3d2d3fba-5e87-4b9f-97a7-05ca1da9dd0f,kalman_rts,323,322,1.5358147653496164,3.37511590405192,3.551493550437423,0.558673476215062,0.5056838923545758,0.5165979807947504,0.41709843050195244,0.07394417315376767
3d2d3fba-5e87-4b9f-97a7-05ca1da9dd0f,kalman_rts_despike,323,0,1.5358147653496164,3.37511590405192,3.551493550437423,0.558673476215062,0.5056838923545758,0.5165979807947504,0.41709843050195244,0.07394417315376767
3d2d3fba-5e87-4b9f-97a7-05ca1da9dd0f,full_pipeline,323,323,0.0384592962506655,0.04679930415265861,0.04831595181455503,1904.0336374556066,-6.559349233088838,0.08372508337686621,16.869499874212693,269.2727074045529
3d47c3b9-21d9-4794-995d-52804115fb8b,raw,64,0,0.0,0.0,0.0,48613.839916190314,-9.373519853074747,0.08504172657185534,64.31510330285903,1279.2551581349962
3d47c3b9-21d9-4794-995d-52804115fb8b,median_only,64,63,0.3244143831369316,1.059659584723522,2.0767955538940672,34249.974519316645,-9.06932050545985,0.09792282799839028,41.16027704214148,1314.0651421054433
3d47c3b9-21d9-4794-995d-52804115fb8b,kalman_only,12,63,0.20335792681042708,0.6787560718654787,0.8457451849063309,4616.998181399815,-7.328719406971817,0.8116040986772017,1.9496921165619516,92.24519368320526
3d47c3b9-21d9-4794-995d-52804115fb8b,kalman_rts,64,64,1.6785490945053914,3.019703901245867,3.279646266758874,1.0132155844732165,-0.011403722704807407,0.5992294313698969,0.1765614674478864,0.052652525333075906
3d47c3b9-21d9-4794-995d-52804115fb8b,kalman_rts_despike,64,0,1.6785490945053914,3.019703901245867,3.279646266758874,1.0132155844732165,-0.011403722704807407,0.5992294313698969,0.1765614674478864,0.052652525333075906
3d47c3b9-21d9-4794-995d-52804115fb8b,full_pipeline,64,64,0.020572160665997,0.02517381290026413,0.0256526153977281,42527.86634096166,-9.257347188677928,0.08335555725773035,62.10300691939258,1274.5507656911393
3fcbd2bc-bf2f-453f-821f-e9d90e2b2ead,raw,95,0,0.0,0.0,0.0,7284.683155300651,-7.724821334065958,0.009010684422013495,40.90567363523256,592.2299665378108
3fcbd2bc-bf2f-453f-821f-e9d90e2b2ead,median_only,95,93,0.25528401113193583,0.8814119119790694,1.4223005604498022,5138.406139278111,-7.421656855787666,0.03765169938521387,21.80570398675401,638.0130028543884
3fcbd2bc-bf2f-453f-821f-e9d90e2b2ead,kalman_only,46,94,0.09401462998050292,0.560303840351566,1.4592564709008513,434.8650554744903,-5.276709020783219,0.7266539637709936,1.9023429095880624,26.269000485608164
3fcbd2bc-bf2f-453f-821f-e9d90e2b2ead,kalman_rts,95,95,0.9558413951488092,2.5648053439501504,3.028540446945325,0.31673394561643714,0.9986107738600019,0.8119778532057865,0.20868122639330106,0.037338589404780353
3fcbd2bc-bf2f-453f-821f-e9d90e2b2ead,kalman_rts_despike,95,0,0.9558413951488092,2.5648053439501504,3.028540446945325,0.31673394561643714,0.9986107738600019,0.8119778532057865,0.20868122639330106,0.037338589404780353
3fcbd2bc-bf2f-453f-821f-e9d90e2b2ead,full_pipeline,95,95,0.014011279688793517,0.01640880882792662,0.04068860122058429,7142.032330477233,-7.70764362364186,0.007336843380847529,40.04679699474237,590.4027116563627
42f8729a-ed28-45a2-bf9b-397d2d698bb0,raw,84,0,0.0,0.0,0.0,39653.57340357652,-9.196564660206473,0.06641621400991898,45.69363334521505,2236.712339655829
42f8729a-ed28-45a2-bf9b-397d2d698bb0,median_only,84,83,0.27725710929548275,0.8933070159360085,1.8121258685858785,40776.62272472348,-9.220822506015436,0.061828144337840715,45.27286456709465,2263.640123321001
42f8729a-ed28-45a2-bf9b-397d2d698bb0,kalman_only,18,83,0.08386047355012465,0.2852717848392935,0.425252041728534,1094.7619171155807,-6.078639362872181,0.919464323922885,0.9831465774978878,17.07156899967072
42f8729a-ed28-45a2-bf9b-397d2d698bb0,kalman_rts,84,84,1.4442813969129422,2.755577727667946,3.010427502366033,0.46385971762402295,0.6672266794291045,0.5132073846664735,0.08191531908470641,0.024416750466749182
42f8729a-ed28-45a2-bf9b-397d2d698bb0,kalman_rts_despike,84,0,1.4442813969129422,2.755577727667946,3.010427502366033,0.46385971762402295,0.6672266794291045,0.5132073846664735,0.08191531908470641,0.024416750466749182
42f8729a-ed28-45a2-bf9b-397d2d698bb0,full_pipeline,84,84,0.019678251539374553,0.025320701891412792,0.05193950204306824,33105.19465815854,-9.039792291742666,0.06523004515176185,44.20844389290815,2084.904796488838
451867f4-8a40-46f3-a665-55aa1285c898,raw,77,0,0.0,0.0,0.0,43397.0677962097,-9.27492077317497,0.09962808527404048,59.18398777457417,2959.1029677794563
451867f4-8a40-46f3-a665-55aa1285c898,median_only,77,74,0.317548764864098,1.150369761027979,2.1510734643956697,36946.81207005561,-9.135153943101086,0.12256283049100057,55.83780307703124,2694.043897188755
451867f4-8a40-46f3-a665-55aa1285c898,kalman_only,7,76,0.10925546537921285,0.2692577445118228,0.26972886809189384,121.08081310925584,-4.166150657533707,0.9495334094658785,0.06051314915302523,2.2707552980207435
451867f4-8a40-46f3-a665-55aa1285c898,kalman_rts,77,77,2.157018760082275,3.2497579924610194,3.454276440887034,0.01197916560766837,3.84314383573486,0.6581950980018847,0.003247586538224945,0.0009684651783193861
451867f4-8a40-46f3-a665-55aa1285c898,kalman_rts_despike,77,0,2.157018760082275,3.2497579924610194,3.454276440887034,0.01197916560766837,3.84314383573486,0.6581950980018847,0.003247586538224945,0.0009684651783193861
451867f4-8a40-46f3-a665-55aa1285c898,full_pipeline,77,77,0.016493263714149064,0.02058042958915582,0.02090429321926358,39503.483540799134,-9.193270789523261,0.10017982125398066,57.61791746767287,2858.6249290552237
48c9026f-11c4-410d-82ec-f33d477d9db6,raw,423,0,0.0,0.0,0.0,5990.405110222857,-7.554912386409744,0.023808674340512967,54.04307487329892,1617.3993744922423
48c9026f-11c4-410d-82ec-f33d477d9db6,median_only,423,420,0.07938275513605204,0.26032460419295506,1.8057341186952673,5907.650233425211,-7.542829549383406,0.024224936182229168,53.39650352551479,1598.0816582430543
48c9026f-11c4-410d-82ec-f33d477d9db6,kalman_only,394,422,0.12238364445195704,0.4347620633854116,1.8033854227621011,534.2978029139762,-5.455566776648433,0.12319516133515789,5.9500223163902035,65.62551121326479
48c9026f-11c4-410d-82ec-f33d477d9db6,kalman_rts,423,423,1.3658898261533985,2.6102357854718745,3.105810507340542,0.17663942413042785,1.5058247057013405,0.4393495112714227,0.14814917272927552,0.02630907373261001
48c9026f-11c4-410d-82ec-f33d477d9db6,kalman_rts_despike,423,0,1.3658898261533985,2.6102357854718745,3.105810507340542,0.17663942413042785,1.5058247057013405,0.4393495112714227,0.14814917272927552,0.02630907373261001
48c9026f-11c4-410d-82ec-f33d477d9db6,full_pipeline,423,423,0.02851444398337557,0.03670539213676172,0.0390331577741351,5581.088308830577,-7.493437788711659,0.024723076150094482,52.39972874013138,1543.379971224175
511a396b-aa38-4056-a980-76723ed0c05f,raw,300,0,0.0,0.0,0.0,15929.383339850665,-8.404397927335623,0.14274343688590704,50.33303873697332,1017.4312739071837
511a396b-aa38-4056-a980-76723ed0c05f,median_only,300,299,0.10347529289039573,0.555988675042987,1.444123071804262,14448.472803674385,-8.319643889619249,0.14878923076863476,46.143920879846696,974.8215391928883
511a396b-aa38-4056-a980-76723ed0c05f,kalman_only,140,299,0.12283718992724497,0.27754502885609295,0.9138053323927308,1718.1962380585364,-6.4701455276504305,0.4689411165706421,4.712705639262633,65.89664341274732
511a396b-aa38-4056-a980-76723ed0c05f,kalman_rts,300,300,2.8032710952035615,4.186294046181379,4.329823711925504,6.361168960410522,-1.6070738622530694,0.785169433422284,1.685399847453952,0.6005525626759525
511a396b-aa38-4056-a980-76723ed0c05f,kalman_rts_despike,300,0,2.8032710952035615,4.186294046181379,4.329823711925504,6.361168960410522,-1.6070738622530694,0.785169433422284,1.685399847453952,0.6005525626759525
511a396b-aa38-4056-a980-76723ed0c05f,full_pipeline,300,300,0.022768842225348838,0.02674833351993851,0.027090694909101612,11871.33096181185,-8.14899882577207,0.14520730332637213,47.989807318897434,859.6543399375165
57660e2f-8425-445f-bca0-17c6e557f1b0,raw,1161,0,0.0,0.0,0.0,34215.22498323285,-9.068438800116088,0.017721408783060878,109.30713823450871,5453.545364093995
57660e2f-8425-445f-bca0-17c6e557f1b0,median_only,1161,1119,0.06700964302307687,0.26244276909618114,2.1992566461442355,34387.96499616805,-9.072812951988038,0.01656690046058134,110.62122375832463,5519.163192936277
57660e2f-8425-445f-bca0-17c6e557f1b0,kalman_only,67,1160,0.15606369611444265,1.591277628067246,2.232320375191912,1076.6053435322463,-6.0641130620513115,0.24397295022233007,1.8613739018053466,33.890235855481514
57660e2f-8425-445f-bca0-17c6e557f1b0,kalman_rts,1161,1161,1.9726276902209567,3.5861422233286526,4.14401649712704,0.4101582927098254,0.7740970040610984,0.0579935524137461,0.19458889422690212,0.05802849794754733
57660e2f-8425-445f-bca0-17c6e557f1b0,kalman_rts_despike,1161,0,1.9726276902209567,3.5861422233286526,4.14401649712704,0.4101582927098254,0.7740970040610984,0.0579935524137461,0.19458889422690212,0.05802849794754733
57660e2f-8425-445f-bca0-17c6e557f1b0,full_pipeline,1161,1161,0.03136611845808324,0.046751948068730974,0.0588047525364552,29184.82910985864,-8.930314309332948,0.017952359640447925,105.73361119440118,5257.851102121333
57699afd-a167-4185-8c9c-bf0424673650,raw,71,0,0.0,0.0,0.0,60481.84243662577,-9.56325002490271,0.06858164592049826,63.252344181995845,1682.9727675664356
57699afd-a167-4185-8c9c-bf0424673650,median_only,71,66,0.35040407087395253,1.344756546823584,2.3145920612713584,52109.585191892395,-9.43383523212937,0.06954270054364736,52.83918713480931,1703.2290277968655
57699afd-a167-4185-8c9c-bf0424673650,kalman_only,18,70,0.03980620839511276,0.09812930626711834,0.41431844146187286,436.0036997724448,-5.278980349105705,0.7036271089964367,0.4517741361786411,12.229856662871072
57699afd-a167-4185-8c9c-bf0424673650,kalman_rts,71,71,1.489246468850799,2.9087697111425603,3.601553190732479,0.18252022880866947,1.4773779778921703,0.8882477088484151,0.08378477148206208,0.024875941624816905
57699afd-a167-4185-8c9c-bf0424673650,kalman_rts_despike,71,0,1.489246468850799,2.9087697111425603,3.601553190732479,0.18252022880866947,1.4773779778921703,0.8882477088484151,0.08378477148206208,0.024875941624816905
57699afd-a167-4185-8c9c-bf0424673650,full_pipeline,71,71,0.01349620648457761,0.016195456781543778,0.04956651390725884,56115.250630923634,-9.49816181394764,0.06881415802895184,61.81756642722343,1524.6955381683806
59b735c5-5858-4400-acef-0620ed6302ef,raw,158,0,0.0,0.0,0.0,10825.794684719918,-8.06891957254893,0.09640969790415585,31.215795984464584,873.3796241205034
59b735c5-5858-4400-acef-0620ed6302ef,median_only,158,149,0.1531575441474367,0.6836037798196227,1.764849649695208,10217.550084206658,-8.018693550411749,0.10166638502971989,31.589740249742583,862.6876769978528
59b735c5-5858-4400-acef-0620ed6302ef,kalman_only,14,157,0.09251929060581705,0.22024142816714667,0.29487587979841556,312.3373831437596,-4.989247934655884,0.6350940400841418,0.9776304689506748,13.13120591618922
59b735c5-5858-4400-acef-0620ed6302ef,kalman_rts,158,158,2.513316650940315,3.5969736191144346,3.7255651147114635,0.3731645151726789,0.8561993183582188,0.15677555322811512,0.27466757652449586,0.04914529235258036
59b735c5-5858-4400-acef-0620ed6302ef,kalman_rts_despike,158,0,2.513316650940315,3.5969736191144346,3.7255651147114635,0.3731645151726789,0.8561993183582188,0.15677555322811512,0.27466757652449586,0.04914529235258036
59b735c5-5858-4400-acef-0620ed6302ef,full_pipeline,158,158,0.0221419072011136,0.028563650810983922,0.029758352988889226,9390.19949527373,-7.945349637945685,0.10179773885162058,29.699628582110126,811.9044721337709
5f639758-d852-4d8c-9ab6-59ec429710dd,raw,300,0,0.0,0.0,0.0,7525.951095247807,-7.753122783765453,0.17308016712873697,40.08383968182018,640.9496107642645
5f639758-d852-4d8c-9ab6-59ec429710dd,median_only,300,297,0.09384260648831318,0.474004074468096,1.2981002695702788,5551.38113563288,-7.488802090556332,0.18185457394935928,40.56628877623057,406.0394844191848
5f639758-d852-4d8c-9ab6-59ec429710dd,kalman_only,102,299,0.0689036415376736,0.24910051484468687,0.3895658173030642,1316.1237687361524,-6.238593464804554,0.9208104087575795,4.1435798906588435,18.781020778229358
5f639758-d852-4d8c-9ab6-59ec429710dd,kalman_rts,300,300,3.513557715121988,4.465408866190081,4.657283833576304,5.468953669735783,-1.4758084885398732,0.6928289617527542,1.5781842928469136,0.560652541834756
5f639758-d852-4d8c-9ab6-59ec429710dd,kalman_rts_despike,300,0,3.513557715121988,4.465408866190081,4.657283833576304,5.468953669735783,-1.4758084885398732,0.6928289617527542,1.5781842928469136,0.560652541834756
5f639758-d852-4d8c-9ab6-59ec429710dd,full_pipeline,300,300,0.021400689102992358,0.02586349431226044,0.026652085235639344,5387.075505514834,-7.462706125362799,0.1750717904002679,38.895042342896296,474.97987004354667
663f8c26-38d2-4a43-af41-406c1a9ed3a1,raw,300,0,0.0,0.0,0.0,19076.9723571338,-8.561018900806882,0.11263043261560643,50.96950066689639,1596.4752930346601
663f8c26-38d2-4a43-af41-406c1a9ed3a1,median_only,300,298,0.11409677292520357,0.6074037275267121,1.3562455962734552,18201.32847417401,-8.520206174645699,0.11746875101614405,49.320972165104,1590.1094556591638
663f8c26-38d2-4a43-af41-406c1a9ed3a1,kalman_only,117,299,0.12778343815517415,0.29245329496357,1.6739580810523433,1791.7720481710671,-6.506565514537786,0.5252813139231737,4.712209200466589,114.66803036845398
663f8c26-38d2-4a43-af41-406c1a9ed3a1,kalman_rts,300,300,3.8002949858793347,5.349036239140364,5.512226847065458,9.455937202293493,-1.9514091587230473,0.795438452649459,2.1616803318099276,0.772790751519144
663f8c26-38d2-4a43-af41-406c1a9ed3a1,kalman_rts_despike,300,0,3.8002949858793347,5.349036239140364,5.512226847065458,9.455937202293493,-1.9514091587230473,0.795438452649459,2.1616803318099276,0.772790751519144
663f8c26-38d2-4a43-af41-406c1a9ed3a1,full_pipeline,300,300,0.022576566892547997,0.02730864117794283,0.028151519827453182,14371.126400457553,-8.314981618430098,0.11448831931721765,47.85467154008732,1258.0399425548796
6d81c012-de25-4065-b7ef-1b93ed31c31a,raw,60,0,0.0,0.0,0.0,37740.29137266018,-9.153610497595823,0.22681738840497748,57.54974643511216,2250.9756002833824
6d81c012-de25-4065-b7ef-1b93ed31c31a,median_only,60,58,0.35249027915363207,0.9312921611763902,2.2269813177236495,39328.0466495241,-9.189404752702533,0.2566189203019912,58.242415183205175,2331.886152958183
6d81c012-de25-4065-b7ef-1b93ed31c31a,kalman_only,15,59,0.2033495822583327,0.6724152142380903,0.7561299454869448,1213.4803913067076,-6.168065525874682,0.8344615192384264,1.0898477231776538,24.060685745745374
6d81c012-de25-4065-b7ef-1b93ed31c31a,kalman_rts,60,60,1.9388061785219766,3.6000777908381236,3.670725273487473,0.5148498861359069,0.576638756302909,0.6313934677091606,0.12313091836111385,0.03671896190267088
6d81c012-de25-4065-b7ef-1b93ed31c31a,kalman_rts_despike,60,0,1.9388061785219766,3.6000777908381236,3.670725273487473,0.5148498861359069,0.576638756302909,0.6313934677091606,0.12313091836111385,0.03671896190267088
6d81c012-de25-4065-b7ef-1b93ed31c31a,full_pipeline,60,60,0.02279263244552123,0.03134961694544744,0.03172911116714179,33024.794183617516,-9.037680239389315,0.23088676811641692,55.031749455708315,2128.0504581701207
710ec72e-e54b-4ace-b3e8-2670fb2657d8,raw,80,0,0.0,0.0,0.0,36637.06072965005,-9.127841248763596,0.20649456081282125,59.72844102865566,2264.138876942248
710ec72e-e54b-4ace-b3e8-2670fb2657d8,median_only,80,79,0.2815743197989433,1.0604805281217184,2.11975704116249,35048.748756370755,-9.089345036451093,0.2213677541365691,60.447332544876566,2294.7656820822353
710ec72e-e54b-4ace-b3e8-2670fb2657d8,kalman_only,15,79,0.11464614513606888,0.5049703718613868,0.7516252195713535,796.4430294082483,-5.802309431213356,0.8183794755771994,0.8724481095427096,23.708442310146175
710ec72e-e54b-4ace-b3e8-2670fb2657d8,kalman_rts,80,80,2.163263879132815,3.6572603655831757,3.8043458619784456,0.4324650107818419,0.7280980457019732,0.3173338458482942,0.12467013675871425,0.03717797348762805
710ec72e-e54b-4ace-b3e8-2670fb2657d8,kalman_rts_despike,80,0,2.163263879132815,3.6572603655831757,3.8043458619784456,0.4324650107818419,0.7280980457019732,0.3173338458482942,0.12467013675871425,0.03717797348762805
710ec72e-e54b-4ace-b3e8-2670fb2657d8,full_pipeline,80,80,0.024237539163256754,0.03014825442202688,0.030502720400532504,30457.07004240488,-8.967376244118295,0.2094338760373254,57.02807810117552,2140.3698599887116
71551702-b027-418a-a051-cdb8569f6bab,raw,139,0,0.0,0.0,0.0,3979.3681704892015,-7.199628243718728,0.09772627128998759,41.016032046483865,799.6853202162893
71551702-b027-418a-a051-cdb8569f6bab,median_only,139,138,0.15745396885508317,0.8400429398618908,2.357842301659955,7941.309622584293,-7.799784257993018,0.13101093449061807,38.71102979907335,1161.3308939722006
71551702-b027-418a-a051-cdb8569f6bab,kalman_only,80,138,0.04551917267847881,0.12193816679354803,1.3633611942289858,142.5574305336045,-4.3079797180105714,0.4328109442737216,0.9255377382819864,9.69145495822593
71551702-b027-418a-a051-cdb8569f6bab,kalman_rts,139,139,0.9332056011988993,2.4081613457732804,2.908329483336372,0.1645340806797474,1.5674882460341997,0.5403428413554723,0.16144720409215926,0.028887173855279835
71551702-b027-418a-a051-cdb8569f6bab,kalman_rts_despike,139,0,0.9332056011988993,2.4081613457732804,2.908329483336372,0.1645340806797474,1.5674882460341997,0.5403428413554723,0.16144720409215926,0.028887173855279835
71551702-b027-418a-a051-cdb8569f6bab,full_pipeline,139,139,0.012166800163513935,0.013570793981527624,0.01392630617025414,3801.38617159191,-7.159883981075428,0.09709537567647937,40.25982739101144,776.9996967748575
7323bdcf-1706-4d92-b9df-fa360f7b19e4,raw,84,0,0.0,0.0,0.0,31959.497324464184,-9.009199879774005,0.09749179933347225,62.82493347353178,1190.1965660550445
7323bdcf-1706-4d92-b9df-fa360f7b19e4,median_only,84,82,0.30436342827505697,1.112384309438564,2.037033988197928,31978.51212243655,-9.009716506559782,0.10051531431213999,56.05107205512278,1178.7037209244643
7323bdcf-1706-4d92-b9df-fa360f7b19e4,kalman_only,25,83,0.1769505520696291,0.7312452529125115,1.0926289694975717,3142.224295921572,-6.9944743645933505,0.6251162672296143,3.171672634529444,113.5635721842414
7323bdcf-1706-4d92-b9df-fa360f7b19e4,kalman_rts,84,84,1.7020334917673046,3.1949942223758048,3.4295542330547373,0.9316896041098885,0.06145750027431535,0.21895042929839265,0.19473426468481095,0.0571807301825808
7323bdcf-1706-4d92-b9df-fa360f7b19e4,kalman_rts_despike,84,0,1.7020334917673046,3.1949942223758048,3.4295542330547373,0.9316896041098885,0.06145750027431535,0.21895042929839265,0.19473426468481095,0.0571807301825808
7323bdcf-1706-4d92-b9df-fa360f7b19e4,full_pipeline,84,84,0.02275737595576206,0.027793407296831683,0.028115702793378803,29107.4257863964,-8.928007597672716,0.09920861860292579,60.138290446226364,1077.2005514684852
7473617c-26a8-428f-9ba6-fc51dd7d2156,raw,92,0,0.0,0.0,0.0,34701.508217389084,-9.08069670152729,0.20402118963931196,59.019314731273276,1321.9956022134159
7473617c-26a8-428f-9ba6-fc51dd7d2156,median_only,92,67,0.20160141475398707,0.8994480774524912,2.3171241335403088,33512.185586906155,-9.0504055048726,0.21406204689460628,59.00301117916463,1337.907141281657
7473617c-26a8-428f-9ba6-fc51dd7d2156,kalman_only,19,91,0.1508148971143651,0.4002969200383516,0.8968820317848921,2617.087146096686,-6.835636368809583,0.6540329330513005,2.000763823986882,80.32694923359168
7473617c-26a8-428f-9ba6-fc51dd7d2156,kalman_rts,92,92,2.0206434157060893,3.016931397125646,3.1474979896202395,0.7714986278731324,0.22532968327475694,0.7102563610543972,0.20985431051334894,0.06258080857234338
7473617c-26a8-428f-9ba6-fc51dd7d2156,kalman_rts_despike,92,0,2.0206434157060893,3.016931397125646,3.1474979896202395,0.7714986278731324,0.22532968327475694,0.7102563610543972,0.20985431051334894,0.06258080857234338
7473617c-26a8-428f-9ba6-fc51dd7d2156,full_pipeline,92,92,0.013790884964648321,0.018612471499239943,0.037750394001319534,27535.27707205795,-8.879778901802421,0.2084468466124023,57.3528164119878,1320.9518013895238
74790585-e2d8-469c-bb0a-b5ca9d31a966,raw,67,0,0.0,0.0,0.0,35426.213125476825,-9.09864946206932,0.09886380601300718,50.21919931663222,1677.4075285456029
74790585-e2d8-469c-bb0a-b5ca9d31a966,median_only,67,65,0.3956442622357325,1.2529699480190957,1.825063720813345,33658.69920903727,-9.054194656003716,0.12647558360113093,50.82363759960721,1697.5951702613784
74790585-e2d8-469c-bb0a-b5ca9d31a966,kalman_only,7,66,0.08377332349017193,0.16516874807474183,0.17163506020686287,1028.7630223641138,-6.024630691347251,0.9773132730751706,0.5077980586551551,20.404268507139992
74790585-e2d8-469c-bb0a-b5ca9d31a966,kalman_rts,67,67,2.078504714848922,3.8696825588739356,3.9938110964971667,0.07588407801996161,2.2396986008121837,0.5806986493466445,0.024185764349013917,0.007110442653763746
74790585-e2d8-469c-bb0a-b5ca9d31a966,kalman_rts_despike,67,0,2.078504714848922,3.8696825588739356,3.9938110964971667,0.07588407801996161,2.2396986008121837,0.5806986493466445,0.024185764349013917,0.007110442653763746
74790585-e2d8-469c-bb0a-b5ca9d31a966,full_pipeline,67,67,0.019357827047979826,0.022777988204878887,0.022804192384659333,28614.37652651369,-8.91316857516681,0.09808646027589053,48.12011730764397,1504.9247494689355
757750a0-6a79-4d73-b82c-bd9d28f11ccc,raw,300,0,0.0,0.0,0.0,13493.469958906366,-8.260247293001639,0.14898711293179687,45.14492480558938,1035.988669231008
757750a0-6a79-4d73-b82c-bd9d28f11ccc,median_only,300,299,0.10143348485812834,0.5795999303132735,1.470335493652598,12777.395615060617,-8.212884683345592,0.15591386830251922,43.29727816474228,1030.8931034887812
757750a0-6a79-4d73-b82c-bd9d28f11ccc,kalman_only,141,299,0.12944740640903438,0.27141537907970237,0.9855942413010942,2021.2781115248383,-6.611252146071554,0.4601325038244165,5.555417520103331,60.361622572001046
757750a0-6a79-4d73-b82c-bd9d28f11ccc,kalman_rts,300,300,2.7005407358248577,4.147812723061372,4.2329630210982305,5.6295002543811385,-1.5009396862003022,0.7963890994074848,1.6734583648424923,0.5955941925632818
757750a0-6a79-4d73-b82c-bd9d28f11ccc,kalman_rts_despike,300,0,2.7005407358248577,4.147812723061372,4.2329630210982305,5.6295002543811385,-1.5009396862003022,0.7963890994074848,1.6734583648424923,0.5955941925632818
757750a0-6a79-4d73-b82c-bd9d28f11ccc,full_pipeline,300,300,0.02252636721509477,0.026429112508229012,0.027400777819010978,10315.590240544852,-8.026988165224811,0.15130949487189402,43.93011978148156,888.9418668228215
76a8936a-1587-42ba-9e7f-854d230d8e7b,raw,368,0,0.0,0.0,0.0,1598.863422116269,-6.407622734178421,0.026544238981857912,11.204445446151677,185.0714041373547
76a8936a-1587-42ba-9e7f-854d230d8e7b,median_only,368,366,0.09035012577382133,0.24485190207653149,0.6782595662283347,1588.542705969403,-6.401997789560261,0.026373931440341992,11.07039546083392,187.207844701753
76a8936a-1587-42ba-9e7f-854d230d8e7b,kalman_only,231,367,0.11316798998174352,0.2792777938923723,1.6241229661934795,605.7509280723564,-5.564588176387209,0.09393024462988807,7.466426914770491,32.994366813958784
76a8936a-1587-42ba-9e7f-854d230d8e7b,kalman_rts,368,368,3.4507048972160903,6.249343933316325,6.53579522385235,0.95712146374849,0.03806588846881339,0.9266715356987466,0.8722121038712394,0.1560617957040733
76a8936a-1587-42ba-9e7f-854d230d8e7b,kalman_rts_despike,368,0,3.4507048972160903,6.249343933316325,6.53579522385235,0.95712146374849,0.03806588846881339,0.9266715356987466,0.8722121038712394,0.1560617957040733
76a8936a-1587-42ba-9e7f-854d230d8e7b,full_pipeline,368,368,0.02526802527206839,0.0345016305571551,0.039130696054325134,626.2044907050962,-5.593432355502867,0.025891028359537202,9.615465984593728,93.73551663979165
773e4afa-dd28-40a5-95b6-f411898f3712,raw,81,0,0.0,0.0,0.0,39438.94647364843,-9.191850610368364,0.051090818286507224,59.45754530415661,2859.908878988881
773e4afa-dd28-40a5-95b6-f411898f3712,median_only,81,80,0.2867333653480692,1.1492232186562195,1.7864087321697106,36170.816191050675,-9.116716617372296,0.06188423059190179,46.42084676469746,2321.0423382348727
773e4afa-dd28-40a5-95b6-f411898f3712,kalman_only,27,80,0.07746317790656748,0.3629641066110589,0.5540150507668563,1023.4243158949429,-6.020111462625223,0.5257273751603498,1.0308634325542723,27.379407731350835
773e4afa-dd28-40a5-95b6-f411898f3712,kalman_rts,81,81,1.243371836528101,2.656905404577607,2.909228193842786,0.4864251758181269,0.6259679090729079,0.5909431646887082,0.13061967128450205,0.0389521884768082
773e4afa-dd28-40a5-95b6-f411898f3712,kalman_rts_despike,81,0,1.243371836528101,2.656905404577607,2.909228193842786,0.4864251758181269,0.6259679090729079,0.5909431646887082,0.13061967128450205,0.0389521884768082
773e4afa-dd28-40a5-95b6-f411898f3712,full_pipeline,81,81,0.018614291763232566,0.023695903986474285,0.02412846884607167,35432.34153492788,-9.098799706986217,0.05565501659478152,59.25688831278607,2842.9631541328868
7a0c087a-b6c7-42ea-bc67-63453d4cac7f,raw,300,0,0.0,0.0,0.0,21358.849904765026,-8.65915572766233,0.16035052629283758,57.474713099292174,1643.5891881949167
7a0c087a-b6c7-42ea-bc67-63453d4cac7f,median_only,300,297,0.09937021440616865,0.4762159674839347,1.6065615463335317,20450.958706230267,-8.621427343617409,0.16707459107681139,55.297726673447016,1614.438617033937
7a0c087a-b6c7-42ea-bc67-63453d4cac7f,kalman_only,93,299,0.0514153512436233,0.2705826691442539,0.4340945562798954,1946.5949093150718,-6.578551166570177,0.9151212510854003,4.391644051277981,26.119779201797765
7a0c087a-b6c7-42ea-bc67-63453d4cac7f,kalman_rts,300,300,3.0582412731745867,4.109155163001123,4.317921814262458,3.9189847219247045,-1.1863471408162107,0.5505229550090999,1.0772284730407145,0.38383357896372294
7a0c087a-b6c7-42ea-bc67-63453d4cac7f,kalman_rts_despike,300,0,3.0582412731745867,4.109155163001123,4.317921814262458,3.9189847219247045,-1.1863471408162107,0.5505229550090999,1.0772284730407145,0.38383357896372294
7a0c087a-b6c7-42ea-bc67-63453d4cac7f,full_pipeline,300,300,0.021940751593550484,0.026553955164453063,0.027282722322788534,17489.844357508286,-8.485571889400342,0.16228675435112527,55.110359269480696,1458.5633077828668
7f7bf52f-1a8f-4c38-8d68-41b634af50ab,raw,69,0,0.0,0.0,0.0,96837.71508398298,-9.972089067154325,0.06739366308849612,71.65342794168696,3581.5965411240845
7f7bf52f-1a8f-4c38-8d68-41b634af50ab,median_only,69,64,0.3380580498808573,1.408520955911947,2.3980069077851764,86026.5804355307,-9.869265319996574,0.07535134565167907,71.2596864896307,3562.704753422865
7f7bf52f-1a8f-4c38-8d68-41b634af50ab,kalman_only,13,68,0.047524035823715456,0.13650089883912853,0.13699394022624092,1296.6068200108218,-6.225616603229246,0.6330632760407918,0.676332328254092,32.35438495059437
7f7bf52f-1a8f-4c38-8d68-41b634af50ab,kalman_rts,69,69,1.408744430837892,2.8979097480270184,3.0520015287598485,0.16036545535498722,1.5897783395611653,0.6764531028869069,0.04653995541629535,0.013878714440796261
7f7bf52f-1a8f-4c38-8d68-41b634af50ab,kalman_rts_despike,69,0,1.408744430837892,2.8979097480270184,3.0520015287598485,0.16036545535498722,1.5897783395611653,0.6764531028869069,0.04653995541629535,0.013878714440796261
7f7bf52f-1a8f-4c38-8d68-41b634af50ab,full_pipeline,69,69,0.01929761620925415,0.024935914426488064,0.025708613602444953,90699.22383460257,-9.915207141136918,0.06768129398938924,69.5758565397743,3412.7765570955235
81085f86-e4f0-4e28-98d2-e8063faed5b4,raw,184,0,0.0,0.0,0.0,3404.9115969160503,-7.064211681267097,0.1625575064009496,33.21163354771514,259.8959080922869
81085f86-e4f0-4e28-98d2-e8063faed5b4,median_only,184,128,0.17032864402532008,0.9498785544566668,2.10913312263847,4260.07557907809,-7.258834608198581,0.1774797537414285,30.50615710344707,500.2194472443709
81085f86-e4f0-4e28-98d2-e8063faed5b4,kalman_only,78,183,0.06960395970549688,0.3533593486264856,1.8684463646462037,476.91558154884365,-5.356883023438243,0.7398324004427712,2.7183700948121237,38.304447686331464
81085f86-e4f0-4e28-98d2-e8063faed5b4,kalman_rts,184,184,2.046622917670259,3.559916245554156,4.183651609000277,0.38022043793064003,0.8399290815533815,0.5391303100461571,0.26794664107306043,0.047942739282998414
81085f86-e4f0-4e28-98d2-e8063faed5b4,kalman_rts_despike,184,0,2.046622917670259,3.559916245554156,4.183651609000277,0.38022043793064003,0.8399290815533815,0.5391303100461571,0.26794664107306043,0.047942739282998414
81085f86-e4f0-4e28-98d2-e8063faed5b4,full_pipeline,184,184,0.02105684816139585,0.025667409320575978,0.026315435894895045,2578.6800343724203,-6.822794915429642,0.16457692809867228,32.16234642839717,251.50949081224542
81681211-21c8-4d55-9d89-095b3a80d022,raw,695,0,0.0,0.0,0.0,22461.482024259905,-8.702876815847665,0.018336283935729124,53.04157124540341,2651.903910411947
81681211-21c8-4d55-9d89-095b3a80d022,median_only,695,675,0.05309050373059287,0.23619460763732567,2.1086414509634417,22221.0965143046,-8.693530971348506,0.008017099234108616,52.34239138477152,2616.9377316585333
81681211-21c8-4d55-9d89-095b3a80d022,kalman_only,5,694,0.20032153433173097,0.4718988088518846,0.516741957464075,5882.023369497688,-7.539053491285226,0.9139771286014575,5.332606492399055,0.0
81681211-21c8-4d55-9d89-095b3a80d022,kalman_rts,695,695,1.5864171385091743,3.1188681183235762,3.81288079831223,0.03179832802657755,2.995191000199482,0.07455945832872139,0.015039515358740098,0.0038211119677005086
81681211-21c8-4d55-9d89-095b3a80d022,kalman_rts_despike,695,0,1.5864171385091743,3.1188681183235762,3.81288079831223,0.03179832802657755,2.995191000199482,0.07455945832872139,0.015039515358740098,0.0038211119677005086
81681211-21c8-4d55-9d89-095b3a80d022,full_pipeline,695,695,0.019545033507802644,0.026348603144116595,0.061429111175605865,17148.857422675806,-8.46847037918821,0.020067893491981823,51.86022622484554,2487.1658391345222
82b83897-42aa-447f-82ea-5e471706e7c5,raw,89,0,0.0,0.0,0.0,24958.14132270414,-8.794424479060053,0.07516345075493237,48.1153811721291,1125.4348339543976
82b83897-42aa-447f-82ea-5e471706e7c5,median_only,89,87,0.2920342587389715,1.0918108492721348,1.5704263186812928,27015.127966639207,-8.863214058136782,0.07946903977852292,48.69449789991684,1902.142408297327
82b83897-42aa-447f-82ea-5e471706e7c5,kalman_only,15,88,0.03826833706122108,0.1648921673727084,0.22246959422411883,825.7983311340312,-5.833748001737058,0.8819162840898981,0.5315831162248771,8.39777107180973
82b83897-42aa-447f-82ea-5e471706e7c5,kalman_rts,89,89,1.7279510420860944,3.273001102190142,3.666328716672658,0.21351881290966698,1.3411276979541655,0.3502829136432199,0.040060234359680945,0.014335670457232136
82b83897-42aa-447f-82ea-5e471706e7c5,kalman_rts_despike,89,0,1.7279510420860944,3.273001102190142,3.666328716672658,0.21351881290966698,1.3411276979541655,0.3502829136432199,0.040060234359680945,0.014335670457232136
82b83897-42aa-447f-82ea-5e471706e7c5,full_pipeline,89,89,0.014442376881757465,0.01927736958025109,0.019759011360812078,23676.113174475744,-8.748620814562196,0.07449987143990898,46.610359004163136,1122.3964560543418
82f22494-5871-41de-aebc-9d2012ce6571,raw,61,0,0.0,0.0,0.0,9995.415923138162,-7.999601740853354,0.11623569397360156,45.97864232021102,1183.5390065986785
82f22494-5871-41de-aebc-9d2012ce6571,median_only,61,43,0.2732918317107026,0.7895322511080648,1.3136710834714334,2758.8711377672466,-6.881462831575561,0.17229982542237504,13.705943288366424,185.50317506500605
82f22494-5871-41de-aebc-9d2012ce6571,kalman_only,16,60,0.3248601360618183,0.867562094440346,1.0080402226475795,1024.9082082748357,-6.021369942637543,0.9846958369515736,4.342542620203989,33.61847678505669
82f22494-5871-41de-aebc-9d2012ce6571,kalman_rts,61,61,1.6205409659120387,2.342823498223864,2.4099194246637685,0.39089081999629477,0.8158890547161436,0.9745286884180926,1.028735204941858,0.18406793024295043
82f22494-5871-41de-aebc-9d2012ce6571,kalman_rts_despike,61,0,1.6205409659120387,2.342823498223864,2.4099194246637685,0.39089081999629477,0.8158890547161436,0.9745286884180926,1.028735204941858,0.18406793024295043
82f22494-5871-41de-aebc-9d2012ce6571,full_pipeline,61,61,0.024057404082826042,0.030046682095343124,0.030597187227368476,8236.677252370384,-7.8315040976682955,0.11691053003078206,44.44986845129457,1155.915497905299
885e6026-a607-42b3-b29f-1ac055c9efb2,raw,100,0,0.0,0.0,0.0,52504.69627384599,-9.440396301082382,0.05397526124437589,86.35059334746407,2058.1165021445777
885e6026-a607-42b3-b29f-1ac055c9efb2,median_only,100,97,0.27540803271929665,1.3658651012587,2.8514774459598615,31151.82408187608,-8.986966963338674,0.06319456320893634,65.03024943058266,2058.024325004458
885e6026-a607-42b3-b29f-1ac055c9efb2,kalman_only,24,99,0.09530899451887663,0.41122259792539567,0.6290873484555095,2904.0002448986443,-6.92599329730551,0.6160404480996096,3.124997875704992,65.20142468516316
885e6026-a607-42b3-b29f-1ac055c9efb2,kalman_rts,100,100,1.945964016271307,3.3387539678123668,4.304211063665347,0.5295617586258914,0.5521667669528773,0.46249824283490865,0.16589101782092458,0.04947048271655846
885e6026-a607-42b3-b29f-1ac055c9efb2,kalman_rts_despike,100,0,1.945964016271307,3.3387539678123668,4.304211063665347,0.5295617586258914,0.5521667669528773,0.46249824283490865,0.16589101782092458,0.04947048271655846
885e6026-a607-42b3-b29f-1ac055c9efb2,full_pipeline,100,100,0.021599517697037898,0.02867831226749852,0.08261157072947325,48128.84002333641,-9.364810789320439,0.054723801661321535,83.62500178459813,1915.519436077567
88fc3423-a0c8-4e39-adb0-6cbc7c7f3051,raw,300,0,0.0,0.0,0.0,17971.024561231334,-8.50914567548727,0.14885875499843934,49.24352252321916,1791.3842639858324
88fc3423-a0c8-4e39-adb0-6cbc7c7f3051,median_only,300,298,0.10184213593632885,0.4927748009432922,1.390126715654464,15568.727357359783,-8.384506226515128,0.15470769626148362,45.385529048353106,1582.750274124336
88fc3423-a0c8-4e39-adb0-6cbc7c7f3051,kalman_only,101,299,0.08926772546447763,0.30735697739034995,0.48189239072040674,2032.0393612804667,-6.615864232244771,0.5366715278668038,4.994326164008103,37.327165550265654
88fc3423-a0c8-4e39-adb0-6cbc7c7f3051,kalman_rts,300,300,3.3510052273585567,4.444338824388519,4.590628535756111,6.078187850445518,-1.5675482362351147,0.6620968659392531,1.41420290456712,0.5055710181818777
88fc3423-a0c8-4e39-adb0-6cbc7c7f3051,kalman_rts_despike,300,0,3.3510052273585567,4.444338824388519,4.590628535756111,6.078187850445518,-1.5675482362351147,0.6620968659392531,1.41420290456712,0.5055710181818777
88fc3423-a0c8-4e39-adb0-6cbc7c7f3051,full_pipeline,300,300,0.020703235469243117,0.024874322818502513,0.025488214061328843,14642.379509632572,-8.331223317916027,0.1504378493794337,46.39390769363422,1499.2941793746766
9895edcd-aed8-45b5-b115-250b78f8f3b1,raw,83,0,0.0,0.0,0.0,4091.783329088386,-7.223825257180609,0.03848392478953519,29.750697863254533,340.0834470619093
9895edcd-aed8-45b5-b115-250b78f8f3b1,median_only,83,79,0.38116400690886865,1.0704472674411385,1.6420944844872913,5231.861045181348,-7.4373124017821315,0.04413423889902843,30.108777262736666,456.8219374172653
9895edcd-aed8-45b5-b115-250b78f8f3b1,kalman_only,27,82,0.21695311831681455,1.0734091827688919,1.4898877373597803,918.4293435418631,-5.926091501707817,0.8580286237788896,3.5429911602625426,27.484844188695146
9895edcd-aed8-45b5-b115-250b78f8f3b1,kalman_rts,83,83,1.5880211092521441,3.151610726770203,3.657555738131018,0.836186112594667,0.15539409838320334,0.7802728955759641,0.5386243534089017,0.0963498556488207
9895edcd-aed8-45b5-b115-250b78f8f3b1,kalman_rts_despike,83,0,1.5880211092521441,3.151610726770203,3.657555738131018,0.836186112594667,0.15539409838320334,0.7802728955759641,0.5386243534089017,0.0963498556488207
9895edcd-aed8-45b5-b115-250b78f8f3b1,full_pipeline,83,83,0.025637655364291266,0.03130506493354552,0.03152843196082221,3491.399497317011,-7.085999090096846,0.03651895152218044,28.469078730311747,301.0361045437033
98ca02b4-1780-4e48-89f1-c5a4b9ffcefd,raw,68,0,0.0,0.0,0.0,41575.219481321554,-9.237669101196234,0.0804371871641593,60.830371624224256,2645.26501442826
98ca02b4-1780-4e48-89f1-c5a4b9ffcefd,median_only,68,66,0.3802942760251989,1.1503860241367025,2.1646637682671384,46011.83352800956,-9.325739079667215,0.08922521873890331,53.67781706168595,2683.8908530842973
98ca02b4-1780-4e48-89f1-c5a4b9ffcefd,kalman_only,14,67,0.15475537402072323,0.5977766792106128,0.5982439489229452,3381.6336028201886,-7.058253100731869,0.4010122453277079,1.9745707579223266,95.03931405924783
98ca02b4-1780-4e48-89f1-c5a4b9ffcefd,kalman_rts,68,68,1.5361191860594305,2.8394494007852784,3.226887516964293,1.1587576168105969,-0.1279852041050385,0.668715067550112,0.16281096442835782,0.04855197769975672
98ca02b4-1780-4e48-89f1-c5a4b9ffcefd,kalman_rts_despike,68,0,1.5361191860594305,2.8394494007852784,3.226887516964293,1.1587576168105969,-0.1279852041050385,0.668715067550112,0.16281096442835782,0.04855197769975672
98ca02b4-1780-4e48-89f1-c5a4b9ffcefd,full_pipeline,68,68,0.01616147650806471,0.01780909378471814,0.11070014115242237,38364.249434652316,-9.16785341200287,0.08052005212404251,59.811231871262414,2603.293466369434
9e290e83-fc93-4a9d-b112-46b06796dd0c,raw,403,0,0.0,0.0,0.0,17333.73561630553,-8.477784336358846,0.030466759335148544,52.248182616336955,1565.8334547670986
9e290e83-fc93-4a9d-b112-46b06796dd0c,median_only,403,55,0.06182000130028645,0.34453576940827185,1.7871729766252842,10747.984659153888,-8.062654075766108,0.05109060091663349,35.03798525844622,710.1404455375182
9e290e83-fc93-4a9d-b112-46b06796dd0c,kalman_only,361,51,0.027070830313162198,0.0,1.759686899262246,2611.4157431142403,-6.833752035922618,0.23544102721733676,5.408340586445255,58.75747114445567
9e290e83-fc93-4a9d-b112-46b06796dd0c,kalman_rts,403,403,2.112847508378565,3.7583755583335114,5.019906200066976,0.14794856600880474,1.6597784599218157,0.8311904303445898,0.4915522025735319,0.08795168679546495
9e290e83-fc93-4a9d-b112-46b06796dd0c,kalman_rts_despike,403,0,2.112847508378565,3.7583755583335114,5.019906200066976,0.14794856600880474,1.6597784599218157,0.8311904303445898,0.4915522025735319,0.08795168679546495
9e290e83-fc93-4a9d-b112-46b06796dd0c,full_pipeline,403,403,0.037641585486572426,0.03806473635212995,1.7113818103346545,3525.653977013626,-7.094479373018089,0.04120353233690148,42.67485638790448,780.2946989273404
9e75894c-aae0-4e99-8db9-345a28c0257f,raw,187,0,0.0,0.0,0.0,3587.690287760009,-7.109629889857621,0.06572863748741721,38.70944132489877,678.3855217122988
9e75894c-aae0-4e99-8db9-345a28c0257f,median_only,187,186,0.16224528601572882,0.8285035878863911,2.0312466049696325,4823.234402602686,-7.366676737106542,0.08212775477266525,24.82056778619838,627.6742056559381
9e75894c-aae0-4e99-8db9-345a28c0257f,kalman_only,98,186,0.10596815367618563,0.511201939363207,2.3664807745488146,938.0568079180805,-5.9444582793557785,0.5449326540584992,4.720924830170074,90.50067286553107
9e75894c-aae0-4e99-8db9-345a28c0257f,kalman_rts,187,186,1.6445159341564506,3.165629723611634,3.432369203191489,0.6935316322871843,0.31786745064479077,0.6012147746669385,0.6768253291790371,0.12035904048521284
9e75894c-aae0-4e99-8db9-345a28c0257f,kalman_rts_despike,187,0,1.6445159341564506,3.165629723611634,3.432369203191489,0.6935316322871843,0.31786745064479077,0.6012147746669385,0.6768253291790371,0.12035904048521284
9e75894c-aae0-4e99-8db9-345a28c0257f,full_pipeline,187,187,0.043822796369142075,0.05943451435765746,0.061097010170255775,3164.388447498207,-7.00057958065637,0.06782893301895913,36.34433528987762,674.1494490764755
a0314fc3-cfc4-4410-818c-e1700a837645,raw,204,0,0.0,0.0,0.0,10732.655009985792,-8.061414339282281,0.1126162956240612,81.06853910947659,2426.5953681095725
a0314fc3-cfc4-4410-818c-e1700a837645,median_only,204,199,0.09110368765029749,0.3595463881319432,2.6946820912041467,2529.1132650981062,-6.805936558890944,0.20560984881506802,7.144239666358472,162.93716187981357
a0314fc3-cfc4-4410-818c-e1700a837645,kalman_only,204,203,0.16207582677653934,0.618568682768039,2.706461586735788,536.2379784423576,-5.458715138293556,0.20402989417331394,6.041936952244321,48.57044838105765
a0314fc3-cfc4-4410-818c-e1700a837645,kalman_rts,204,203,1.6083676824305038,4.065970310763103,4.20295487349336,0.6751326554431063,0.34122176933601805,0.976258421284741,0.5508658841444853,0.09856447549203118
a0314fc3-cfc4-4410-818c-e1700a837645,kalman_rts_despike,204,0,1.6083676824305038,4.065970310763103,4.20295487349336,0.6751326554431063,0.34122176933601805,0.976258421284741,0.5508658841444853,0.09856447549203118
a0314fc3-cfc4-4410-818c-e1700a837645,full_pipeline,204,204,0.055069229644849234,0.04758465581724562,2.663681752438356,897.6901607610856,-5.906252930147252,0.20280531714943315,6.544413645166828,81.33558379334217
a2851803-3035-4cf9-94d5-e6c1bc2a63ac,raw,149,0,0.0,0.0,0.0,3591.8133517205283,-7.110627521010611,0.10620246664937312,28.891641778880135,449.715137951339
a2851803-3035-4cf9-94d5-e6c1bc2a63ac,median_only,149,143,0.13153116569705958,0.6447854947866919,1.38161511749043,3333.4401512210366,-7.045785324366224,0.12344327583068826,21.346743405168898,331.85151516400947
a2851803-3035-4cf9-94d5-e6c1bc2a63ac,kalman_only,46,148,0.07540515552433014,0.5093366859620405,1.0670570078375197,243.46644773551927,-4.772878238556498,0.22938652136469861,0.857082369860262,14.904773971505692
a2851803-3035-4cf9-94d5-e6c1bc2a63ac,kalman_rts,149,149,1.3417347235986947,2.544639042225586,2.939336248114619,0.030883095510308135,3.02055789554402,0.7749260046859295,0.05042978776297773,0.008953803939250188
a2851803-3035-4cf9-94d5-e6c1bc2a63ac,kalman_rts_despike,149,0,1.3417347235986947,2.544639042225586,2.939336248114619,0.030883095510308135,3.02055789554402,0.7749260046859295,0.05042978776297773,0.008953803939250188
a2851803-3035-4cf9-94d5-e6c1bc2a63ac,full_pipeline,149,149,0.021415414432826543,0.025806037323218962,0.026185541479022124,3033.5493176625555,-6.963902119683987,0.10460099668969906,27.61853277158985,448.34508093228885
ad5b9d10-eaa9-46a7-a12d-e0b832653a37,raw,71,0,0.0,0.0,0.0,45755.76580013994,-9.320891656800857,0.0799781228032902,67.61315470542146,1969.1019658959633
ad5b9d10-eaa9-46a7-a12d-e0b832653a37,median_only,71,69,0.3242218988622995,1.0787722174699048,1.9169388938951522,32222.73613896184,-9.016324830055945,0.09752018542889451,35.41559650978583,1770.749214019279
ad5b9d10-eaa9-46a7-a12d-e0b832653a37,kalman_only,16,70,0.1306076244513979,0.536177593164885,0.7297086258448701,2886.507468604657,-6.920745371075912,0.7063199888062929,2.3863784282393987,59.41319167343786
ad5b9d10-eaa9-46a7-a12d-e0b832653a37,kalman_rts,71,71,1.7959397840505837,3.3654992453578396,3.679794458869515,0.4648041326638333,0.6654600363976917,0.7362388091129592,0.11468271275602919,0.03419961631552712
ad5b9d10-eaa9-46a7-a12d-e0b832653a37,kalman_rts_despike,71,0,1.7959397840505837,3.3654992453578396,3.679794458869515,0.4648041326638333,0.6654600363976917,0.7362388091129592,0.11468271275602919,0.03419961631552712
ad5b9d10-eaa9-46a7-a12d-e0b832653a37,full_pipeline,71,71,0.02200873708657847,0.029147151413993065,0.02958619574036119,39948.493368276475,-9.203000809643836,0.08027627280895655,64.90534897795517,1720.4918629890024
b3504d04-31ce-4fa2-b3cf-c32a539edd12,raw,234,0,0.0,0.0,0.0,12055.674348625917,-8.162383016352878,0.13543976426136778,42.73014211036347,1980.8486687022146
b3504d04-31ce-4fa2-b3cf-c32a539edd12,median_only,234,232,0.10794766559331952,0.47468223897432793,1.3909187502985425,13182.57788773361,-8.24000069197939,0.1396393465073303,43.24444210080381,2020.1753130228974
b3504d04-31ce-4fa2-b3cf-c32a539edd12,kalman_only,74,233,0.029772429031197385,0.2156537539662532,0.46778349688609255,719.2142948719345,-5.713716621416709,0.46246378881551514,1.1502174803422698,15.192484916567496
b3504d04-31ce-4fa2-b3cf-c32a539edd12,kalman_rts,234,234,2.0298475670152776,3.8555011891440705,3.995550664887909,0.40915363887693373,0.7762271614046412,0.06837911596532824,0.09881360379596496,0.035035983436909224
b3504d04-31ce-4fa2-b3cf-c32a539edd12,kalman_rts_despike,234,0,2.0298475670152776,3.8555011891440705,3.995550664887909,0.40915363887693373,0.7762271614046412,0.06837911596532824,0.09881360379596496,0.035035983436909224
b3504d04-31ce-4fa2-b3cf-c32a539edd12,full_pipeline,234,234,0.026706532799393827,0.03608487493375839,0.03781409710843724,10946.167356048427,-8.078524167578754,0.13731190786752845,41.3548514579696,1898.169172726427
b760c52c-ec71-42b4-9e15-97ab9a0b91af,raw,300,0,0.0,0.0,0.0,17837.796879902424,-8.502682428557161,0.1523650396896757,54.71171683088301,1151.0129730783078
b760c52c-ec71-42b4-9e15-97ab9a0b91af,median_only,300,299,0.09968027638503675,0.5451587754504551,1.4881487777219808,16896.193426079382,-8.45557774529149,0.15705033376836522,52.77252374672858,1149.4309255247617
b760c52c-ec71-42b4-9e15-97ab9a0b91af,kalman_only,102,299,0.07055055937306307,0.26988299186179926,0.448672372911684,3662.367523417128,-7.127523848354651,0.8994703507155161,4.692658824687327,243.8696735437672
b760c52c-ec71-42b4-9e15-97ab9a0b91af,kalman_rts,300,300,3.622672909996193,4.683570085178736,4.883491766526124,6.477432002901288,-1.622805725326923,0.6559636348976863,1.5826682733755055,0.5657966107131484
b760c52c-ec71-42b4-9e15-97ab9a0b91af,kalman_rts_despike,300,0,3.622672909996193,4.683570085178736,4.883491766526124,6.477432002901288,-1.622805725326923,0.6559636348976863,1.5826682733755055,0.5657966107131484
b760c52c-ec71-42b4-9e15-97ab9a0b91af,full_pipeline,300,300,0.02336247521481957,0.027592057362765265,0.027814696330062574,13389.129578009331,-8.253504689236168,0.1542412373835468,52.02837208173134,998.9144740218152
b95e3543-d28d-49db-be02-bbee7efb8425,raw,64,0,0.0,0.0,0.0,42310.91680874956,-9.252904871776607,0.09813265534690703,55.84058948360903,2175.9549415256856
b95e3543-d28d-49db-be02-bbee7efb8425,median_only,64,63,0.33039943203122907,1.217549934878233,2.105676573885373,42004.811101913576,-9.246598072002927,0.10311293760094427,56.29414457498426,2201.059320875209
b95e3543-d28d-49db-be02-bbee7efb8425,kalman_only,10,63,0.11279086907004379,0.3387752972888829,0.4472954900160686,919.7739684064328,-5.927362227876727,0.7903009488397698,0.8824654783634343,7.204290151760453
b95e3543-d28d-49db-be02-bbee7efb8425,kalman_rts,64,64,1.7075437642690785,2.9355562619412483,3.0903929637378695,0.23721536035837026,1.2497143775106827,0.7604867579453687,0.07085199257160787,0.021069072617449502
b95e3543-d28d-49db-be02-bbee7efb8425,kalman_rts_despike,64,0,1.7075437642690785,2.9355562619412483,3.0903929637378695,0.23721536035837026,1.2497143775106827,0.7604867579453687,0.07085199257160787,0.021069072617449502
b95e3543-d28d-49db-be02-bbee7efb8425,full_pipeline,64,64,0.018953666025290777,0.022554479808793576,0.022971081877945138,37748.54078558519,-9.1538003362474,0.09905356680024079,53.81517728758274,2080.3885764489687
ba749048-28f5-497e-8d85-fcbcfedb6f8c,raw,300,0,0.0,0.0,0.0,17743.47400498961,-8.498077309175045,0.14885489608007765,48.10468605327187,1337.9997321651588
ba749048-28f5-497e-8d85-fcbcfedb6f8c,median_only,300,298,0.10448608246962117,0.6006790395575589,1.4230866024582955,16969.926294322104,-8.459359912091013,0.15299014701884509,46.66397080945216,1324.2999856150902
ba749048-28f5-497e-8d85-fcbcfedb6f8c,kalman_only,116,299,0.09757810285919663,0.306387862019318,0.4969677839899362,1283.3264141696425,-6.216674266518906,0.7112316841887458,5.212269254085869,24.226255540549825
ba749048-28f5-497e-8d85-fcbcfedb6f8c,kalman_rts,300,300,3.8761677018777543,5.378920479964141,5.593058489913599,8.420012726389846,-1.850625495831246,0.792629455418039,2.1000738973799495,0.7404720505199336
ba749048-28f5-497e-8d85-fcbcfedb6f8c,kalman_rts_despike,300,0,3.8761677018777543,5.378920479964141,5.593058489913599,8.420012726389846,-1.850625495831246,0.792629455418039,2.1000738973799495,0.7404720505199336
ba749048-28f5-497e-8d85-fcbcfedb6f8c,full_pipeline,300,300,0.021919767828664317,0.026407322907100263,0.026852816342931865,13964.15249021602,-8.290029165431484,0.15140859947240512,46.44837614608771,1130.7623472403748
c638dd17-dbb3-4068-bb40-957442fe9ec9,raw,467,0,0.0,0.0,0.0,25776.28818004309,-8.822440757067643,0.13203214615061296,30.17228374978802,1802.6524329971658
c638dd17-dbb3-4068-bb40-957442fe9ec9,median_only,467,462,0.05381620172769679,0.21134646862759765,0.9789637215130821,25384.99511955798,-8.80915416848899,0.13497386870481246,29.85963638365477,1732.4809295167674
c638dd17-dbb3-4068-bb40-957442fe9ec9,kalman_only,75,466,0.03324689179856959,0.0719411870999334,0.1239786097485967,2927.91824149537,-6.933117890836129,0.7418448988587804,2.047085306210927,71.18246888273022
c638dd17-dbb3-4068-bb40-957442fe9ec9,kalman_rts,467,467,3.285674839628633,5.670029954105837,5.908499215276829,1.5614366937432886,-0.38704876230538193,0.13975299185980278,0.5874149431954873,0.20961284563578264
c638dd17-dbb3-4068-bb40-957442fe9ec9,kalman_rts_despike,467,0,3.285674839628633,5.670029954105837,5.908499215276829,1.5614366937432886,-0.38704876230538193,0.13975299185980278,0.5874149431954873,0.20961284563578264
c638dd17-dbb3-4068-bb40-957442fe9ec9,full_pipeline,467,467,0.04617863238368398,0.0657061786519413,0.07259497162677161,10981.986774739908,-8.08136183273307,0.14298758755505456,27.855399410849955,1275.6275062911632
c75201af-1cd8-410a-9c50-0f8082faa27e,raw,142,0,0.0,0.0,0.0,3653.280314877763,-7.125365993498011,0.16526400795709417,36.704896913820285,699.022002071087
c75201af-1cd8-410a-9c50-0f8082faa27e,median_only,142,140,0.17633039721258423,0.6870394902492634,2.0085354818610437,4167.535387328081,-7.239758592383921,0.2084442615420073,22.134440252307332,617.827189444164
c75201af-1cd8-410a-9c50-0f8082faa27e,kalman_only,75,141,0.09956961505254314,0.7695107568272727,1.6965668049135274,922.5890306995799,-5.9300165733496915,0.51308969691165,5.825904616785848,44.55874638467765
c75201af-1cd8-410a-9c50-0f8082faa27e,kalman_rts,142,142,1.96855540111995,3.4041438745142476,3.6531902215063794,0.5722128999470775,0.48488471007598105,0.4780112408679009,0.6086068958937584,0.1088958666780726
c75201af-1cd8-410a-9c50-0f8082faa27e,kalman_rts_despike,142,0,1.96855540111995,3.4041438745142476,3.6531902215063794,0.5722128999470775,0.48488471007598105,0.4780112408679009,0.6086068958937584,0.1088958666780726
c75201af-1cd8-410a-9c50-0f8082faa27e,full_pipeline,142,142,0.028924058295912693,0.03813253982750383,0.03897105615761298,3228.6597232522317,-7.018044552034277,0.16885526598165676,34.79529325171655,682.9400706391714
d7dbb43f-8a5d-42ed-9dd6-541afe3ab905,raw,377,0,0.0,0.0,0.0,25323.15271696072,-8.807035548215339,0.11942603208607873,67.8953383050784,1808.0939359459474
d7dbb43f-8a5d-42ed-9dd6-541afe3ab905,median_only,377,326,0.0814570163439693,0.3719479355635923,1.763331334809511,23306.51324759745,-8.734954612198282,0.1263357950121375,68.71252659691834,1829.8561545589937
d7dbb43f-8a5d-42ed-9dd6-541afe3ab905,kalman_only,168,376,0.011731853156998331,0.047259149113008395,0.43217350707808344,1040.1953376186261,-6.034229805682009,0.6930672394736772,2.4909469307148226,31.969863308864213
d7dbb43f-8a5d-42ed-9dd6-541afe3ab905,kalman_rts,377,377,1.3216194550308287,2.79579002676419,3.514462797095009,0.867929573059155,0.12303102665732289,0.2823323781540122,0.22192208534281482,0.07926951696196782
d7dbb43f-8a5d-42ed-9dd6-541afe3ab905,kalman_rts_despike,377,0,1.3216194550308287,2.79579002676419,3.514462797095009,0.867929573059155,0.12303102665732289,0.2823323781540122,0.22192208534281482,0.07926951696196782
d7dbb43f-8a5d-42ed-9dd6-541afe3ab905,full_pipeline,377,377,0.013272700516469673,0.016813913670172796,0.01749318659709862,22381.284892760996,-8.699770030856318,0.12005359376957588,65.9476038393882,1681.4555210650647
dfd57aa0-581d-4580-bc43-2a329277309b,raw,301,0,0.0,0.0,0.0,622.7166036383417,-5.5885808911421035,0.09303807146896725,15.53339029879709,138.79778107968804
dfd57aa0-581d-4580-bc43-2a329277309b,median_only,301,300,0.079632787044461,0.3097903434578271,1.010631101019426,665.7082987138336,-5.646567941793265,0.09594503399462335,15.708139417054607,140.46835117276322
dfd57aa0-581d-4580-bc43-2a329277309b,kalman_only,220,300,0.08433579989755023,0.33148625196658915,0.8244259560816,277.58666003576866,-4.886797182844743,0.2203294268103482,4.005407749700625,59.83926399574435
dfd57aa0-581d-4580-bc43-2a329277309b,kalman_rts,301,300,0.9469521897699523,1.6692038583142224,1.8921259319754669,0.06303687032898463,2.40081060460478,0.23827868363812504,0.062467438349484865,0.01117707799603164
dfd57aa0-581d-4580-bc43-2a329277309b,kalman_rts_despike,301,0,0.9469521897699523,1.6692038583142224,1.8921259319754669,0.06303687032898463,2.40081060460478,0.23827868363812504,0.062467438349484865,0.01117707799603164
dfd57aa0-581d-4580-bc43-2a329277309b,full_pipeline,301,301,0.02600554408661103,0.036370451117764185,0.08967154602075636,437.66500391975694,-5.282283642862198,0.09414665963092907,14.461160195374697,138.05789560758421
e1ca9666-7642-4aa1-aeee-3bb9a8644eaf,raw,63,0,0.0,0.0,0.0,24678.90424160281,-8.78465174569891,0.08601016646282965,38.368009192282805,1098.5304044632899
e1ca9666-7642-4aa1-aeee-3bb9a8644eaf,median_only,63,61,0.336527126152889,1.0423558330659013,1.4436614547962732,29941.128911564974,-8.952536342235861,0.09395388608368117,37.41582753962379,1488.8039280332293
e1ca9666-7642-4aa1-aeee-3bb9a8644eaf,kalman_only,10,62,0.11969738531423783,0.3875774306929357,0.5046052580863399,880.9616719381404,-5.889914027884563,0.584949096189759,1.0111446765619145,17.352024654740177
e1ca9666-7642-4aa1-aeee-3bb9a8644eaf,kalman_rts,63,63,1.7238228040463754,3.1504901993261796,3.3236703082787837,0.40110941690918245,0.7934742810975858,0.6674268807060235,0.10459442123522149,0.031075805673635992
e1ca9666-7642-4aa1-aeee-3bb9a8644eaf,kalman_rts_despike,63,0,1.7238228040463754,3.1504901993261796,3.3236703082787837,0.40110941690918245,0.7934742810975858,0.6674268807060235,0.10459442123522149,0.031075805673635992
e1ca9666-7642-4aa1-aeee-3bb9a8644eaf,full_pipeline,63,63,0.013724421447832699,0.016708530252474124,0.016840396876488296,21494.458667677787,-8.66465302399553,0.08565610152608777,36.97949413417142,1019.0185605709082
e49b32ac-ecfa-4eb8-9ae1-e8569f2a3d82,raw,162,0,0.0,0.0,0.0,5334.173558796412,-7.454134284575469,0.10344887238253794,38.12098701614235,769.258380585561
e49b32ac-ecfa-4eb8-9ae1-e8569f2a3d82,median_only,162,157,0.17076852315057747,0.8595496158108161,2.0554174264501497,5827.731900054049,-7.530999128404101,0.14502029108095282,29.670271370800837,890.1081411240251
e49b32ac-ecfa-4eb8-9ae1-e8569f2a3d82,kalman_only,57,161,0.12218755038194502,0.8431033918937472,1.893590842796378,875.5312681420289,-5.884543321602045,0.6546849244187473,4.549240464427165,46.98744387725048
e49b32ac-ecfa-4eb8-9ae1-e8569f2a3d82,kalman_rts,162,162,1.6067430551018502,2.847252110907802,3.333760184524618,0.40252916704700326,0.7904052881422938,0.6212481264960704,0.3949278507960715,0.07066303542329566
e49b32ac-ecfa-4eb8-9ae1-e8569f2a3d82,kalman_rts_despike,162,0,1.6067430551018502,2.847252110907802,3.333760184524618,0.40252916704700326,0.7904052881422938,0.6212481264960704,0.3949278507960715,0.07066303542329566
e49b32ac-ecfa-4eb8-9ae1-e8569f2a3d82,full_pipeline,162,162,0.02708586267725859,0.03194884896650847,0.032720547307213715,5019.341140671034,-7.401293427218331,0.10464360864486413,36.71410448361831,749.4854453867054
e7490da1-a2fa-4e53-ab66-4e9927d0b4d3,raw,67,0,0.0,0.0,0.0,57191.01115182509,-9.514655550105967,0.060660694270815656,77.32532844224073,1969.6904422988048
e7490da1-a2fa-4e53-ab66-4e9927d0b4d3,median_only,67,64,0.3364342436698493,1.0424663787227197,2.2589505655124476,46682.23856137387,-9.338303347340572,0.07341866923484497,39.949903351652736,1918.9525257487076
e7490da1-a2fa-4e53-ab66-4e9927d0b4d3,kalman_only,12,66,0.06277229728801616,0.23688123071930378,0.3221842957010349,831.9401879814316,-5.840184207957983,0.6268532475891527,0.4720684934812821,12.744519164942977
e7490da1-a2fa-4e53-ab66-4e9927d0b4d3,kalman_rts,67,67,1.5590556696073086,2.754131452306753,3.3722758105150366,0.28976441551422444,1.0759098929761532,0.6752931557688961,0.04628967127762116,0.013804077022133016
e7490da1-a2fa-4e53-ab66-4e9927d0b4d3,kalman_rts_despike,67,0,1.5590556696073086,2.754131452306753,3.3722758105150366,0.28976441551422444,1.0759098929761532,0.6752931557688961,0.04628967127762116,0.013804077022133016
e7490da1-a2fa-4e53-ab66-4e9927d0b4d3,full_pipeline,67,67,0.01468898372992696,0.017975053146451297,0.018100096292453103,52310.67270562711,-9.43718061002097,0.05972588344102961,75.67581521946092,1900.0902279696088
e940142a-d4bc-4cee-a6de-828b05ab40a7,raw,74,0,0.0,0.0,0.0,27907.539027194187,-8.891443081502324,0.04424590720975721,62.72385591347694,1590.9836737651285
e940142a-d4bc-4cee-a6de-828b05ab40a7,median_only,74,72,0.42878784278842835,1.1653221217704175,2.0058845791665787,28211.779975789024,-8.900860976229623,0.09533324340785149,63.47880024325155,1610.1327532625658
e940142a-d4bc-4cee-a6de-828b05ab40a7,kalman_only,14,73,0.12385542076848965,0.44617101735278225,0.5800320535463848,1272.2959007522375,-6.209176255830801,0.302971536648516,1.1748908195883345,12.333620864788525
e940142a-d4bc-4cee-a6de-828b05ab40a7,kalman_rts,74,74,1.658051955802017,2.9752237998809785,3.119076657731785,0.695491956987223,0.3154157751800731,0.5730516733138884,0.13780637240176066,0.04086184161026102
e940142a-d4bc-4cee-a6de-828b05ab40a7,kalman_rts_despike,74,0,1.658051955802017,2.9752237998809785,3.119076657731785,0.695491956987223,0.3154157751800731,0.5730516733138884,0.13780637240176066,0.04086184161026102
e940142a-d4bc-4cee-a6de-828b05ab40a7,full_pipeline,74,74,0.02721239631894073,0.03057080654890276,0.09439701570019178,23767.265760923863,-8.751958444798838,0.048922079709309285,59.74768510440904,1533.4961211024793
eb859af6-2991-42e4-9345-05d3baf63c6e,raw,424,0,0.0,0.0,0.0,768.6194370684059,-5.771422725660818,0.03487992195250121,8.322017256886324,98.82773339427644
eb859af6-2991-42e4-9345-05d3baf63c6e,median_only,424,422,0.07359890410909836,0.23003029246965823,0.5073909175705923,766.7963370598101,-5.769360059224488,0.03451886443603365,8.222452642424939,97.64535839194737
eb859af6-2991-42e4-9345-05d3baf63c6e,kalman_only,395,423,0.10789199452822906,0.3332720599814504,1.224453160189537,339.20359884284505,-5.06092090267229,0.04616103116251447,4.751113380844624,42.04379727855563
eb859af6-2991-42e4-9345-05d3baf63c6e,kalman_rts,424,423,1.2698929068098164,3.009739028302645,3.095767852984562,0.1728314665936416,1.524754354963573,0.1379193651603673,0.13762155963370748,0.02458135423110991
eb859af6-2991-42e4-9345-05d3baf63c6e,kalman_rts_despike,424,0,1.2698929068098164,3.009739028302645,3.095767852984562,0.1728314665936416,1.524754354963573,0.1379193651603673,0.13762155963370748,0.02458135423110991
eb859af6-2991-42e4-9345-05d3baf63c6e,full_pipeline,424,424,0.023214167016059453,0.029272643693193087,0.030950224713497745,379.8665986594321,-5.159262216192735,0.03591570291546139,7.628456625191391,75.61914610181327
ed241630-f662-4957-b17f-1f485cf04683,raw,99,0,0.0,0.0,0.0,35303.42830218753,-9.095633763207776,0.08260454427147675,63.63052091609417,2814.315747189386
ed241630-f662-4957-b17f-1f485cf04683,median_only,99,94,0.2404913490532658,1.0571487127768529,1.9405721653118624,36192.985569665034,-9.117248819322244,0.09189076183494226,62.92437564242428,3146.2187821212137
ed241630-f662-4957-b17f-1f485cf04683,kalman_only,29,98,0.056471774972520976,0.2081225091122832,0.317592237742273,880.8702992451398,-5.889823933807372,0.9593409079853281,1.038228935592026,21.44398603282165
ed241630-f662-4957-b17f-1f485cf04683,kalman_rts,99,99,1.323279135141019,2.9035635643448545,3.1514974806760874,0.6388771078474546,0.38916534526880875,0.3548679312096236,0.12452084732495991,0.03713345367631765
ed241630-f662-4957-b17f-1f485cf04683,kalman_rts_despike,99,0,1.323279135141019,2.9035635643448545,3.1514974806760874,0.6388771078474546,0.38916534526880875,0.3548679312096236,0.12452084732495991,0.03713345367631765
ed241630-f662-4957-b17f-1f485cf04683,full_pipeline,99,99,0.013665147979426166,0.01716283258616823,0.017872345063771583,32402.458563462562,-9.021155927822875,0.08210658626967444,62.09419693751209,2738.51136901397
ee9f203f-8208-4081-acb9-66b1ef4c3049,raw,459,0,0.0,0.0,0.0,4015.766965429717,-7.207537005602418,0.05957645160337185,35.06247296909486,717.7179946272248
ee9f203f-8208-4081-acb9-66b1ef4c3049,median_only,459,444,0.14143926713141186,0.6064349632399411,1.555213310213372,3198.975955450908,-7.010021951594138,0.06576369257298934,27.49150250583379,573.6476077648122
ee9f203f-8208-4081-acb9-66b1ef4c3049,kalman_only,296,458,0.17482871039596357,0.5756160298578779,2.706191797529177,547.2323655688463,-5.476343550860799,0.17750614259008152,5.982799612600806,63.22193528311964
ee9f203f-8208-4081-acb9-66b1ef4c3049,kalman_rts,459,458,3.0343593360493974,6.34718938834438,6.835466130356431,0.7295653134208586,0.27387164390523827,0.6096569662384971,0.6535443849697795,0.11639878255998437
ee9f203f-8208-4081-acb9-66b1ef4c3049,kalman_rts_despike,459,0,3.0343593360493974,6.34718938834438,6.835466130356431,0.7295653134208586,0.27387164390523827,0.6096569662384971,0.6535443849697795,0.11639878255998437
ee9f203f-8208-4081-acb9-66b1ef4c3049,full_pipeline,459,459,0.026160143009589763,0.03278341290945825,0.08512235135176417,3712.926356865869,-7.13943267080677,0.06176835974837498,33.48963790080487,716.7235150737864
f0647c16-5b92-48b6-a06a-d05d86fe8145,raw,95,0,0.0,0.0,0.0,42960.66021098168,-9.26614189379003,0.11609729896255815,70.83700407396744,2970.270440856629
f0647c16-5b92-48b6-a06a-d05d86fe8145,median_only,95,91,0.2501439412570632,0.924438848606126,2.6135399540964195,39889.11897721096,-9.201708888485252,0.1271680077334787,60.20065946685555,3006.0206158827796
f0647c16-5b92-48b6-a06a-d05d86fe8145,kalman_only,30,94,0.045823742007044005,0.19240237859832027,0.48744454061937803,767.6531345179546,-5.770330055183938,0.45151074250557993,0.797743690813054,27.783042784234677
f0647c16-5b92-48b6-a06a-d05d86fe8145,kalman_rts,95,95,1.616398246748591,3.300652909551557,3.730539106832997,0.2463171117286517,1.2170108259141392,0.4261875168670184,0.06285106578659759,0.018742862681934286
f0647c16-5b92-48b6-a06a-d05d86fe8145,kalman_rts_despike,95,0,1.616398246748591,3.300652909551557,3.730539106832997,0.2463171117286517,1.2170108259141392,0.4261875168670184,0.06285106578659759,0.018742862681934286
f0647c16-5b92-48b6-a06a-d05d86fe8145,full_pipeline,95,95,0.02285305451542384,0.027174947289839792,0.027818830780241614,37966.973118608665,-9.15881194959773,0.11676517646197138,68.23237918725162,2849.523049099296
fd63adbe-d98c-4936-8f31-ea097117898e,raw,114,0,0.0,0.0,0.0,9056.7762903139,-7.913947280901856,0.3003453431182132,64.81300033568853,1324.4880356736176
fd63adbe-d98c-4936-8f31-ea097117898e,median_only,114,112,0.0973573106920837,0.32406952854905485,1.8995286983085264,1302.9172031451255,-6.229833636705767,0.5057554900253831,7.701382879898845,174.31625462879467
fd63adbe-d98c-4936-8f31-ea097117898e,kalman_only,114,113,0.16315210132815638,0.5421390851214848,1.7436488309369653,443.00586422796283,-5.292818950346766,0.5533772286585183,5.516720663049518,51.7619345186944
fd63adbe-d98c-4936-8f31-ea097117898e,kalman_rts,114,113,0.6103323131148225,1.228345835785033,1.6154659761123331,0.3342055532667865,0.9519726721239423,0.724117418871009,0.29650816382064205,0.053000152645717814
fd63adbe-d98c-4936-8f31-ea097117898e,kalman_rts_despike,114,0,0.6103323131148225,1.228345835785033,1.6154659761123331,0.3342055532667865,0.9519726721239423,0.724117418871009,0.29650816382064205,0.053000152645717814
fd63adbe-d98c-4936-8f31-ea097117898e,full_pipeline,114,114,0.056606796336132706,0.06783067393052333,0.06891438060245415,8445.843926524423,-7.853286103390307,0.3112231827424593,60.78179380935637,1268.813831309357
