disagreement_id,kind,session_id,event_name,reference_frame,plan_index,phase_label,annotator_a,annotator_b,round_a,round_b,frame_a,time_s_a,frame_b,time_s_b,x_a,y_a,x_b,y_b,frame_abs_diff,pixel_distance,match_status,needs_adjudication
D0001,event,2850af90-f8fc-4050-a178-b659098e69df,address,,,,Ivan Syniuk,Daria Plokhotniuk,1,1,32,1.06667,33,1.1,,,,,1.0,,both,yes
D0002,event,2850af90-f8fc-4050-a178-b659098e69df,downswing_transition,,,,Ivan Syniuk,Daria Plokhotniuk,1,1,54,1.8,56,1.86667,,,,,2.0,,both,yes
D0003,event,2850af90-f8fc-4050-a178-b659098e69df,impact,,,,Ivan Syniuk,Daria Plokhotniuk,1,1,59,1.96667,57,1.9,,,,,2.0,,both,yes
D0004,event,2850af90-f8fc-4050-a178-b659098e69df,top_backswing,,,,Ivan Syniuk,Daria Plokhotniuk,1,1,53,1.76667,55,1.83333,,,,,2.0,,both,yes
D0005,event,2ac2bc4c-b28e-4adf-a94e-a1227f7801d9,address,,,,Ivan Syniuk,Daria Plokhotniuk,1,1,96,3.2,99,3.3,,,,,3.0,,both,yes
D0006,event,2ac2bc4c-b28e-4adf-a94e-a1227f7801d9,downswing_transition,,,,Ivan Syniuk,Daria Plokhotniuk,1,1,125,4.16667,129,4.3,,,,,4.0,,both,yes
D0007,event,2ac2bc4c-b28e-4adf-a94e-a1227f7801d9,impact,,,,Ivan Syniuk,Daria Plokhotniuk,1,1,131,4.36667,131,4.36667,,,,,0.0,,both,optional
D0008,event,2ac2bc4c-b28e-4adf-a94e-a1227f7801d9,top_backswing,,,,Ivan Syniuk,Daria Plokhotniuk,1,1,123,4.1,123,4.1,,,,,0.0,,both,optional
D0009,event,32fec03e-0046-4581-885b-ef0d7f174e53,address,,,,Ivan Syniuk,Daria Plokhotniuk,1,1,71,2.36667,79,2.63333,,,,,8.0,,both,yes
D0010,event,32fec03e-0046-4581-885b-ef0d7f174e53,downswing_transition,,,,Ivan Syniuk,Daria Plokhotniuk,1,1,91,3.03333,89,2.96667,,,,,2.0,,both,yes
D0011,event,32fec03e-0046-4581-885b-ef0d7f174e53,impact,,,,Ivan Syniuk,Daria Plokhotniuk,1,1,97,3.23333,116,3.86667,,,,,19.0,,both,yes
D0012,event,32fec03e-0046-4581-885b-ef0d7f174e53,top_backswing,,,,Ivan Syniuk,Daria Plokhotniuk,1,1,90,3.0,81,2.7,,,,,9.0,,both,yes
D0013,event,332a7a76-cfa3-449e-9150-f93050fed050,address,,,,Ivan Syniuk,Daria Plokhotniuk,1,1,8,0.16,1,0.02,,,,,7.0,,both,yes
D0014,event,332a7a76-cfa3-449e-9150-f93050fed050,downswing_transition,,,,Ivan Syniuk,Daria Plokhotniuk,1,1,53,1.06,54,1.08,,,,,1.0,,both,yes
D0015,event,332a7a76-cfa3-449e-9150-f93050fed050,impact,,,,Ivan Syniuk,Daria Plokhotniuk,1,1,63,1.26,75,1.5,,,,,12.0,,both,yes
D0016,event,332a7a76-cfa3-449e-9150-f93050fed050,top_backswing,,,,Ivan Syniuk,Daria Plokhotniuk,1,1,51,1.02,47,0.94,,,,,4.0,,both,yes
D0017,event,36b05de8-5e98-425f-8b72-8e505337e150,address,,,,Ivan Syniuk,Daria Plokhotniuk,1,1,0,0.0,0,0.0,,,,,0.0,,both,optional
D0018,event,36b05de8-5e98-425f-8b72-8e505337e150,downswing_transition,,,,Ivan Syniuk,Daria Plokhotniuk,1,1,56,1.16783,65,1.35551,,,,,9.0,,both,yes
D0019,event,36b05de8-5e98-425f-8b72-8e505337e150,impact,,,,Ivan Syniuk,Daria Plokhotniuk,1,1,73,1.52235,66,1.37637,,,,,7.0,,both,yes
D0020,event,36b05de8-5e98-425f-8b72-8e505337e150,top_backswing,,,,Ivan Syniuk,Daria Plokhotniuk,1,1,54,1.12612,43,0.89672,,,,,11.0,,both,yes
D0021,event,3c77a7e3-9d0f-43f4-bbfa-c142c7b24bf1,address,,,,Ivan Syniuk,Daria Plokhotniuk,1,1,59,0.98432,59,0.98432,,,,,0.0,,both,optional
D0022,event,3c77a7e3-9d0f-43f4-bbfa-c142c7b24bf1,downswing_transition,,,,Ivan Syniuk,Daria Plokhotniuk,1,1,130,2.16883,156,2.6026,,,,,26.0,,both,yes
D0023,event,3c77a7e3-9d0f-43f4-bbfa-c142c7b24bf1,impact,,,,Ivan Syniuk,Daria Plokhotniuk,1,1,147,2.45245,157,2.61928,,,,,10.0,,both,yes
D0024,event,3c77a7e3-9d0f-43f4-bbfa-c142c7b24bf1,top_backswing,,,,Ivan Syniuk,Daria Plokhotniuk,1,1,127,2.11878,126,2.1021,,,,,1.0,,both,yes
D0025,event,3d47c3b9-21d9-4794-995d-52804115fb8b,address,,,,Ivan Syniuk,Daria Plokhotniuk,1,1,1,0.02,6,0.12,,,,,5.0,,both,yes
D0026,event,3d47c3b9-21d9-4794-995d-52804115fb8b,downswing_transition,,,,Ivan Syniuk,Daria Plokhotniuk,1,1,28,0.56,32,0.64,,,,,4.0,,both,yes
D0027,event,3d47c3b9-21d9-4794-995d-52804115fb8b,impact,,,,Ivan Syniuk,Daria Plokhotniuk,1,1,37,0.74,33,0.66,,,,,4.0,,both,yes
D0028,event,3d47c3b9-21d9-4794-995d-52804115fb8b,top_backswing,,,,Ivan Syniuk,Daria Plokhotniuk,1,1,26,0.52,30,0.6,,,,,4.0,,both,yes
D0029,event,42f8729a-ed28-45a2-bf9b-397d2d698bb0,address,,,,Ivan Syniuk,Daria Plokhotniuk,1,1,1,0.02,0,0.0,,,,,1.0,,both,yes
D0030,event,42f8729a-ed28-45a2-bf9b-397d2d698bb0,downswing_transition,,,,Ivan Syniuk,Daria Plokhotniuk,1,1,46,0.92,36,0.72,,,,,10.0,,both,yes
D0031,event,42f8729a-ed28-45a2-bf9b-397d2d698bb0,impact,,,,Ivan Syniuk,Daria Plokhotniuk,1,1,58,1.16,55,1.1,,,,,3.0,,both,yes
D0032,event,42f8729a-ed28-45a2-bf9b-397d2d698bb0,top_backswing,,,,Ivan Syniuk,Daria Plokhotniuk,1,1,43,0.86,35,0.7,,,,,8.0,,both,yes
D0033,event,48c9026f-11c4-410d-82ec-f33d477d9db6,address,,,,Ivan Syniuk,Daria Plokhotniuk,1,1,38,1.26966,31,1.03578,,,,,7.0,,both,yes
D0034,event,48c9026f-11c4-410d-82ec-f33d477d9db6,downswing_transition,,,,Ivan Syniuk,Daria Plokhotniuk,1,1,180,6.01418,188,6.28148,,,,,8.0,,both,yes
D0035,event,48c9026f-11c4-410d-82ec-f33d477d9db6,impact,,,,Ivan Syniuk,Daria Plokhotniuk,1,1,238,7.95209,234,7.81844,,,,,4.0,,both,yes
D0036,event,48c9026f-11c4-410d-82ec-f33d477d9db6,top_backswing,,,,Ivan Syniuk,Daria Plokhotniuk,1,1,174,5.81371,187,6.24807,,,,,13.0,,both,yes
D0037,event,511a396b-aa38-4056-a980-76723ed0c05f,address,,,,Ivan Syniuk,Daria Plokhotniuk,1,1,55,0.91758,57,0.95095,,,,,2.0,,both,yes
D0038,event,511a396b-aa38-4056-a980-76723ed0c05f,downswing_transition,,,,Ivan Syniuk,Daria Plokhotniuk,1,1,131,2.18552,134,2.23557,,,,,3.0,,both,yes
D0039,event,511a396b-aa38-4056-a980-76723ed0c05f,impact,,,,Ivan Syniuk,Daria Plokhotniuk,1,1,147,2.45245,139,2.31898,,,,,8.0,,both,yes
D0040,event,511a396b-aa38-4056-a980-76723ed0c05f,top_backswing,,,,Ivan Syniuk,Daria Plokhotniuk,1,1,127,2.11878,133,2.21888,,,,,6.0,,both,yes
D0041,event,57660e2f-8425-445f-bca0-17c6e557f1b0,address,,,,Ivan Syniuk,Daria Plokhotniuk,1,1,27,0.54,23,0.46,,,,,4.0,,both,yes
D0042,event,57660e2f-8425-445f-bca0-17c6e557f1b0,downswing_transition,,,,Ivan Syniuk,Daria Plokhotniuk,1,1,184,3.68,177,3.54,,,,,7.0,,both,yes
D0043,event,57660e2f-8425-445f-bca0-17c6e557f1b0,impact,,,,Ivan Syniuk,Daria Plokhotniuk,1,1,243,4.86,242,4.84,,,,,1.0,,both,yes
D0044,event,57660e2f-8425-445f-bca0-17c6e557f1b0,top_backswing,,,,Ivan Syniuk,Daria Plokhotniuk,1,1,180,3.6,174,3.48,,,,,6.0,,both,yes
D0045,event,7473617c-26a8-428f-9ba6-fc51dd7d2156,address,,,,Ivan Syniuk,Daria Plokhotniuk,1,1,1,0.02,5,0.1,,,,,4.0,,both,yes
D0046,event,7473617c-26a8-428f-9ba6-fc51dd7d2156,downswing_transition,,,,Ivan Syniuk,Daria Plokhotniuk,1,1,47,0.94,48,0.96,,,,,1.0,,both,yes
D0047,event,7473617c-26a8-428f-9ba6-fc51dd7d2156,impact,,,,Ivan Syniuk,Daria Plokhotniuk,1,1,61,1.22,60,1.2,,,,,1.0,,both,yes
D0048,event,7473617c-26a8-428f-9ba6-fc51dd7d2156,top_backswing,,,,Ivan Syniuk,Daria Plokhotniuk,1,1,44,0.88,36,0.72,,,,,8.0,,both,yes
D0049,event,7f7bf52f-1a8f-4c38-8d68-41b634af50ab,address,,,,Ivan Syniuk,Daria Plokhotniuk,1,1,3,0.06,2,0.04,,,,,1.0,,both,yes
D0050,event,7f7bf52f-1a8f-4c38-8d68-41b634af50ab,downswing_transition,,,,Ivan Syniuk,Daria Plokhotniuk,1,1,36,0.72,39,0.78,,,,,3.0,,both,yes
D0051,event,7f7bf52f-1a8f-4c38-8d68-41b634af50ab,impact,,,,Ivan Syniuk,Daria Plokhotniuk,1,1,45,0.9,43,0.86,,,,,2.0,,both,yes
D0052,event,7f7bf52f-1a8f-4c38-8d68-41b634af50ab,top_backswing,,,,Ivan Syniuk,Daria Plokhotniuk,1,1,34,0.68,38,0.76,,,,,4.0,,both,yes
D0053,event,81681211-21c8-4d55-9d89-095b3a80d022,address,,,,Ivan Syniuk,Daria Plokhotniuk,1,1,59,1.18,57,1.14,,,,,2.0,,both,yes
D0054,event,81681211-21c8-4d55-9d89-095b3a80d022,downswing_transition,,,,Ivan Syniuk,Daria Plokhotniuk,1,1,421,8.42,423,8.46,,,,,2.0,,both,yes
D0055,event,81681211-21c8-4d55-9d89-095b3a80d022,impact,,,,Ivan Syniuk,Daria Plokhotniuk,1,1,535,10.7,530,10.6,,,,,5.0,,both,yes
D0056,event,81681211-21c8-4d55-9d89-095b3a80d022,top_backswing,,,,Ivan Syniuk,Daria Plokhotniuk,1,1,415,8.3,410,8.2,,,,,5.0,,both,yes
D0057,event,82b83897-42aa-447f-82ea-5e471706e7c5,address,,,,Ivan Syniuk,Daria Plokhotniuk,1,1,3,0.05,6,0.1,,,,,3.0,,both,yes
D0058,event,82b83897-42aa-447f-82ea-5e471706e7c5,downswing_transition,,,,Ivan Syniuk,Daria Plokhotniuk,1,1,41,0.68333,32,0.53333,,,,,9.0,,both,yes
D0059,event,82b83897-42aa-447f-82ea-5e471706e7c5,impact,,,,Ivan Syniuk,Daria Plokhotniuk,1,1,51,0.85,46,0.76667,,,,,5.0,,both,yes
D0060,event,82b83897-42aa-447f-82ea-5e471706e7c5,top_backswing,,,,Ivan Syniuk,Daria Plokhotniuk,1,1,38,0.63333,27,0.45,,,,,11.0,,both,yes
D0061,event,82f22494-5871-41de-aebc-9d2012ce6571,address,,,,Ivan Syniuk,Daria Plokhotniuk,1,1,0,0.0,0,0.0,,,,,0.0,,both,optional
D0062,event,82f22494-5871-41de-aebc-9d2012ce6571,downswing_transition,,,,Ivan Syniuk,Daria Plokhotniuk,1,1,26,0.86667,22,0.73333,,,,,4.0,,both,yes
D0063,event,82f22494-5871-41de-aebc-9d2012ce6571,impact,,,,Ivan Syniuk,Daria Plokhotniuk,1,1,33,1.1,29,0.96667,,,,,4.0,,both,yes
D0064,event,82f22494-5871-41de-aebc-9d2012ce6571,top_backswing,,,,Ivan Syniuk,Daria Plokhotniuk,1,1,24,0.8,21,0.7,,,,,3.0,,both,yes
D0065,event,b95e3543-d28d-49db-be02-bbee7efb8425,address,,,,Ivan Syniuk,Daria Plokhotniuk,1,1,0,0.0,8,0.16,,,,,8.0,,both,yes
D0066,event,b95e3543-d28d-49db-be02-bbee7efb8425,downswing_transition,,,,Ivan Syniuk,Daria Plokhotniuk,1,1,27,0.54,29,0.58,,,,,2.0,,both,yes
D0067,event,b95e3543-d28d-49db-be02-bbee7efb8425,impact,,,,Ivan Syniuk,Daria Plokhotniuk,1,1,38,0.76,37,0.74,,,,,1.0,,both,yes
D0068,event,b95e3543-d28d-49db-be02-bbee7efb8425,top_backswing,,,,Ivan Syniuk,Daria Plokhotniuk,1,1,25,0.5,20,0.4,,,,,5.0,,both,yes
D0069,event,ba749048-28f5-497e-8d85-fcbcfedb6f8c,address,,,,Ivan Syniuk,Daria Plokhotniuk,1,1,64,1.06773,62,1.03437,,,,,2.0,,both,yes
D0070,event,ba749048-28f5-497e-8d85-fcbcfedb6f8c,downswing_transition,,,,Ivan Syniuk,Daria Plokhotniuk,1,1,130,2.16883,133,2.21888,,,,,3.0,,both,yes
D0071,event,ba749048-28f5-497e-8d85-fcbcfedb6f8c,impact,,,,Ivan Syniuk,Daria Plokhotniuk,1,1,147,2.45245,147,2.45245,,,,,0.0,,both,optional
D0072,event,ba749048-28f5-497e-8d85-fcbcfedb6f8c,top_backswing,,,,Ivan Syniuk,Daria Plokhotniuk,1,1,127,2.11878,132,2.2022,,,,,5.0,,both,yes
D0073,event,c638dd17-dbb3-4068-bb40-957442fe9ec9,address,,,,Ivan Syniuk,Daria Plokhotniuk,1,1,33,0.55,21,0.35,,,,,12.0,,both,yes
D0074,event,c638dd17-dbb3-4068-bb40-957442fe9ec9,downswing_transition,,,,Ivan Syniuk,Daria Plokhotniuk,1,1,215,3.58333,217,3.61667,,,,,2.0,,both,yes
D0075,event,c638dd17-dbb3-4068-bb40-957442fe9ec9,impact,,,,Ivan Syniuk,Daria Plokhotniuk,1,1,293,4.88333,289,4.81667,,,,,4.0,,both,yes
D0076,event,c638dd17-dbb3-4068-bb40-957442fe9ec9,top_backswing,,,,Ivan Syniuk,Daria Plokhotniuk,1,1,211,3.51667,211,3.51667,,,,,0.0,,both,optional
D0077,event,dfd57aa0-581d-4580-bc43-2a329277309b,address,,,,Ivan Syniuk,Daria Plokhotniuk,1,1,58,1.93333,62,2.06667,,,,,4.0,,both,yes
D0078,event,dfd57aa0-581d-4580-bc43-2a329277309b,downswing_transition,,,,Ivan Syniuk,Daria Plokhotniuk,1,1,154,5.13333,161,5.36667,,,,,7.0,,both,yes
D0079,event,dfd57aa0-581d-4580-bc43-2a329277309b,impact,,,,Ivan Syniuk,Daria Plokhotniuk,1,1,183,6.1,183,6.1,,,,,0.0,,both,optional
D0080,event,dfd57aa0-581d-4580-bc43-2a329277309b,top_backswing,,,,Ivan Syniuk,Daria Plokhotniuk,1,1,149,4.96667,126,4.2,,,,,23.0,,both,yes
D0081,event,e7490da1-a2fa-4e53-ab66-4e9927d0b4d3,address,,,,Ivan Syniuk,Daria Plokhotniuk,1,1,0,0.0,0,0.0,,,,,0.0,,both,optional
D0082,event,e7490da1-a2fa-4e53-ab66-4e9927d0b4d3,downswing_transition,,,,Ivan Syniuk,Daria Plokhotniuk,1,1,32,0.64,26,0.52,,,,,6.0,,both,yes
D0083,event,e7490da1-a2fa-4e53-ab66-4e9927d0b4d3,impact,,,,Ivan Syniuk,Daria Plokhotniuk,1,1,42,0.84,48,0.96,,,,,6.0,,both,yes
D0084,event,e7490da1-a2fa-4e53-ab66-4e9927d0b4d3,top_backswing,,,,Ivan Syniuk,Daria Plokhotniuk,1,1,30,0.6,25,0.5,,,,,5.0,,both,yes
D0085,event,e940142a-d4bc-4cee-a6de-828b05ab40a7,address,,,,Ivan Syniuk,Daria Plokhotniuk,1,1,1,0.02,0,0.0,,,,,1.0,,both,yes
D0086,event,e940142a-d4bc-4cee-a6de-828b05ab40a7,downswing_transition,,,,Ivan Syniuk,Daria Plokhotniuk,1,1,34,0.68,32,0.64,,,,,2.0,,both,yes
D0087,event,e940142a-d4bc-4cee-a6de-828b05ab40a7,impact,,,,Ivan Syniuk,Daria Plokhotniuk,1,1,44,0.88,44,0.88,,,,,0.0,,both,optional
D0088,event,e940142a-d4bc-4cee-a6de-828b05ab40a7,top_backswing,,,,Ivan Syniuk,Daria Plokhotniuk,1,1,32,0.64,29,0.58,,,,,3.0,,both,yes
D0089,event,eb859af6-2991-42e4-9345-05d3baf63c6e,address,,,,Ivan Syniuk,Daria Plokhotniuk,1,1,2,0.06667,2,0.06667,,,,,0.0,,both,optional
D0090,event,eb859af6-2991-42e4-9345-05d3baf63c6e,downswing_transition,,,,Ivan Syniuk,Daria Plokhotniuk,1,1,170,5.66667,175,5.83333,,,,,5.0,,both,yes
D0091,event,eb859af6-2991-42e4-9345-05d3baf63c6e,impact,,,,Ivan Syniuk,Daria Plokhotniuk,1,1,242,8.06667,242,8.06667,,,,,0.0,,both,optional
D0092,event,eb859af6-2991-42e4-9345-05d3baf63c6e,top_backswing,,,,Ivan Syniuk,Daria Plokhotniuk,1,1,162,5.4,165,5.5,,,,,3.0,,both,yes
D0093,event,ed241630-f662-4957-b17f-1f485cf04683,address,,,,Ivan Syniuk,Daria Plokhotniuk,1,1,1,0.02,10,0.2,,,,,9.0,,both,yes
D0094,event,ed241630-f662-4957-b17f-1f485cf04683,downswing_transition,,,,Ivan Syniuk,Daria Plokhotniuk,1,1,59,1.18,62,1.24,,,,,3.0,,both,yes
D0095,event,ed241630-f662-4957-b17f-1f485cf04683,impact,,,,Ivan Syniuk,Daria Plokhotniuk,1,1,68,1.36,64,1.28,,,,,4.0,,both,yes
D0096,event,ed241630-f662-4957-b17f-1f485cf04683,top_backswing,,,,Ivan Syniuk,Daria Plokhotniuk,1,1,55,1.1,59,1.18,,,,,4.0,,both,yes
D0097,event,f0647c16-5b92-48b6-a06a-d05d86fe8145,address,,,,Ivan Syniuk,Daria Plokhotniuk,1,1,9,0.18,10,0.2,,,,,1.0,,both,yes
D0098,event,f0647c16-5b92-48b6-a06a-d05d86fe8145,downswing_transition,,,,Ivan Syniuk,Daria Plokhotniuk,1,1,45,0.9,55,1.1,,,,,10.0,,both,yes
D0099,event,f0647c16-5b92-48b6-a06a-d05d86fe8145,impact,,,,Ivan Syniuk,Daria Plokhotniuk,1,1,56,1.12,56,1.12,,,,,0.0,,both,optional
D0100,event,f0647c16-5b92-48b6-a06a-d05d86fe8145,top_backswing,,,,Ivan Syniuk,Daria Plokhotniuk,1,1,43,0.86,54,1.08,,,,,11.0,,both,yes
D0101,point,2850af90-f8fc-4050-a178-b659098e69df,,33,1,backswing,Ivan Syniuk,Daria Plokhotniuk,1,1,33,,33,,384.0,642.0,396.0,694.0,0.0,53.36665625650534,both,yes
D0102,point,2850af90-f8fc-4050-a178-b659098e69df,,44,2,backswing,Ivan Syniuk,Daria Plokhotniuk,1,1,44,,44,,51.0,416.0,27.0,476.0,0.0,64.62197768561404,both,yes
D0103,point,2850af90-f8fc-4050-a178-b659098e69df,,52,3,backswing,Ivan Syniuk,Daria Plokhotniuk,1,1,52,,52,,153.0,408.0,272.0,283.0,0.0,172.58621034138272,both,yes
D0104,point,2850af90-f8fc-4050-a178-b659098e69df,,56,4,downswing,Ivan Syniuk,Daria Plokhotniuk,1,1,56,,56,,90.0,364.0,46.0,383.0,0.0,47.92702786528704,both,yes
D0105,point,2850af90-f8fc-4050-a178-b659098e69df,,59,5,impact_region,Ivan Syniuk,Daria Plokhotniuk,1,1,59,,59,,387.0,651.0,336.0,564.0,0.0,100.84641788382967,both,yes
D0106,point,2850af90-f8fc-4050-a178-b659098e69df,,63,6,follow_through,Ivan Syniuk,Daria Plokhotniuk,1,1,63,,63,,140.0,381.0,94.0,397.0,0.0,48.703182647543684,both,yes
D0107,point,2ac2bc4c-b28e-4adf-a94e-a1227f7801d9,,100,1,backswing,Ivan Syniuk,Daria Plokhotniuk,1,1,100,,100,,893.0,1864.0,916.0,1883.0,0.0,29.832867780352597,both,yes
D0108,point,2ac2bc4c-b28e-4adf-a94e-a1227f7801d9,,107,2,backswing,Ivan Syniuk,Daria Plokhotniuk,1,1,107,,107,,379.0,1491.0,333.0,1505.0,0.0,48.08326112068523,both,yes
D0109,point,2ac2bc4c-b28e-4adf-a94e-a1227f7801d9,,122,3,backswing,Ivan Syniuk,Daria Plokhotniuk,1,1,122,,122,,264.0,853.0,184.0,1007.0,0.0,173.5396208362805,both,yes
D0110,point,2ac2bc4c-b28e-4adf-a94e-a1227f7801d9,,123,4,backswing,Ivan Syniuk,Daria Plokhotniuk,1,1,123,,123,,301.0,896.0,323.0,868.0,0.0,35.608987629529715,both,yes
D0111,point,2ac2bc4c-b28e-4adf-a94e-a1227f7801d9,,132,5,impact_region,Ivan Syniuk,Daria Plokhotniuk,1,1,132,,132,,723.0,1472.0,625.0,1668.0,0.0,219.1346617949794,both,yes
D0112,point,2ac2bc4c-b28e-4adf-a94e-a1227f7801d9,,134,6,follow_through,Ivan Syniuk,Daria Plokhotniuk,1,1,134,,134,,75.0,597.0,12.0,586.0,0.0,63.953107821277925,both,yes
D0113,point,32fec03e-0046-4581-885b-ef0d7f174e53,,71,1,backswing,Ivan Syniuk,Daria Plokhotniuk,1,1,71,,71,,532.0,871.0,514.0,826.0,0.0,48.46648326421054,both,yes
D0114,point,32fec03e-0046-4581-885b-ef0d7f174e53,,82,2,backswing,Ivan Syniuk,Daria Plokhotniuk,1,1,82,,82,,229.0,551.0,191.0,467.0,0.0,92.19544457292888,both,yes
D0115,point,32fec03e-0046-4581-885b-ef0d7f174e53,,89,3,backswing,Ivan Syniuk,Daria Plokhotniuk,1,1,89,,89,,245.0,68.0,275.0,234.0,0.0,168.68906307167634,both,yes
D0116,point,32fec03e-0046-4581-885b-ef0d7f174e53,,95,4,impact_region,Ivan Syniuk,Daria Plokhotniuk,1,1,95,,95,,87.0,308.0,115.0,305.0,0.0,28.160255680657446,both,yes
D0117,point,32fec03e-0046-4581-885b-ef0d7f174e53,,97,5,impact_region,Ivan Syniuk,Daria Plokhotniuk,1,1,97,,97,,503.0,914.0,507.0,1023.0,0.0,109.07336980216573,both,yes
D0118,point,32fec03e-0046-4581-885b-ef0d7f174e53,,99,6,impact_region,Ivan Syniuk,Daria Plokhotniuk,1,1,99,,99,,478.0,574.0,469.0,593.0,0.0,21.02379604162864,both,yes
D0119,point,332a7a76-cfa3-449e-9150-f93050fed050,,8,1,backswing,Ivan Syniuk,Daria Plokhotniuk,1,1,8,,8,,1262.0,1002.0,1266.0,936.0,0.0,66.12110101926616,both,yes
D0120,point,332a7a76-cfa3-449e-9150-f93050fed050,,43,2,backswing,Ivan Syniuk,Daria Plokhotniuk,1,1,43,,43,,580.0,159.0,596.0,183.0,0.0,28.844410203711913,both,yes
D0121,point,332a7a76-cfa3-449e-9150-f93050fed050,,53,3,downswing,Ivan Syniuk,Daria Plokhotniuk,1,1,53,,53,,693.0,320.0,588.0,199.0,0.0,160.20611723651504,both,yes
D0122,point,332a7a76-cfa3-449e-9150-f93050fed050,,62,4,impact_region,Ivan Syniuk,Daria Plokhotniuk,1,1,62,,62,,1251.0,1005.0,1314.0,1027.0,0.0,66.73080248281148,both,yes
D0123,point,332a7a76-cfa3-449e-9150-f93050fed050,,67,5,follow_through,Ivan Syniuk,Daria Plokhotniuk,1,1,67,,67,,912.0,572.0,1070.0,491.0,0.0,177.55280904564702,both,yes
D0124,point,332a7a76-cfa3-449e-9150-f93050fed050,,69,6,follow_through,Ivan Syniuk,Daria Plokhotniuk,1,1,69,,69,,525.0,70.0,494.0,2.0,0.0,74.73285756613352,both,yes
D0125,point,36b05de8-5e98-425f-8b72-8e505337e150,,1,1,backswing,Ivan Syniuk,Daria Plokhotniuk,1,1,1,,1,,989.0,1685.0,988.0,1595.0,0.0,90.00555538409837,both,yes
D0126,point,36b05de8-5e98-425f-8b72-8e505337e150,,61,2,downswing,Ivan Syniuk,Daria Plokhotniuk,1,1,61,,61,,269.0,955.0,247.0,959.0,0.0,22.360679774997898,both,yes
D0127,point,36b05de8-5e98-425f-8b72-8e505337e150,,69,3,downswing,Ivan Syniuk,Daria Plokhotniuk,1,1,69,,69,,984.0,1672.0,1079.0,1795.0,0.0,155.4155719353759,both,yes
D0128,point,36b05de8-5e98-425f-8b72-8e505337e150,,73,4,impact_region,Ivan Syniuk,Daria Plokhotniuk,1,1,73,,73,,979.0,1669.0,1003.0,1707.0,0.0,44.94441010848846,both,yes
D0129,point,36b05de8-5e98-425f-8b72-8e505337e150,,80,5,follow_through,Ivan Syniuk,Daria Plokhotniuk,1,1,80,,80,,227.0,739.0,383.0,640.0,0.0,184.76200908195386,both,yes
D0130,point,36b05de8-5e98-425f-8b72-8e505337e150,,83,6,follow_through,Ivan Syniuk,Daria Plokhotniuk,1,1,83,,83,,464.0,784.0,457.0,831.0,0.0,47.51841748206689,both,yes
D0131,point,3c77a7e3-9d0f-43f4-bbfa-c142c7b24bf1,,59,1,backswing,Ivan Syniuk,Daria Plokhotniuk,1,1,59,,59,,541.0,1627.0,505.0,1714.0,0.0,94.15412895885129,both,yes
D0132,point,3c77a7e3-9d0f-43f4-bbfa-c142c7b24bf1,,90,2,backswing,Ivan Syniuk,Daria Plokhotniuk,1,1,90,,90,,40.0,1221.0,39.0,1200.0,0.0,21.02379604162864,both,yes
D0133,point,3c77a7e3-9d0f-43f4-bbfa-c142c7b24bf1,,127,3,backswing,Ivan Syniuk,Daria Plokhotniuk,1,1,127,,127,,664.0,659.0,728.0,581.0,0.0,100.89598604503551,both,yes
D0134,point,3c77a7e3-9d0f-43f4-bbfa-c142c7b24bf1,,145,4,impact_region,Ivan Syniuk,Daria Plokhotniuk,1,1,145,,145,,203.0,1512.0,174.0,1512.0,0.0,29.0,both,yes
D0135,point,3c77a7e3-9d0f-43f4-bbfa-c142c7b24bf1,,148,5,impact_region,Ivan Syniuk,Daria Plokhotniuk,1,1,148,,148,,811.0,1576.0,788.0,1683.0,0.0,109.4440496326776,both,yes
D0136,point,3c77a7e3-9d0f-43f4-bbfa-c142c7b24bf1,,160,6,follow_through,Ivan Syniuk,Daria Plokhotniuk,1,1,160,,160,,859.0,539.0,810.0,537.0,0.0,49.040799340956916,both,yes
D0137,point,3d47c3b9-21d9-4794-995d-52804115fb8b,,1,1,backswing,Ivan Syniuk,Daria Plokhotniuk,1,1,1,,1,,1197.0,903.0,1169.0,978.0,0.0,80.05623023850174,both,yes
D0138,point,3d47c3b9-21d9-4794-995d-52804115fb8b,,17,2,backswing,Ivan Syniuk,Daria Plokhotniuk,1,1,17,,17,,496.0,81.0,523.0,100.0,0.0,33.015148038438355,both,yes
D0139,point,3d47c3b9-21d9-4794-995d-52804115fb8b,,26,3,backswing,Ivan Syniuk,Daria Plokhotniuk,1,1,26,,26,,688.0,200.0,784.0,55.0,0.0,173.89939620366712,both,yes
D0140,point,3d47c3b9-21d9-4794-995d-52804115fb8b,,36,4,impact_region,Ivan Syniuk,Daria Plokhotniuk,1,1,36,,36,,880.0,730.0,904.0,741.0,0.0,26.40075756488817,both,yes
D0141,point,3d47c3b9-21d9-4794-995d-52804115fb8b,,37,5,impact_region,Ivan Syniuk,Daria Plokhotniuk,1,1,37,,37,,1197.0,948.0,1117.0,1052.0,0.0,131.20975573485381,both,yes
D0142,point,3d47c3b9-21d9-4794-995d-52804115fb8b,,40,6,follow_through,Ivan Syniuk,Daria Plokhotniuk,1,1,40,,40,,1008.0,576.0,941.0,633.0,0.0,87.96590248499699,both,yes
D0143,point,42f8729a-ed28-45a2-bf9b-397d2d698bb0,,1,1,backswing,Ivan Syniuk,Daria Plokhotniuk,1,1,1,,1,,1287.0,933.0,1260.0,987.0,0.0,60.37383539249432,both,yes
D0144,point,42f8729a-ed28-45a2-bf9b-397d2d698bb0,,24,2,backswing,Ivan Syniuk,Daria Plokhotniuk,1,1,24,,24,,645.0,320.0,686.0,308.0,0.0,42.720018726587654,both,yes
D0145,point,42f8729a-ed28-45a2-bf9b-397d2d698bb0,,43,3,backswing,Ivan Syniuk,Daria Plokhotniuk,1,1,43,,43,,864.0,381.0,816.0,250.0,0.0,139.51702405083043,both,yes
D0146,point,42f8729a-ed28-45a2-bf9b-397d2d698bb0,,46,4,downswing,Ivan Syniuk,Daria Plokhotniuk,1,1,46,,46,,876.0,393.0,869.0,418.0,0.0,25.96150997149434,both,yes
D0147,point,42f8729a-ed28-45a2-bf9b-397d2d698bb0,,58,5,impact_region,Ivan Syniuk,Daria Plokhotniuk,1,1,58,,58,,1310.0,932.0,1145.0,1047.0,0.0,201.12185361118767,both,yes
D0148,point,42f8729a-ed28-45a2-bf9b-397d2d698bb0,,63,6,follow_through,Ivan Syniuk,Daria Plokhotniuk,1,1,63,,63,,878.0,358.0,842.0,368.0,0.0,37.36308338453881,both,yes
D0149,point,48c9026f-11c4-410d-82ec-f33d477d9db6,,38,1,backswing,Ivan Syniuk,Daria Plokhotniuk,1,1,38,,38,,538.0,893.0,575.0,951.0,0.0,68.79680225126747,both,yes
D0150,point,48c9026f-11c4-410d-82ec-f33d477d9db6,,98,2,backswing,Ivan Syniuk,Daria Plokhotniuk,1,1,98,,98,,387.0,754.0,380.0,807.0,0.0,53.46026561849464,both,yes
D0151,point,48c9026f-11c4-410d-82ec-f33d477d9db6,,174,3,backswing,Ivan Syniuk,Daria Plokhotniuk,1,1,174,,174,,92.0,105.0,141.0,0.0,0.0,115.87061750072795,both,yes
D0152,point,48c9026f-11c4-410d-82ec-f33d477d9db6,,180,4,downswing,Ivan Syniuk,Daria Plokhotniuk,1,1,180,,180,,88.0,121.0,116.0,43.0,0.0,82.87339742040264,both,yes
D0153,point,48c9026f-11c4-410d-82ec-f33d477d9db6,,233,5,downswing,Ivan Syniuk,Daria Plokhotniuk,1,1,233,,233,,475.0,870.0,360.0,926.0,0.0,127.91012469699183,both,yes
D0154,point,48c9026f-11c4-410d-82ec-f33d477d9db6,,249,6,follow_through,Ivan Syniuk,Daria Plokhotniuk,1,1,249,,249,,353.0,670.0,396.0,732.0,0.0,75.45197147855052,both,yes
D0155,point,511a396b-aa38-4056-a980-76723ed0c05f,,66,1,backswing,Ivan Syniuk,Daria Plokhotniuk,1,1,66,,66,,469.0,1648.0,447.0,1722.0,0.0,77.20103626247513,both,yes
D0156,point,511a396b-aa38-4056-a980-76723ed0c05f,,86,2,backswing,Ivan Syniuk,Daria Plokhotniuk,1,1,86,,86,,101.0,1347.0,89.0,1301.0,0.0,47.53945729601885,both,yes
D0157,point,511a396b-aa38-4056-a980-76723ed0c05f,,116,3,backswing,Ivan Syniuk,Daria Plokhotniuk,1,1,116,,116,,477.0,664.0,335.0,512.0,0.0,208.00961516237658,both,yes
D0158,point,511a396b-aa38-4056-a980-76723ed0c05f,,131,4,downswing,Ivan Syniuk,Daria Plokhotniuk,1,1,131,,131,,653.0,661.0,688.0,718.0,0.0,66.88796603276258,both,yes
D0159,point,511a396b-aa38-4056-a980-76723ed0c05f,,150,5,follow_through,Ivan Syniuk,Daria Plokhotniuk,1,1,150,,150,,1056.0,1256.0,1079.0,1102.0,0.0,155.7080601638849,both,yes
D0160,point,511a396b-aa38-4056-a980-76723ed0c05f,,158,6,follow_through,Ivan Syniuk,Daria Plokhotniuk,1,1,158,,158,,856.0,539.0,897.0,466.0,0.0,83.72574275573791,both,yes
D0161,point,57660e2f-8425-445f-bca0-17c6e557f1b0,,27,1,backswing,Ivan Syniuk,Daria Plokhotniuk,1,1,27,,27,,567.0,1012.0,600.0,1025.0,0.0,35.4682957019364,both,yes
D0162,point,57660e2f-8425-445f-bca0-17c6e557f1b0,,113,2,backswing,Ivan Syniuk,Daria Plokhotniuk,1,1,113,,113,,80.0,443.0,54.0,405.0,0.0,46.04345773288535,both,yes
D0163,point,57660e2f-8425-445f-bca0-17c6e557f1b0,,213,3,downswing,Ivan Syniuk,Daria Plokhotniuk,1,1,213,,213,,142.0,256.0,0.0,209.0,0.0,149.57606760441325,both,yes
D0164,point,57660e2f-8425-445f-bca0-17c6e557f1b0,,233,4,downswing,Ivan Syniuk,Daria Plokhotniuk,1,1,233,,233,,418.0,880.0,504.0,891.0,0.0,86.70063436907483,both,yes
D0165,point,57660e2f-8425-445f-bca0-17c6e557f1b0,,265,5,follow_through,Ivan Syniuk,Daria Plokhotniuk,1,1,265,,265,,236.0,325.0,342.0,320.0,0.0,106.1178590059185,both,yes
D0166,point,57660e2f-8425-445f-bca0-17c6e557f1b0,,285,6,follow_through,Ivan Syniuk,Daria Plokhotniuk,1,1,285,,285,,84.0,11.0,9.0,0.0,0.0,75.8023746329889,both,yes
D0167,point,7473617c-26a8-428f-9ba6-fc51dd7d2156,,1,1,backswing,Ivan Syniuk,Daria Plokhotniuk,1,1,1,,1,,917.0,1611.0,863.0,1573.0,0.0,66.03029607687671,both,yes
D0168,point,7473617c-26a8-428f-9ba6-fc51dd7d2156,,26,2,backswing,Ivan Syniuk,Daria Plokhotniuk,1,1,26,,26,,280.0,312.0,234.0,360.0,0.0,66.48308055437865,both,yes
D0169,point,7473617c-26a8-428f-9ba6-fc51dd7d2156,,47,3,downswing,Ivan Syniuk,Daria Plokhotniuk,1,1,47,,47,,299.0,147.0,426.0,42.0,0.0,164.78470802838473,both,yes
D0170,point,7473617c-26a8-428f-9ba6-fc51dd7d2156,,59,4,impact_region,Ivan Syniuk,Daria Plokhotniuk,1,1,59,,59,,848.0,1520.0,771.0,1542.0,0.0,80.0812087820857,both,yes
D0171,point,7473617c-26a8-428f-9ba6-fc51dd7d2156,,63,5,impact_region,Ivan Syniuk,Daria Plokhotniuk,1,1,63,,63,,573.0,1115.0,470.0,1031.0,0.0,132.90974381135493,both,yes
D0172,point,7473617c-26a8-428f-9ba6-fc51dd7d2156,,67,6,follow_through,Ivan Syniuk,Daria Plokhotniuk,1,1,67,,67,,51.0,325.0,64.0,372.0,0.0,48.76474136094644,both,yes
D0173,point,7f7bf52f-1a8f-4c38-8d68-41b634af50ab,,3,1,backswing,Ivan Syniuk,Daria Plokhotniuk,1,1,3,,3,,1246.0,912.0,1290.0,976.0,0.0,77.6659513557904,both,yes
D0174,point,7f7bf52f-1a8f-4c38-8d68-41b634af50ab,,26,2,backswing,Ivan Syniuk,Daria Plokhotniuk,1,1,26,,26,,638.0,147.0,679.0,116.0,0.0,51.40038910358559,both,yes
D0175,point,7f7bf52f-1a8f-4c38-8d68-41b634af50ab,,36,3,downswing,Ivan Syniuk,Daria Plokhotniuk,1,1,36,,36,,777.0,303.0,901.0,250.0,0.0,134.8517704741024,both,yes
D0176,point,7f7bf52f-1a8f-4c38-8d68-41b634af50ab,,43,4,impact_region,Ivan Syniuk,Daria Plokhotniuk,1,1,43,,43,,741.0,672.0,712.0,655.0,0.0,33.61547262794322,both,yes
D0177,point,7f7bf52f-1a8f-4c38-8d68-41b634af50ab,,45,5,impact_region,Ivan Syniuk,Daria Plokhotniuk,1,1,45,,45,,1204.0,960.0,1246.0,845.0,0.0,122.42957159118053,both,yes
D0178,point,7f7bf52f-1a8f-4c38-8d68-41b634af50ab,,50,6,follow_through,Ivan Syniuk,Daria Plokhotniuk,1,1,50,,50,,501.0,21.0,542.0,14.0,0.0,41.593268686170845,both,yes
D0179,point,81681211-21c8-4d55-9d89-095b3a80d022,,59,1,backswing,Ivan Syniuk,Daria Plokhotniuk,1,1,59,,59,,845.0,1557.0,874.0,1574.0,0.0,33.61547262794322,both,yes
D0180,point,81681211-21c8-4d55-9d89-095b3a80d022,,273,2,backswing,Ivan Syniuk,Daria Plokhotniuk,1,1,273,,273,,195.0,539.0,280.0,505.0,0.0,91.54780172128658,both,yes
D0181,point,81681211-21c8-4d55-9d89-095b3a80d022,,502,3,downswing,Ivan Syniuk,Daria Plokhotniuk,1,1,502,,502,,256.0,664.0,257.0,836.0,0.0,172.00290695217916,both,yes
D0182,point,81681211-21c8-4d55-9d89-095b3a80d022,,522,4,downswing,Ivan Syniuk,Daria Plokhotniuk,1,1,522,,522,,725.0,1448.0,676.0,1373.0,0.0,89.58794561770016,both,yes
D0183,point,81681211-21c8-4d55-9d89-095b3a80d022,,547,5,follow_through,Ivan Syniuk,Daria Plokhotniuk,1,1,547,,547,,736.0,1392.0,769.0,1513.0,0.0,125.41929676090518,both,yes
D0184,point,81681211-21c8-4d55-9d89-095b3a80d022,,562,6,follow_through,Ivan Syniuk,Daria Plokhotniuk,1,1,562,,562,,595.0,1157.0,609.0,1127.0,0.0,33.1058907144937,both,yes
D0185,point,82b83897-42aa-447f-82ea-5e471706e7c5,,3,1,backswing,Ivan Syniuk,Daria Plokhotniuk,1,1,3,,3,,904.0,1509.0,933.0,1476.0,0.0,43.93176527297759,both,yes
D0186,point,82b83897-42aa-447f-82ea-5e471706e7c5,,27,2,backswing,Ivan Syniuk,Daria Plokhotniuk,1,1,27,,27,,45.0,61.0,0.0,24.0,0.0,58.25804665451803,both,yes
D0187,point,82b83897-42aa-447f-82ea-5e471706e7c5,,41,3,downswing,Ivan Syniuk,Daria Plokhotniuk,1,1,41,,41,,293.0,323.0,125.0,254.0,0.0,181.61773041198373,both,yes
D0188,point,82b83897-42aa-447f-82ea-5e471706e7c5,,50,4,impact_region,Ivan Syniuk,Daria Plokhotniuk,1,1,50,,50,,672.0,1288.0,647.0,1282.0,0.0,25.709920264364882,both,yes
D0189,point,82b83897-42aa-447f-82ea-5e471706e7c5,,53,5,impact_region,Ivan Syniuk,Daria Plokhotniuk,1,1,53,,53,,816.0,1339.0,996.0,1423.0,0.0,198.63534428696218,both,yes
D0190,point,82b83897-42aa-447f-82ea-5e471706e7c5,,57,6,follow_through,Ivan Syniuk,Daria Plokhotniuk,1,1,57,,57,,208.0,445.0,281.0,413.0,0.0,79.7057087039567,both,yes
D0191,point,82f22494-5871-41de-aebc-9d2012ce6571,,1,1,backswing,Ivan Syniuk,Daria Plokhotniuk,1,1,1,,1,,296.0,897.0,291.0,857.0,0.0,40.311288741492746,both,yes
D0192,point,82f22494-5871-41de-aebc-9d2012ce6571,,21,2,backswing,Ivan Syniuk,Daria Plokhotniuk,1,1,21,,21,,15.0,110.0,0.0,176.0,0.0,67.68308503607086,both,yes
D0193,point,82f22494-5871-41de-aebc-9d2012ce6571,,27,3,downswing,Ivan Syniuk,Daria Plokhotniuk,1,1,27,,27,,68.0,123.0,172.0,44.0,0.0,130.60245020672468,both,yes
D0194,point,82f22494-5871-41de-aebc-9d2012ce6571,,32,4,impact_region,Ivan Syniuk,Daria Plokhotniuk,1,1,32,,32,,87.0,854.0,132.0,835.0,0.0,48.84669896727925,both,yes
D0195,point,82f22494-5871-41de-aebc-9d2012ce6571,,34,5,impact_region,Ivan Syniuk,Daria Plokhotniuk,1,1,34,,34,,502.0,735.0,380.0,743.0,0.0,122.2620137246234,both,yes
D0196,point,82f22494-5871-41de-aebc-9d2012ce6571,,36,6,follow_through,Ivan Syniuk,Daria Plokhotniuk,1,1,36,,36,,513.0,444.0,486.0,359.0,0.0,89.1852005660132,both,yes
D0197,point,b95e3543-d28d-49db-be02-bbee7efb8425,,0,1,backswing,Ivan Syniuk,Daria Plokhotniuk,1,1,0,,0,,1317.0,975.0,1305.0,944.0,0.0,33.24154027718932,both,yes
D0198,point,b95e3543-d28d-49db-be02-bbee7efb8425,,14,2,backswing,Ivan Syniuk,Daria Plokhotniuk,1,1,14,,14,,723.0,198.0,716.0,155.0,0.0,43.56604182158393,both,yes
D0199,point,b95e3543-d28d-49db-be02-bbee7efb8425,,27,3,downswing,Ivan Syniuk,Daria Plokhotniuk,1,1,27,,27,,786.0,48.0,818.0,0.0,0.0,57.688820407423826,both,yes
D0200,point,b95e3543-d28d-49db-be02-bbee7efb8425,,35,4,downswing,Ivan Syniuk,Daria Plokhotniuk,1,1,35,,35,,864.0,592.0,840.0,574.0,0.0,30.0,both,yes
D0201,point,b95e3543-d28d-49db-be02-bbee7efb8425,,38,5,impact_region,Ivan Syniuk,Daria Plokhotniuk,1,1,38,,38,,1314.0,975.0,1329.0,876.0,0.0,100.12991560967181,both,yes
D0202,point,b95e3543-d28d-49db-be02-bbee7efb8425,,41,6,follow_through,Ivan Syniuk,Daria Plokhotniuk,1,1,41,,41,,837.0,300.0,865.0,267.0,0.0,43.278170016764804,both,yes
D0203,point,ba749048-28f5-497e-8d85-fcbcfedb6f8c,,64,1,backswing,Ivan Syniuk,Daria Plokhotniuk,1,1,64,,64,,563.0,1656.0,492.0,1620.0,0.0,79.60527620704548,both,yes
D0204,point,ba749048-28f5-497e-8d85-fcbcfedb6f8c,,116,2,backswing,Ivan Syniuk,Daria Plokhotniuk,1,1,116,,116,,525.0,648.0,527.0,627.0,0.0,21.095023109728988,both,yes
D0205,point,ba749048-28f5-497e-8d85-fcbcfedb6f8c,,143,3,downswing,Ivan Syniuk,Daria Plokhotniuk,1,1,143,,143,,53.0,1008.0,205.0,1057.0,0.0,159.70284906663375,both,yes
D0206,point,ba749048-28f5-497e-8d85-fcbcfedb6f8c,,147,4,impact_region,Ivan Syniuk,Daria Plokhotniuk,1,1,147,,147,,672.0,1621.0,762.0,1633.0,0.0,90.79647570252934,both,yes
D0207,point,ba749048-28f5-497e-8d85-fcbcfedb6f8c,,159,5,follow_through,Ivan Syniuk,Daria Plokhotniuk,1,1,159,,159,,1003.0,584.0,1071.0,386.0,0.0,209.35137926462295,both,yes
D0208,point,ba749048-28f5-497e-8d85-fcbcfedb6f8c,,173,6,follow_through,Ivan Syniuk,Daria Plokhotniuk,1,1,173,,173,,528.0,360.0,593.0,369.0,0.0,65.62011886609167,both,yes
D0209,point,c638dd17-dbb3-4068-bb40-957442fe9ec9,,33,1,backswing,Ivan Syniuk,Daria Plokhotniuk,1,1,33,,33,,572.0,1020.0,521.0,1043.0,0.0,55.94640292279746,both,yes
D0210,point,c638dd17-dbb3-4068-bb40-957442fe9ec9,,134,2,backswing,Ivan Syniuk,Daria Plokhotniuk,1,1,134,,134,,427.0,635.0,475.0,697.0,0.0,78.40918313565064,both,yes
D0211,point,c638dd17-dbb3-4068-bb40-957442fe9ec9,,151,3,backswing,Ivan Syniuk,Daria Plokhotniuk,1,1,151,,151,,400.0,558.0,406.0,659.0,0.0,101.17806086301516,both,yes
D0212,point,c638dd17-dbb3-4068-bb40-957442fe9ec9,,225,4,downswing,Ivan Syniuk,Daria Plokhotniuk,1,1,225,,225,,347.0,492.0,385.0,559.0,0.0,77.02596964660685,both,yes
D0213,point,c638dd17-dbb3-4068-bb40-957442fe9ec9,,277,5,downswing,Ivan Syniuk,Daria Plokhotniuk,1,1,277,,277,,491.0,802.0,599.0,719.0,0.0,136.20939761998804,both,yes
D0214,point,c638dd17-dbb3-4068-bb40-957442fe9ec9,,323,6,follow_through,Ivan Syniuk,Daria Plokhotniuk,1,1,323,,323,,352.0,693.0,282.0,752.0,0.0,91.54780172128658,both,yes
D0215,point,dfd57aa0-581d-4580-bc43-2a329277309b,,58,1,backswing,Ivan Syniuk,Daria Plokhotniuk,1,1,58,,58,,587.0,1092.0,593.0,1046.0,0.0,46.389654018972806,both,yes
D0216,point,dfd57aa0-581d-4580-bc43-2a329277309b,,110,2,backswing,Ivan Syniuk,Daria Plokhotniuk,1,1,110,,110,,233.0,533.0,204.0,468.0,0.0,71.17583859709698,both,yes
D0217,point,dfd57aa0-581d-4580-bc43-2a329277309b,,154,3,downswing,Ivan Syniuk,Daria Plokhotniuk,1,1,154,,154,,219.0,306.0,267.0,426.0,0.0,129.24395537122808,both,yes
D0218,point,dfd57aa0-581d-4580-bc43-2a329277309b,,179,4,downswing,Ivan Syniuk,Daria Plokhotniuk,1,1,179,,179,,501.0,889.0,548.0,848.0,0.0,62.369864518050704,both,yes
D0219,point,dfd57aa0-581d-4580-bc43-2a329277309b,,187,5,follow_through,Ivan Syniuk,Daria Plokhotniuk,1,1,187,,187,,471.0,946.0,606.0,1119.0,0.0,219.44019686465833,both,yes
D0220,point,dfd57aa0-581d-4580-bc43-2a329277309b,,197,6,follow_through,Ivan Syniuk,Daria Plokhotniuk,1,1,197,,197,,192.0,398.0,234.0,435.0,0.0,55.97320787662612,both,yes
D0221,point,e7490da1-a2fa-4e53-ab66-4e9927d0b4d3,,0,1,backswing,Ivan Syniuk,Daria Plokhotniuk,1,1,0,,0,,960.0,1483.0,999.0,1463.0,0.0,43.829214001622255,both,yes
D0222,point,e7490da1-a2fa-4e53-ab66-4e9927d0b4d3,,17,2,backswing,Ivan Syniuk,Daria Plokhotniuk,1,1,17,,17,,51.0,464.0,69.0,390.0,0.0,76.15773105863909,both,yes
D0223,point,e7490da1-a2fa-4e53-ab66-4e9927d0b4d3,,32,3,downswing,Ivan Syniuk,Daria Plokhotniuk,1,1,32,,32,,387.0,595.0,306.0,680.0,0.0,117.41379816699569,both,yes
D0224,point,e7490da1-a2fa-4e53-ab66-4e9927d0b4d3,,39,4,downswing,Ivan Syniuk,Daria Plokhotniuk,1,1,39,,39,,88.0,635.0,110.0,634.0,0.0,22.02271554554524,both,yes
D0225,point,e7490da1-a2fa-4e53-ab66-4e9927d0b4d3,,43,5,impact_region,Ivan Syniuk,Daria Plokhotniuk,1,1,43,,43,,872.0,1331.0,956.0,1286.0,0.0,95.29428104561154,both,yes
D0226,point,e7490da1-a2fa-4e53-ab66-4e9927d0b4d3,,47,6,follow_through,Ivan Syniuk,Daria Plokhotniuk,1,1,47,,47,,189.0,469.0,220.0,534.0,0.0,72.01388754955533,both,yes
D0227,point,e940142a-d4bc-4cee-a6de-828b05ab40a7,,1,1,backswing,Ivan Syniuk,Daria Plokhotniuk,1,1,1,,1,,789.0,988.0,700.0,1020.0,0.0,94.57801012920498,both,yes
D0228,point,e940142a-d4bc-4cee-a6de-828b05ab40a7,,25,2,backswing,Ivan Syniuk,Daria Plokhotniuk,1,1,25,,25,,1252.0,186.0,1245.0,140.0,0.0,46.52956049652737,both,yes
D0229,point,e940142a-d4bc-4cee-a6de-828b05ab40a7,,34,3,downswing,Ivan Syniuk,Daria Plokhotniuk,1,1,34,,34,,1028.0,393.0,958.0,300.0,0.0,116.40017182117903,both,yes
D0230,point,e940142a-d4bc-4cee-a6de-828b05ab40a7,,39,4,downswing,Ivan Syniuk,Daria Plokhotniuk,1,1,39,,39,,1142.0,270.0,1149.0,229.0,0.0,41.593268686170845,both,yes
D0231,point,e940142a-d4bc-4cee-a6de-828b05ab40a7,,43,5,impact_region,Ivan Syniuk,Daria Plokhotniuk,1,1,43,,43,,792.0,988.0,708.0,1079.0,0.0,123.84264209067892,both,yes
D0232,point,e940142a-d4bc-4cee-a6de-828b05ab40a7,,49,6,follow_through,Ivan Syniuk,Daria Plokhotniuk,1,1,49,,49,,1126.0,330.0,1088.0,268.0,0.0,72.71863585079137,both,yes
D0233,point,eb859af6-2991-42e4-9345-05d3baf63c6e,,2,1,backswing,Ivan Syniuk,Daria Plokhotniuk,1,1,2,,2,,624.0,1052.0,711.0,1085.0,0.0,93.04837451562494,both,yes
D0234,point,eb859af6-2991-42e4-9345-05d3baf63c6e,,111,2,backswing,Ivan Syniuk,Daria Plokhotniuk,1,1,111,,111,,12.0,164.0,96.0,136.0,0.0,88.54377448471462,both,yes
D0235,point,eb859af6-2991-42e4-9345-05d3baf63c6e,,170,3,downswing,Ivan Syniuk,Daria Plokhotniuk,1,1,170,,170,,87.0,324.0,134.0,413.0,0.0,100.64790112068906,both,yes
D0236,point,eb859af6-2991-42e4-9345-05d3baf63c6e,,229,4,downswing,Ivan Syniuk,Daria Plokhotniuk,1,1,229,,229,,391.0,777.0,344.0,858.0,0.0,93.64827814754524,both,yes
D0237,point,eb859af6-2991-42e4-9345-05d3baf63c6e,,247,5,follow_through,Ivan Syniuk,Daria Plokhotniuk,1,1,247,,247,,485.0,942.0,628.0,854.0,0.0,167.90771274721124,both,yes
D0238,point,eb859af6-2991-42e4-9345-05d3baf63c6e,,265,6,follow_through,Ivan Syniuk,Daria Plokhotniuk,1,1,265,,265,,101.0,402.0,128.0,442.0,0.0,48.25971404805462,both,yes
D0239,point,ed241630-f662-4957-b17f-1f485cf04683,,1,1,backswing,Ivan Syniuk,Daria Plokhotniuk,1,1,1,,1,,864.0,1608.0,927.0,1658.0,0.0,80.43009387039157,both,yes
D0240,point,ed241630-f662-4957-b17f-1f485cf04683,,33,2,backswing,Ivan Syniuk,Daria Plokhotniuk,1,1,33,,33,,523.0,1149.0,474.0,1151.0,0.0,49.040799340956916,both,yes
D0241,point,ed241630-f662-4957-b17f-1f485cf04683,,55,3,backswing,Ivan Syniuk,Daria Plokhotniuk,1,1,55,,55,,293.0,656.0,183.0,494.0,0.0,195.816240388789,both,yes
D0242,point,ed241630-f662-4957-b17f-1f485cf04683,,67,4,impact_region,Ivan Syniuk,Daria Plokhotniuk,1,1,67,,67,,701.0,1421.0,636.0,1432.0,0.0,65.92419889539804,both,yes
D0243,point,ed241630-f662-4957-b17f-1f485cf04683,,68,5,impact_region,Ivan Syniuk,Daria Plokhotniuk,1,1,68,,68,,893.0,1589.0,862.0,1471.0,0.0,122.00409829181969,both,yes
D0244,point,ed241630-f662-4957-b17f-1f485cf04683,,73,6,follow_through,Ivan Syniuk,Daria Plokhotniuk,1,1,73,,73,,155.0,635.0,184.0,620.0,0.0,32.64965543462902,both,yes
D0245,point,f0647c16-5b92-48b6-a06a-d05d86fe8145,,9,1,backswing,Ivan Syniuk,Daria Plokhotniuk,1,1,9,,9,,1202.0,1028.0,1149.0,1071.0,0.0,68.24954212300622,both,yes
D0246,point,f0647c16-5b92-48b6-a06a-d05d86fe8145,,35,2,backswing,Ivan Syniuk,Daria Plokhotniuk,1,1,35,,35,,838.0,99.0,749.0,128.0,0.0,93.60555539069249,both,yes
D0247,point,f0647c16-5b92-48b6-a06a-d05d86fe8145,,45,3,downswing,Ivan Syniuk,Daria Plokhotniuk,1,1,45,,45,,820.0,63.0,843.0,185.0,0.0,124.1491039033307,both,yes
D0248,point,f0647c16-5b92-48b6-a06a-d05d86fe8145,,54,4,impact_region,Ivan Syniuk,Daria Plokhotniuk,1,1,54,,54,,1158.0,982.0,1193.0,1062.0,0.0,87.32124598286491,both,yes
D0249,point,f0647c16-5b92-48b6-a06a-d05d86fe8145,,58,5,impact_region,Ivan Syniuk,Daria Plokhotniuk,1,1,58,,58,,1004.0,648.0,966.0,770.0,0.0,127.7810627597063,both,yes
D0250,point,f0647c16-5b92-48b6-a06a-d05d86fe8145,,63,6,follow_through,Ivan Syniuk,Daria Plokhotniuk,1,1,63,,63,,723.0,27.0,718.0,58.0,0.0,31.400636936215164,both,yes
