session_id,video_path,fps,frame_width,frame_height,event_name,reference_frame,reference_time_s,point_name,x_px,y_px,annotator_id,annotation_round,quality_note
36b05de8-5e98-425f-8b72-8e505337e150,C:\Users\isinu\Downloads\Telegram Desktop\7a0c087a-b6c7-42ea-bc67-63453d4cac7f\36b05de8-5e98-425f-8b72-8e505337e150\video_processed.mp4,47.95232700693679,1080,1920,address,0,0.0,,,,Ivan Syniuk,1,
36b05de8-5e98-425f-8b72-8e505337e150,C:\Users\isinu\Downloads\Telegram Desktop\7a0c087a-b6c7-42ea-bc67-63453d4cac7f\36b05de8-5e98-425f-8b72-8e505337e150\video_processed.mp4,47.95232700693679,1080,1920,top_backswing,54,1.12612,,,,Ivan Syniuk,1,
36b05de8-5e98-425f-8b72-8e505337e150,C:\Users\isinu\Downloads\Telegram Desktop\7a0c087a-b6c7-42ea-bc67-63453d4cac7f\36b05de8-5e98-425f-8b72-8e505337e150\video_processed.mp4,47.95232700693679,1080,1920,downswing_transition,56,1.16783,,,,Ivan Syniuk,1,
36b05de8-5e98-425f-8b72-8e505337e150,C:\Users\isinu\Downloads\Telegram Desktop\7a0c087a-b6c7-42ea-bc67-63453d4cac7f\36b05de8-5e98-425f-8b72-8e505337e150\video_processed.mp4,47.95232700693679,1080,1920,impact,73,1.52235,,,,Ivan Syniuk,1,
36b05de8-5e98-425f-8b72-8e505337e150,C:\Users\isinu\Downloads\Telegram Desktop\7a0c087a-b6c7-42ea-bc67-63453d4cac7f\36b05de8-5e98-425f-8b72-8e505337e150\video_processed.mp4,47.95232700693679,1080,1920,,1,0.02085,stick_tip_1,989.0,1685.0,Ivan Syniuk,1,
36b05de8-5e98-425f-8b72-8e505337e150,C:\Users\isinu\Downloads\Telegram Desktop\7a0c087a-b6c7-42ea-bc67-63453d4cac7f\36b05de8-5e98-425f-8b72-8e505337e150\video_processed.mp4,47.95232700693679,1080,1920,,55,1.14697,stick_tip_1,384.0,968.0,Ivan Syniuk,1,
36b05de8-5e98-425f-8b72-8e505337e150,C:\Users\isinu\Downloads\Telegram Desktop\7a0c087a-b6c7-42ea-bc67-63453d4cac7f\36b05de8-5e98-425f-8b72-8e505337e150\video_processed.mp4,47.95232700693679,1080,1920,,61,1.2721,stick_tip_1,269.0,955.0,Ivan Syniuk,1,
36b05de8-5e98-425f-8b72-8e505337e150,C:\Users\isinu\Downloads\Telegram Desktop\7a0c087a-b6c7-42ea-bc67-63453d4cac7f\36b05de8-5e98-425f-8b72-8e505337e150\video_processed.mp4,47.95232700693679,1080,1920,,65,1.35551,stick_tip_1,139.0,981.0,Ivan Syniuk,1,
36b05de8-5e98-425f-8b72-8e505337e150,C:\Users\isinu\Downloads\Telegram Desktop\7a0c087a-b6c7-42ea-bc67-63453d4cac7f\36b05de8-5e98-425f-8b72-8e505337e150\video_processed.mp4,47.95232700693679,1080,1920,,68,1.41808,stick_tip_1,931.0,1637.0,Ivan Syniuk,1,
36b05de8-5e98-425f-8b72-8e505337e150,C:\Users\isinu\Downloads\Telegram Desktop\7a0c087a-b6c7-42ea-bc67-63453d4cac7f\36b05de8-5e98-425f-8b72-8e505337e150\video_processed.mp4,47.95232700693679,1080,1920,,69,1.43893,stick_tip_1,984.0,1672.0,Ivan Syniuk,1,
36b05de8-5e98-425f-8b72-8e505337e150,C:\Users\isinu\Downloads\Telegram Desktop\7a0c087a-b6c7-42ea-bc67-63453d4cac7f\36b05de8-5e98-425f-8b72-8e505337e150\video_processed.mp4,47.95232700693679,1080,1920,,70,1.45978,stick_tip_1,987.0,1669.0,Ivan Syniuk,1,
36b05de8-5e98-425f-8b72-8e505337e150,C:\Users\isinu\Downloads\Telegram Desktop\7a0c087a-b6c7-42ea-bc67-63453d4cac7f\36b05de8-5e98-425f-8b72-8e505337e150\video_processed.mp4,47.95232700693679,1080,1920,,73,1.52235,stick_tip_1,979.0,1669.0,Ivan Syniuk,1,
36b05de8-5e98-425f-8b72-8e505337e150,C:\Users\isinu\Downloads\Telegram Desktop\7a0c087a-b6c7-42ea-bc67-63453d4cac7f\36b05de8-5e98-425f-8b72-8e505337e150\video_processed.mp4,47.95232700693679,1080,1920,,76,1.58491,stick_tip_1,317.0,979.0,Ivan Syniuk,1,
36b05de8-5e98-425f-8b72-8e505337e150,C:\Users\isinu\Downloads\Telegram Desktop\7a0c087a-b6c7-42ea-bc67-63453d4cac7f\36b05de8-5e98-425f-8b72-8e505337e150\video_processed.mp4,47.95232700693679,1080,1920,,78,1.62662,stick_tip_1,235.0,821.0,Ivan Syniuk,1,
36b05de8-5e98-425f-8b72-8e505337e150,C:\Users\isinu\Downloads\Telegram Desktop\7a0c087a-b6c7-42ea-bc67-63453d4cac7f\36b05de8-5e98-425f-8b72-8e505337e150\video_processed.mp4,47.95232700693679,1080,1920,,80,1.66832,stick_tip_1,227.0,739.0,Ivan Syniuk,1,
36b05de8-5e98-425f-8b72-8e505337e150,C:\Users\isinu\Downloads\Telegram Desktop\7a0c087a-b6c7-42ea-bc67-63453d4cac7f\36b05de8-5e98-425f-8b72-8e505337e150\video_processed.mp4,47.95232700693679,1080,1920,,82,1.71003,stick_tip_1,299.0,717.0,Ivan Syniuk,1,
36b05de8-5e98-425f-8b72-8e505337e150,C:\Users\isinu\Downloads\Telegram Desktop\7a0c087a-b6c7-42ea-bc67-63453d4cac7f\36b05de8-5e98-425f-8b72-8e505337e150\video_processed.mp4,47.95232700693679,1080,1920,,83,1.73089,stick_tip_1,464.0,784.0,Ivan Syniuk,1,
82f22494-5871-41de-aebc-9d2012ce6571,C:\Users\isinu\Downloads\Telegram Desktop\7a0c087a-b6c7-42ea-bc67-63453d4cac7f\82f22494-5871-41de-aebc-9d2012ce6571\video_processed.mp4,30.0,608,1080,address,0,0.0,,,,Ivan Syniuk,1,
82f22494-5871-41de-aebc-9d2012ce6571,C:\Users\isinu\Downloads\Telegram Desktop\7a0c087a-b6c7-42ea-bc67-63453d4cac7f\82f22494-5871-41de-aebc-9d2012ce6571\video_processed.mp4,30.0,608,1080,top_backswing,24,0.8,,,,Ivan Syniuk,1,
82f22494-5871-41de-aebc-9d2012ce6571,C:\Users\isinu\Downloads\Telegram Desktop\7a0c087a-b6c7-42ea-bc67-63453d4cac7f\82f22494-5871-41de-aebc-9d2012ce6571\video_processed.mp4,30.0,608,1080,downswing_transition,26,0.86667,,,,Ivan Syniuk,1,
82f22494-5871-41de-aebc-9d2012ce6571,C:\Users\isinu\Downloads\Telegram Desktop\7a0c087a-b6c7-42ea-bc67-63453d4cac7f\82f22494-5871-41de-aebc-9d2012ce6571\video_processed.mp4,30.0,608,1080,impact,33,1.1,,,,Ivan Syniuk,1,
82f22494-5871-41de-aebc-9d2012ce6571,C:\Users\isinu\Downloads\Telegram Desktop\7a0c087a-b6c7-42ea-bc67-63453d4cac7f\82f22494-5871-41de-aebc-9d2012ce6571\video_processed.mp4,30.0,608,1080,,1,0.03333,stick_tip_1,296.0,897.0,Ivan Syniuk,1,
82f22494-5871-41de-aebc-9d2012ce6571,C:\Users\isinu\Downloads\Telegram Desktop\7a0c087a-b6c7-42ea-bc67-63453d4cac7f\82f22494-5871-41de-aebc-9d2012ce6571\video_processed.mp4,30.0,608,1080,,10,0.33333,stick_tip_1,4.0,867.0,Ivan Syniuk,1,
82f22494-5871-41de-aebc-9d2012ce6571,C:\Users\isinu\Downloads\Telegram Desktop\7a0c087a-b6c7-42ea-bc67-63453d4cac7f\82f22494-5871-41de-aebc-9d2012ce6571\video_processed.mp4,30.0,608,1080,,21,0.7,stick_tip_1,15.0,110.0,Ivan Syniuk,1,
82f22494-5871-41de-aebc-9d2012ce6571,C:\Users\isinu\Downloads\Telegram Desktop\7a0c087a-b6c7-42ea-bc67-63453d4cac7f\82f22494-5871-41de-aebc-9d2012ce6571\video_processed.mp4,30.0,608,1080,,25,0.83333,stick_tip_1,140.0,142.0,Ivan Syniuk,1,
82f22494-5871-41de-aebc-9d2012ce6571,C:\Users\isinu\Downloads\Telegram Desktop\7a0c087a-b6c7-42ea-bc67-63453d4cac7f\82f22494-5871-41de-aebc-9d2012ce6571\video_processed.mp4,30.0,608,1080,,27,0.9,stick_tip_1,68.0,123.0,Ivan Syniuk,1,
82f22494-5871-41de-aebc-9d2012ce6571,C:\Users\isinu\Downloads\Telegram Desktop\7a0c087a-b6c7-42ea-bc67-63453d4cac7f\82f22494-5871-41de-aebc-9d2012ce6571\video_processed.mp4,30.0,608,1080,,32,1.06667,stick_tip_1,87.0,854.0,Ivan Syniuk,1,
82f22494-5871-41de-aebc-9d2012ce6571,C:\Users\isinu\Downloads\Telegram Desktop\7a0c087a-b6c7-42ea-bc67-63453d4cac7f\82f22494-5871-41de-aebc-9d2012ce6571\video_processed.mp4,30.0,608,1080,,33,1.1,stick_tip_1,369.0,873.0,Ivan Syniuk,1,
82f22494-5871-41de-aebc-9d2012ce6571,C:\Users\isinu\Downloads\Telegram Desktop\7a0c087a-b6c7-42ea-bc67-63453d4cac7f\82f22494-5871-41de-aebc-9d2012ce6571\video_processed.mp4,30.0,608,1080,,34,1.13333,stick_tip_1,502.0,735.0,Ivan Syniuk,1,
82f22494-5871-41de-aebc-9d2012ce6571,C:\Users\isinu\Downloads\Telegram Desktop\7a0c087a-b6c7-42ea-bc67-63453d4cac7f\82f22494-5871-41de-aebc-9d2012ce6571\video_processed.mp4,30.0,608,1080,,35,1.16667,stick_tip_1,534.0,594.0,Ivan Syniuk,1,
82f22494-5871-41de-aebc-9d2012ce6571,C:\Users\isinu\Downloads\Telegram Desktop\7a0c087a-b6c7-42ea-bc67-63453d4cac7f\82f22494-5871-41de-aebc-9d2012ce6571\video_processed.mp4,30.0,608,1080,,36,1.2,stick_tip_1,513.0,444.0,Ivan Syniuk,1,
c638dd17-dbb3-4068-bb40-957442fe9ec9,C:\Users\isinu\Downloads\Telegram Desktop\7a0c087a-b6c7-42ea-bc67-63453d4cac7f\c638dd17-dbb3-4068-bb40-957442fe9ec9\video_processed.mp4,60.0,720,1280,address,33,0.55,,,,Ivan Syniuk,1,
c638dd17-dbb3-4068-bb40-957442fe9ec9,C:\Users\isinu\Downloads\Telegram Desktop\7a0c087a-b6c7-42ea-bc67-63453d4cac7f\c638dd17-dbb3-4068-bb40-957442fe9ec9\video_processed.mp4,60.0,720,1280,top_backswing,211,3.51667,,,,Ivan Syniuk,1,
c638dd17-dbb3-4068-bb40-957442fe9ec9,C:\Users\isinu\Downloads\Telegram Desktop\7a0c087a-b6c7-42ea-bc67-63453d4cac7f\c638dd17-dbb3-4068-bb40-957442fe9ec9\video_processed.mp4,60.0,720,1280,downswing_transition,215,3.58333,,,,Ivan Syniuk,1,
c638dd17-dbb3-4068-bb40-957442fe9ec9,C:\Users\isinu\Downloads\Telegram Desktop\7a0c087a-b6c7-42ea-bc67-63453d4cac7f\c638dd17-dbb3-4068-bb40-957442fe9ec9\video_processed.mp4,60.0,720,1280,impact,293,4.88333,,,,Ivan Syniuk,1,
c638dd17-dbb3-4068-bb40-957442fe9ec9,C:\Users\isinu\Downloads\Telegram Desktop\7a0c087a-b6c7-42ea-bc67-63453d4cac7f\c638dd17-dbb3-4068-bb40-957442fe9ec9\video_processed.mp4,60.0,720,1280,,33,0.55,stick_tip_1,572.0,1020.0,Ivan Syniuk,1,
c638dd17-dbb3-4068-bb40-957442fe9ec9,C:\Users\isinu\Downloads\Telegram Desktop\7a0c087a-b6c7-42ea-bc67-63453d4cac7f\c638dd17-dbb3-4068-bb40-957442fe9ec9\video_processed.mp4,60.0,720,1280,,73,1.21667,stick_tip_1,530.0,916.0,Ivan Syniuk,1,
c638dd17-dbb3-4068-bb40-957442fe9ec9,C:\Users\isinu\Downloads\Telegram Desktop\7a0c087a-b6c7-42ea-bc67-63453d4cac7f\c638dd17-dbb3-4068-bb40-957442fe9ec9\video_processed.mp4,60.0,720,1280,,98,1.63333,stick_tip_1,494.0,796.0,Ivan Syniuk,1,
c638dd17-dbb3-4068-bb40-957442fe9ec9,C:\Users\isinu\Downloads\Telegram Desktop\7a0c087a-b6c7-42ea-bc67-63453d4cac7f\c638dd17-dbb3-4068-bb40-957442fe9ec9\video_processed.mp4,60.0,720,1280,,134,2.23333,stick_tip_1,427.0,635.0,Ivan Syniuk,1,
c638dd17-dbb3-4068-bb40-957442fe9ec9,C:\Users\isinu\Downloads\Telegram Desktop\7a0c087a-b6c7-42ea-bc67-63453d4cac7f\c638dd17-dbb3-4068-bb40-957442fe9ec9\video_processed.mp4,60.0,720,1280,,141,2.35,stick_tip_1,414.0,594.0,Ivan Syniuk,1,
c638dd17-dbb3-4068-bb40-957442fe9ec9,C:\Users\isinu\Downloads\Telegram Desktop\7a0c087a-b6c7-42ea-bc67-63453d4cac7f\c638dd17-dbb3-4068-bb40-957442fe9ec9\video_processed.mp4,60.0,720,1280,,151,2.51667,stick_tip_1,400.0,558.0,Ivan Syniuk,1,
c638dd17-dbb3-4068-bb40-957442fe9ec9,C:\Users\isinu\Downloads\Telegram Desktop\7a0c087a-b6c7-42ea-bc67-63453d4cac7f\c638dd17-dbb3-4068-bb40-957442fe9ec9\video_processed.mp4,60.0,720,1280,,195,3.25,stick_tip_1,357.0,480.0,Ivan Syniuk,1,
c638dd17-dbb3-4068-bb40-957442fe9ec9,C:\Users\isinu\Downloads\Telegram Desktop\7a0c087a-b6c7-42ea-bc67-63453d4cac7f\c638dd17-dbb3-4068-bb40-957442fe9ec9\video_processed.mp4,60.0,720,1280,,215,3.58333,stick_tip_1,343.0,484.0,Ivan Syniuk,1,
c638dd17-dbb3-4068-bb40-957442fe9ec9,C:\Users\isinu\Downloads\Telegram Desktop\7a0c087a-b6c7-42ea-bc67-63453d4cac7f\c638dd17-dbb3-4068-bb40-957442fe9ec9\video_processed.mp4,60.0,720,1280,,225,3.75,stick_tip_1,347.0,492.0,Ivan Syniuk,1,
c638dd17-dbb3-4068-bb40-957442fe9ec9,C:\Users\isinu\Downloads\Telegram Desktop\7a0c087a-b6c7-42ea-bc67-63453d4cac7f\c638dd17-dbb3-4068-bb40-957442fe9ec9\video_processed.mp4,60.0,720,1280,,244,4.06667,stick_tip_1,357.0,514.0,Ivan Syniuk,1,
c638dd17-dbb3-4068-bb40-957442fe9ec9,C:\Users\isinu\Downloads\Telegram Desktop\7a0c087a-b6c7-42ea-bc67-63453d4cac7f\c638dd17-dbb3-4068-bb40-957442fe9ec9\video_processed.mp4,60.0,720,1280,,277,4.61667,stick_tip_1,491.0,802.0,Ivan Syniuk,1,
c638dd17-dbb3-4068-bb40-957442fe9ec9,C:\Users\isinu\Downloads\Telegram Desktop\7a0c087a-b6c7-42ea-bc67-63453d4cac7f\c638dd17-dbb3-4068-bb40-957442fe9ec9\video_processed.mp4,60.0,720,1280,,285,4.75,stick_tip_1,549.0,935.0,Ivan Syniuk,1,
c638dd17-dbb3-4068-bb40-957442fe9ec9,C:\Users\isinu\Downloads\Telegram Desktop\7a0c087a-b6c7-42ea-bc67-63453d4cac7f\c638dd17-dbb3-4068-bb40-957442fe9ec9\video_processed.mp4,60.0,720,1280,,298,4.96667,stick_tip_1,535.0,980.0,Ivan Syniuk,1,
c638dd17-dbb3-4068-bb40-957442fe9ec9,C:\Users\isinu\Downloads\Telegram Desktop\7a0c087a-b6c7-42ea-bc67-63453d4cac7f\c638dd17-dbb3-4068-bb40-957442fe9ec9\video_processed.mp4,60.0,720,1280,,323,5.38333,stick_tip_1,352.0,693.0,Ivan Syniuk,1,
81681211-21c8-4d55-9d89-095b3a80d022,C:\Users\isinu\Downloads\Telegram Desktop\7a0c087a-b6c7-42ea-bc67-63453d4cac7f\81681211-21c8-4d55-9d89-095b3a80d022\video_processed.mp4,50.0,1080,1920,address,59,1.18,,,,Ivan Syniuk,1,
81681211-21c8-4d55-9d89-095b3a80d022,C:\Users\isinu\Downloads\Telegram Desktop\7a0c087a-b6c7-42ea-bc67-63453d4cac7f\81681211-21c8-4d55-9d89-095b3a80d022\video_processed.mp4,50.0,1080,1920,top_backswing,415,8.3,,,,Ivan Syniuk,1,
81681211-21c8-4d55-9d89-095b3a80d022,C:\Users\isinu\Downloads\Telegram Desktop\7a0c087a-b6c7-42ea-bc67-63453d4cac7f\81681211-21c8-4d55-9d89-095b3a80d022\video_processed.mp4,50.0,1080,1920,downswing_transition,421,8.42,,,,Ivan Syniuk,1,
81681211-21c8-4d55-9d89-095b3a80d022,C:\Users\isinu\Downloads\Telegram Desktop\7a0c087a-b6c7-42ea-bc67-63453d4cac7f\81681211-21c8-4d55-9d89-095b3a80d022\video_processed.mp4,50.0,1080,1920,impact,535,10.7,,,,Ivan Syniuk,1,
81681211-21c8-4d55-9d89-095b3a80d022,C:\Users\isinu\Downloads\Telegram Desktop\7a0c087a-b6c7-42ea-bc67-63453d4cac7f\81681211-21c8-4d55-9d89-095b3a80d022\video_processed.mp4,50.0,1080,1920,,59,1.18,stick_tip_1,845.0,1557.0,Ivan Syniuk,1,
81681211-21c8-4d55-9d89-095b3a80d022,C:\Users\isinu\Downloads\Telegram Desktop\7a0c087a-b6c7-42ea-bc67-63453d4cac7f\81681211-21c8-4d55-9d89-095b3a80d022\video_processed.mp4,50.0,1080,1920,,223,4.46,stick_tip_1,619.0,1248.0,Ivan Syniuk,1,
81681211-21c8-4d55-9d89-095b3a80d022,C:\Users\isinu\Downloads\Telegram Desktop\7a0c087a-b6c7-42ea-bc67-63453d4cac7f\81681211-21c8-4d55-9d89-095b3a80d022\video_processed.mp4,50.0,1080,1920,,273,5.46,stick_tip_1,195.0,539.0,Ivan Syniuk,1,
81681211-21c8-4d55-9d89-095b3a80d022,C:\Users\isinu\Downloads\Telegram Desktop\7a0c087a-b6c7-42ea-bc67-63453d4cac7f\81681211-21c8-4d55-9d89-095b3a80d022\video_processed.mp4,50.0,1080,1920,,415,8.3,stick_tip_1,288.0,288.0,Ivan Syniuk,1,
81681211-21c8-4d55-9d89-095b3a80d022,C:\Users\isinu\Downloads\Telegram Desktop\7a0c087a-b6c7-42ea-bc67-63453d4cac7f\81681211-21c8-4d55-9d89-095b3a80d022\video_processed.mp4,50.0,1080,1920,,502,10.04,stick_tip_1,256.0,664.0,Ivan Syniuk,1,
81681211-21c8-4d55-9d89-095b3a80d022,C:\Users\isinu\Downloads\Telegram Desktop\7a0c087a-b6c7-42ea-bc67-63453d4cac7f\81681211-21c8-4d55-9d89-095b3a80d022\video_processed.mp4,50.0,1080,1920,,522,10.44,stick_tip_1,725.0,1448.0,Ivan Syniuk,1,
81681211-21c8-4d55-9d89-095b3a80d022,C:\Users\isinu\Downloads\Telegram Desktop\7a0c087a-b6c7-42ea-bc67-63453d4cac7f\81681211-21c8-4d55-9d89-095b3a80d022\video_processed.mp4,50.0,1080,1920,,535,10.7,stick_tip_1,843.0,1576.0,Ivan Syniuk,1,
81681211-21c8-4d55-9d89-095b3a80d022,C:\Users\isinu\Downloads\Telegram Desktop\7a0c087a-b6c7-42ea-bc67-63453d4cac7f\81681211-21c8-4d55-9d89-095b3a80d022\video_processed.mp4,50.0,1080,1920,,547,10.94,stick_tip_1,736.0,1392.0,Ivan Syniuk,1,
81681211-21c8-4d55-9d89-095b3a80d022,C:\Users\isinu\Downloads\Telegram Desktop\7a0c087a-b6c7-42ea-bc67-63453d4cac7f\81681211-21c8-4d55-9d89-095b3a80d022\video_processed.mp4,50.0,1080,1920,,559,11.18,stick_tip_1,648.0,1237.0,Ivan Syniuk,1,
81681211-21c8-4d55-9d89-095b3a80d022,C:\Users\isinu\Downloads\Telegram Desktop\7a0c087a-b6c7-42ea-bc67-63453d4cac7f\81681211-21c8-4d55-9d89-095b3a80d022\video_processed.mp4,50.0,1080,1920,,562,11.24,stick_tip_1,595.0,1157.0,Ivan Syniuk,1,
2850af90-f8fc-4050-a178-b659098e69df,C:\Users\isinu\Downloads\Telegram Desktop\7a0c087a-b6c7-42ea-bc67-63453d4cac7f\2850af90-f8fc-4050-a178-b659098e69df\video_processed.mp4,30.0,608,1080,address,32,1.06667,,,,Ivan Syniuk,1,
2850af90-f8fc-4050-a178-b659098e69df,C:\Users\isinu\Downloads\Telegram Desktop\7a0c087a-b6c7-42ea-bc67-63453d4cac7f\2850af90-f8fc-4050-a178-b659098e69df\video_processed.mp4,30.0,608,1080,top_backswing,53,1.76667,,,,Ivan Syniuk,1,
2850af90-f8fc-4050-a178-b659098e69df,C:\Users\isinu\Downloads\Telegram Desktop\7a0c087a-b6c7-42ea-bc67-63453d4cac7f\2850af90-f8fc-4050-a178-b659098e69df\video_processed.mp4,30.0,608,1080,downswing_transition,54,1.8,,,,Ivan Syniuk,1,
2850af90-f8fc-4050-a178-b659098e69df,C:\Users\isinu\Downloads\Telegram Desktop\7a0c087a-b6c7-42ea-bc67-63453d4cac7f\2850af90-f8fc-4050-a178-b659098e69df\video_processed.mp4,30.0,608,1080,impact,59,1.96667,,,,Ivan Syniuk,1,
2850af90-f8fc-4050-a178-b659098e69df,C:\Users\isinu\Downloads\Telegram Desktop\7a0c087a-b6c7-42ea-bc67-63453d4cac7f\2850af90-f8fc-4050-a178-b659098e69df\video_processed.mp4,30.0,608,1080,,33,1.1,stick_tip_1,384.0,642.0,Ivan Syniuk,1,
2850af90-f8fc-4050-a178-b659098e69df,C:\Users\isinu\Downloads\Telegram Desktop\7a0c087a-b6c7-42ea-bc67-63453d4cac7f\2850af90-f8fc-4050-a178-b659098e69df\video_processed.mp4,30.0,608,1080,,40,1.33333,stick_tip_1,336.0,646.0,Ivan Syniuk,1,
2850af90-f8fc-4050-a178-b659098e69df,C:\Users\isinu\Downloads\Telegram Desktop\7a0c087a-b6c7-42ea-bc67-63453d4cac7f\2850af90-f8fc-4050-a178-b659098e69df\video_processed.mp4,30.0,608,1080,,44,1.46667,stick_tip_1,51.0,416.0,Ivan Syniuk,1,
2850af90-f8fc-4050-a178-b659098e69df,C:\Users\isinu\Downloads\Telegram Desktop\7a0c087a-b6c7-42ea-bc67-63453d4cac7f\2850af90-f8fc-4050-a178-b659098e69df\video_processed.mp4,30.0,608,1080,,49,1.63333,stick_tip_1,105.0,370.0,Ivan Syniuk,1,
2850af90-f8fc-4050-a178-b659098e69df,C:\Users\isinu\Downloads\Telegram Desktop\7a0c087a-b6c7-42ea-bc67-63453d4cac7f\2850af90-f8fc-4050-a178-b659098e69df\video_processed.mp4,30.0,608,1080,,52,1.73333,stick_tip_1,153.0,408.0,Ivan Syniuk,1,
2850af90-f8fc-4050-a178-b659098e69df,C:\Users\isinu\Downloads\Telegram Desktop\7a0c087a-b6c7-42ea-bc67-63453d4cac7f\2850af90-f8fc-4050-a178-b659098e69df\video_processed.mp4,30.0,608,1080,,56,1.86667,stick_tip_1,90.0,364.0,Ivan Syniuk,1,
2850af90-f8fc-4050-a178-b659098e69df,C:\Users\isinu\Downloads\Telegram Desktop\7a0c087a-b6c7-42ea-bc67-63453d4cac7f\2850af90-f8fc-4050-a178-b659098e69df\video_processed.mp4,30.0,608,1080,,57,1.9,stick_tip_1,84.0,368.0,Ivan Syniuk,1,
2850af90-f8fc-4050-a178-b659098e69df,C:\Users\isinu\Downloads\Telegram Desktop\7a0c087a-b6c7-42ea-bc67-63453d4cac7f\2850af90-f8fc-4050-a178-b659098e69df\video_processed.mp4,30.0,608,1080,,59,1.96667,stick_tip_1,387.0,651.0,Ivan Syniuk,1,
2850af90-f8fc-4050-a178-b659098e69df,C:\Users\isinu\Downloads\Telegram Desktop\7a0c087a-b6c7-42ea-bc67-63453d4cac7f\2850af90-f8fc-4050-a178-b659098e69df\video_processed.mp4,30.0,608,1080,,60,2.0,stick_tip_1,333.0,573.0,Ivan Syniuk,1,
2850af90-f8fc-4050-a178-b659098e69df,C:\Users\isinu\Downloads\Telegram Desktop\7a0c087a-b6c7-42ea-bc67-63453d4cac7f\2850af90-f8fc-4050-a178-b659098e69df\video_processed.mp4,30.0,608,1080,,63,2.1,stick_tip_1,140.0,381.0,Ivan Syniuk,1,
2ac2bc4c-b28e-4adf-a94e-a1227f7801d9,C:\Users\isinu\Downloads\Telegram Desktop\7a0c087a-b6c7-42ea-bc67-63453d4cac7f\2ac2bc4c-b28e-4adf-a94e-a1227f7801d9\video_processed.mp4,30.0,1080,1920,address,96,3.2,,,,Ivan Syniuk,1,
2ac2bc4c-b28e-4adf-a94e-a1227f7801d9,C:\Users\isinu\Downloads\Telegram Desktop\7a0c087a-b6c7-42ea-bc67-63453d4cac7f\2ac2bc4c-b28e-4adf-a94e-a1227f7801d9\video_processed.mp4,30.0,1080,1920,top_backswing,123,4.1,,,,Ivan Syniuk,1,
2ac2bc4c-b28e-4adf-a94e-a1227f7801d9,C:\Users\isinu\Downloads\Telegram Desktop\7a0c087a-b6c7-42ea-bc67-63453d4cac7f\2ac2bc4c-b28e-4adf-a94e-a1227f7801d9\video_processed.mp4,30.0,1080,1920,downswing_transition,125,4.16667,,,,Ivan Syniuk,1,
2ac2bc4c-b28e-4adf-a94e-a1227f7801d9,C:\Users\isinu\Downloads\Telegram Desktop\7a0c087a-b6c7-42ea-bc67-63453d4cac7f\2ac2bc4c-b28e-4adf-a94e-a1227f7801d9\video_processed.mp4,30.0,1080,1920,impact,131,4.36667,,,,Ivan Syniuk,1,
2ac2bc4c-b28e-4adf-a94e-a1227f7801d9,C:\Users\isinu\Downloads\Telegram Desktop\7a0c087a-b6c7-42ea-bc67-63453d4cac7f\2ac2bc4c-b28e-4adf-a94e-a1227f7801d9\video_processed.mp4,30.0,1080,1920,,100,3.33333,stick_tip_1,893.0,1864.0,Ivan Syniuk,1,
2ac2bc4c-b28e-4adf-a94e-a1227f7801d9,C:\Users\isinu\Downloads\Telegram Desktop\7a0c087a-b6c7-42ea-bc67-63453d4cac7f\2ac2bc4c-b28e-4adf-a94e-a1227f7801d9\video_processed.mp4,30.0,1080,1920,,107,3.56667,stick_tip_1,379.0,1491.0,Ivan Syniuk,1,
2ac2bc4c-b28e-4adf-a94e-a1227f7801d9,C:\Users\isinu\Downloads\Telegram Desktop\7a0c087a-b6c7-42ea-bc67-63453d4cac7f\2ac2bc4c-b28e-4adf-a94e-a1227f7801d9\video_processed.mp4,30.0,1080,1920,,120,4.0,stick_tip_1,128.0,725.0,Ivan Syniuk,1,
2ac2bc4c-b28e-4adf-a94e-a1227f7801d9,C:\Users\isinu\Downloads\Telegram Desktop\7a0c087a-b6c7-42ea-bc67-63453d4cac7f\2ac2bc4c-b28e-4adf-a94e-a1227f7801d9\video_processed.mp4,30.0,1080,1920,,122,4.06667,stick_tip_1,264.0,853.0,Ivan Syniuk,1,
2ac2bc4c-b28e-4adf-a94e-a1227f7801d9,C:\Users\isinu\Downloads\Telegram Desktop\7a0c087a-b6c7-42ea-bc67-63453d4cac7f\2ac2bc4c-b28e-4adf-a94e-a1227f7801d9\video_processed.mp4,30.0,1080,1920,,123,4.1,stick_tip_1,301.0,896.0,Ivan Syniuk,1,
2ac2bc4c-b28e-4adf-a94e-a1227f7801d9,C:\Users\isinu\Downloads\Telegram Desktop\7a0c087a-b6c7-42ea-bc67-63453d4cac7f\2ac2bc4c-b28e-4adf-a94e-a1227f7801d9\video_processed.mp4,30.0,1080,1920,,130,4.33333,stick_tip_1,632.0,1672.0,Ivan Syniuk,1,
2ac2bc4c-b28e-4adf-a94e-a1227f7801d9,C:\Users\isinu\Downloads\Telegram Desktop\7a0c087a-b6c7-42ea-bc67-63453d4cac7f\2ac2bc4c-b28e-4adf-a94e-a1227f7801d9\video_processed.mp4,30.0,1080,1920,,132,4.4,stick_tip_1,723.0,1472.0,Ivan Syniuk,1,
2ac2bc4c-b28e-4adf-a94e-a1227f7801d9,C:\Users\isinu\Downloads\Telegram Desktop\7a0c087a-b6c7-42ea-bc67-63453d4cac7f\2ac2bc4c-b28e-4adf-a94e-a1227f7801d9\video_processed.mp4,30.0,1080,1920,,134,4.46667,stick_tip_1,75.0,597.0,Ivan Syniuk,1,
32fec03e-0046-4581-885b-ef0d7f174e53,C:\Users\isinu\Downloads\Telegram Desktop\7a0c087a-b6c7-42ea-bc67-63453d4cac7f\32fec03e-0046-4581-885b-ef0d7f174e53\video_processed.mp4,30.0,720,1280,address,71,2.36667,,,,Ivan Syniuk,1,
32fec03e-0046-4581-885b-ef0d7f174e53,C:\Users\isinu\Downloads\Telegram Desktop\7a0c087a-b6c7-42ea-bc67-63453d4cac7f\32fec03e-0046-4581-885b-ef0d7f174e53\video_processed.mp4,30.0,720,1280,top_backswing,90,3.0,,,,Ivan Syniuk,1,
32fec03e-0046-4581-885b-ef0d7f174e53,C:\Users\isinu\Downloads\Telegram Desktop\7a0c087a-b6c7-42ea-bc67-63453d4cac7f\32fec03e-0046-4581-885b-ef0d7f174e53\video_processed.mp4,30.0,720,1280,downswing_transition,91,3.03333,,,,Ivan Syniuk,1,
32fec03e-0046-4581-885b-ef0d7f174e53,C:\Users\isinu\Downloads\Telegram Desktop\7a0c087a-b6c7-42ea-bc67-63453d4cac7f\32fec03e-0046-4581-885b-ef0d7f174e53\video_processed.mp4,30.0,720,1280,impact,97,3.23333,,,,Ivan Syniuk,1,
32fec03e-0046-4581-885b-ef0d7f174e53,C:\Users\isinu\Downloads\Telegram Desktop\7a0c087a-b6c7-42ea-bc67-63453d4cac7f\32fec03e-0046-4581-885b-ef0d7f174e53\video_processed.mp4,30.0,720,1280,,71,2.36667,stick_tip_1,532.0,871.0,Ivan Syniuk,1,
32fec03e-0046-4581-885b-ef0d7f174e53,C:\Users\isinu\Downloads\Telegram Desktop\7a0c087a-b6c7-42ea-bc67-63453d4cac7f\32fec03e-0046-4581-885b-ef0d7f174e53\video_processed.mp4,30.0,720,1280,,77,2.56667,stick_tip_1,533.0,949.0,Ivan Syniuk,1,
32fec03e-0046-4581-885b-ef0d7f174e53,C:\Users\isinu\Downloads\Telegram Desktop\7a0c087a-b6c7-42ea-bc67-63453d4cac7f\32fec03e-0046-4581-885b-ef0d7f174e53\video_processed.mp4,30.0,720,1280,,82,2.73333,stick_tip_1,229.0,551.0,Ivan Syniuk,1,
32fec03e-0046-4581-885b-ef0d7f174e53,C:\Users\isinu\Downloads\Telegram Desktop\7a0c087a-b6c7-42ea-bc67-63453d4cac7f\32fec03e-0046-4581-885b-ef0d7f174e53\video_processed.mp4,30.0,720,1280,,84,2.8,stick_tip_1,57.0,85.0,Ivan Syniuk,1,
32fec03e-0046-4581-885b-ef0d7f174e53,C:\Users\isinu\Downloads\Telegram Desktop\7a0c087a-b6c7-42ea-bc67-63453d4cac7f\32fec03e-0046-4581-885b-ef0d7f174e53\video_processed.mp4,30.0,720,1280,,89,2.96667,stick_tip_1,245.0,68.0,Ivan Syniuk,1,
32fec03e-0046-4581-885b-ef0d7f174e53,C:\Users\isinu\Downloads\Telegram Desktop\7a0c087a-b6c7-42ea-bc67-63453d4cac7f\32fec03e-0046-4581-885b-ef0d7f174e53\video_processed.mp4,30.0,720,1280,,90,3.0,stick_tip_1,247.0,80.0,Ivan Syniuk,1,
32fec03e-0046-4581-885b-ef0d7f174e53,C:\Users\isinu\Downloads\Telegram Desktop\7a0c087a-b6c7-42ea-bc67-63453d4cac7f\32fec03e-0046-4581-885b-ef0d7f174e53\video_processed.mp4,30.0,720,1280,,91,3.03333,stick_tip_1,238.0,85.0,Ivan Syniuk,1,
32fec03e-0046-4581-885b-ef0d7f174e53,C:\Users\isinu\Downloads\Telegram Desktop\7a0c087a-b6c7-42ea-bc67-63453d4cac7f\32fec03e-0046-4581-885b-ef0d7f174e53\video_processed.mp4,30.0,720,1280,,95,3.16667,stick_tip_1,87.0,308.0,Ivan Syniuk,1,
32fec03e-0046-4581-885b-ef0d7f174e53,C:\Users\isinu\Downloads\Telegram Desktop\7a0c087a-b6c7-42ea-bc67-63453d4cac7f\32fec03e-0046-4581-885b-ef0d7f174e53\video_processed.mp4,30.0,720,1280,,96,3.2,stick_tip_1,288.0,715.0,Ivan Syniuk,1,
32fec03e-0046-4581-885b-ef0d7f174e53,C:\Users\isinu\Downloads\Telegram Desktop\7a0c087a-b6c7-42ea-bc67-63453d4cac7f\32fec03e-0046-4581-885b-ef0d7f174e53\video_processed.mp4,30.0,720,1280,,97,3.23333,stick_tip_1,503.0,914.0,Ivan Syniuk,1,
32fec03e-0046-4581-885b-ef0d7f174e53,C:\Users\isinu\Downloads\Telegram Desktop\7a0c087a-b6c7-42ea-bc67-63453d4cac7f\32fec03e-0046-4581-885b-ef0d7f174e53\video_processed.mp4,30.0,720,1280,,98,3.26667,stick_tip_1,535.0,782.0,Ivan Syniuk,1,
32fec03e-0046-4581-885b-ef0d7f174e53,C:\Users\isinu\Downloads\Telegram Desktop\7a0c087a-b6c7-42ea-bc67-63453d4cac7f\32fec03e-0046-4581-885b-ef0d7f174e53\video_processed.mp4,30.0,720,1280,,99,3.3,stick_tip_1,478.0,574.0,Ivan Syniuk,1,
3d47c3b9-21d9-4794-995d-52804115fb8b,C:\Users\isinu\Downloads\Telegram Desktop\7a0c087a-b6c7-42ea-bc67-63453d4cac7f\3d47c3b9-21d9-4794-995d-52804115fb8b\video_processed.mp4,50.0,1920,1080,address,1,0.02,,,,Ivan Syniuk,1,
3d47c3b9-21d9-4794-995d-52804115fb8b,C:\Users\isinu\Downloads\Telegram Desktop\7a0c087a-b6c7-42ea-bc67-63453d4cac7f\3d47c3b9-21d9-4794-995d-52804115fb8b\video_processed.mp4,50.0,1920,1080,top_backswing,26,0.52,,,,Ivan Syniuk,1,
3d47c3b9-21d9-4794-995d-52804115fb8b,C:\Users\isinu\Downloads\Telegram Desktop\7a0c087a-b6c7-42ea-bc67-63453d4cac7f\3d47c3b9-21d9-4794-995d-52804115fb8b\video_processed.mp4,50.0,1920,1080,downswing_transition,28,0.56,,,,Ivan Syniuk,1,
3d47c3b9-21d9-4794-995d-52804115fb8b,C:\Users\isinu\Downloads\Telegram Desktop\7a0c087a-b6c7-42ea-bc67-63453d4cac7f\3d47c3b9-21d9-4794-995d-52804115fb8b\video_processed.mp4,50.0,1920,1080,impact,37,0.74,,,,Ivan Syniuk,1,
3d47c3b9-21d9-4794-995d-52804115fb8b,C:\Users\isinu\Downloads\Telegram Desktop\7a0c087a-b6c7-42ea-bc67-63453d4cac7f\3d47c3b9-21d9-4794-995d-52804115fb8b\video_processed.mp4,50.0,1920,1080,,1,0.02,stick_tip_1,1197.0,903.0,Ivan Syniuk,1,
3d47c3b9-21d9-4794-995d-52804115fb8b,C:\Users\isinu\Downloads\Telegram Desktop\7a0c087a-b6c7-42ea-bc67-63453d4cac7f\3d47c3b9-21d9-4794-995d-52804115fb8b\video_processed.mp4,50.0,1920,1080,,13,0.26,stick_tip_1,753.0,616.0,Ivan Syniuk,1,
3d47c3b9-21d9-4794-995d-52804115fb8b,C:\Users\isinu\Downloads\Telegram Desktop\7a0c087a-b6c7-42ea-bc67-63453d4cac7f\3d47c3b9-21d9-4794-995d-52804115fb8b\video_processed.mp4,50.0,1920,1080,,17,0.34,stick_tip_1,496.0,81.0,Ivan Syniuk,1,
3d47c3b9-21d9-4794-995d-52804115fb8b,C:\Users\isinu\Downloads\Telegram Desktop\7a0c087a-b6c7-42ea-bc67-63453d4cac7f\3d47c3b9-21d9-4794-995d-52804115fb8b\video_processed.mp4,50.0,1920,1080,,26,0.52,stick_tip_1,688.0,200.0,Ivan Syniuk,1,
3d47c3b9-21d9-4794-995d-52804115fb8b,C:\Users\isinu\Downloads\Telegram Desktop\7a0c087a-b6c7-42ea-bc67-63453d4cac7f\3d47c3b9-21d9-4794-995d-52804115fb8b\video_processed.mp4,50.0,1920,1080,,28,0.56,stick_tip_1,669.0,219.0,Ivan Syniuk,1,
3d47c3b9-21d9-4794-995d-52804115fb8b,C:\Users\isinu\Downloads\Telegram Desktop\7a0c087a-b6c7-42ea-bc67-63453d4cac7f\3d47c3b9-21d9-4794-995d-52804115fb8b\video_processed.mp4,50.0,1920,1080,,36,0.72,stick_tip_1,880.0,730.0,Ivan Syniuk,1,
3d47c3b9-21d9-4794-995d-52804115fb8b,C:\Users\isinu\Downloads\Telegram Desktop\7a0c087a-b6c7-42ea-bc67-63453d4cac7f\3d47c3b9-21d9-4794-995d-52804115fb8b\video_processed.mp4,50.0,1920,1080,,37,0.74,stick_tip_1,1197.0,948.0,Ivan Syniuk,1,
3d47c3b9-21d9-4794-995d-52804115fb8b,C:\Users\isinu\Downloads\Telegram Desktop\7a0c087a-b6c7-42ea-bc67-63453d4cac7f\3d47c3b9-21d9-4794-995d-52804115fb8b\video_processed.mp4,50.0,1920,1080,,38,0.76,stick_tip_1,1148.0,784.0,Ivan Syniuk,1,
3d47c3b9-21d9-4794-995d-52804115fb8b,C:\Users\isinu\Downloads\Telegram Desktop\7a0c087a-b6c7-42ea-bc67-63453d4cac7f\3d47c3b9-21d9-4794-995d-52804115fb8b\video_processed.mp4,50.0,1920,1080,,40,0.8,stick_tip_1,1008.0,576.0,Ivan Syniuk,1,
42f8729a-ed28-45a2-bf9b-397d2d698bb0,C:\Users\isinu\Downloads\Telegram Desktop\7a0c087a-b6c7-42ea-bc67-63453d4cac7f\42f8729a-ed28-45a2-bf9b-397d2d698bb0\video_processed.mp4,50.0,1920,1080,address,1,0.02,,,,Ivan Syniuk,1,
42f8729a-ed28-45a2-bf9b-397d2d698bb0,C:\Users\isinu\Downloads\Telegram Desktop\7a0c087a-b6c7-42ea-bc67-63453d4cac7f\42f8729a-ed28-45a2-bf9b-397d2d698bb0\video_processed.mp4,50.0,1920,1080,top_backswing,43,0.86,,,,Ivan Syniuk,1,
42f8729a-ed28-45a2-bf9b-397d2d698bb0,C:\Users\isinu\Downloads\Telegram Desktop\7a0c087a-b6c7-42ea-bc67-63453d4cac7f\42f8729a-ed28-45a2-bf9b-397d2d698bb0\video_processed.mp4,50.0,1920,1080,downswing_transition,46,0.92,,,,Ivan Syniuk,1,
42f8729a-ed28-45a2-bf9b-397d2d698bb0,C:\Users\isinu\Downloads\Telegram Desktop\7a0c087a-b6c7-42ea-bc67-63453d4cac7f\42f8729a-ed28-45a2-bf9b-397d2d698bb0\video_processed.mp4,50.0,1920,1080,impact,58,1.16,,,,Ivan Syniuk,1,
42f8729a-ed28-45a2-bf9b-397d2d698bb0,C:\Users\isinu\Downloads\Telegram Desktop\7a0c087a-b6c7-42ea-bc67-63453d4cac7f\42f8729a-ed28-45a2-bf9b-397d2d698bb0\video_processed.mp4,50.0,1920,1080,,1,0.02,stick_tip_1,1287.0,933.0,Ivan Syniuk,1,
42f8729a-ed28-45a2-bf9b-397d2d698bb0,C:\Users\isinu\Downloads\Telegram Desktop\7a0c087a-b6c7-42ea-bc67-63453d4cac7f\42f8729a-ed28-45a2-bf9b-397d2d698bb0\video_processed.mp4,50.0,1920,1080,,19,0.38,stick_tip_1,968.0,688.0,Ivan Syniuk,1,
42f8729a-ed28-45a2-bf9b-397d2d698bb0,C:\Users\isinu\Downloads\Telegram Desktop\7a0c087a-b6c7-42ea-bc67-63453d4cac7f\42f8729a-ed28-45a2-bf9b-397d2d698bb0\video_processed.mp4,50.0,1920,1080,,24,0.48,stick_tip_1,645.0,320.0,Ivan Syniuk,1,
42f8729a-ed28-45a2-bf9b-397d2d698bb0,C:\Users\isinu\Downloads\Telegram Desktop\7a0c087a-b6c7-42ea-bc67-63453d4cac7f\42f8729a-ed28-45a2-bf9b-397d2d698bb0\video_processed.mp4,50.0,1920,1080,,31,0.62,stick_tip_1,549.0,94.0,Ivan Syniuk,1,
42f8729a-ed28-45a2-bf9b-397d2d698bb0,C:\Users\isinu\Downloads\Telegram Desktop\7a0c087a-b6c7-42ea-bc67-63453d4cac7f\42f8729a-ed28-45a2-bf9b-397d2d698bb0\video_processed.mp4,50.0,1920,1080,,38,0.76,stick_tip_1,758.0,261.0,Ivan Syniuk,1,
42f8729a-ed28-45a2-bf9b-397d2d698bb0,C:\Users\isinu\Downloads\Telegram Desktop\7a0c087a-b6c7-42ea-bc67-63453d4cac7f\42f8729a-ed28-45a2-bf9b-397d2d698bb0\video_processed.mp4,50.0,1920,1080,,45,0.9,stick_tip_1,868.0,390.0,Ivan Syniuk,1,
42f8729a-ed28-45a2-bf9b-397d2d698bb0,C:\Users\isinu\Downloads\Telegram Desktop\7a0c087a-b6c7-42ea-bc67-63453d4cac7f\42f8729a-ed28-45a2-bf9b-397d2d698bb0\video_processed.mp4,50.0,1920,1080,,43,0.86,stick_tip_1,864.0,381.0,Ivan Syniuk,1,
42f8729a-ed28-45a2-bf9b-397d2d698bb0,C:\Users\isinu\Downloads\Telegram Desktop\7a0c087a-b6c7-42ea-bc67-63453d4cac7f\42f8729a-ed28-45a2-bf9b-397d2d698bb0\video_processed.mp4,50.0,1920,1080,,46,0.92,stick_tip_1,876.0,393.0,Ivan Syniuk,1,
42f8729a-ed28-45a2-bf9b-397d2d698bb0,C:\Users\isinu\Downloads\Telegram Desktop\7a0c087a-b6c7-42ea-bc67-63453d4cac7f\42f8729a-ed28-45a2-bf9b-397d2d698bb0\video_processed.mp4,50.0,1920,1080,,52,1.04,stick_tip_1,736.0,303.0,Ivan Syniuk,1,
42f8729a-ed28-45a2-bf9b-397d2d698bb0,C:\Users\isinu\Downloads\Telegram Desktop\7a0c087a-b6c7-42ea-bc67-63453d4cac7f\42f8729a-ed28-45a2-bf9b-397d2d698bb0\video_processed.mp4,50.0,1920,1080,,57,1.14,stick_tip_1,1186.0,872.0,Ivan Syniuk,1,
42f8729a-ed28-45a2-bf9b-397d2d698bb0,C:\Users\isinu\Downloads\Telegram Desktop\7a0c087a-b6c7-42ea-bc67-63453d4cac7f\42f8729a-ed28-45a2-bf9b-397d2d698bb0\video_processed.mp4,50.0,1920,1080,,58,1.16,stick_tip_1,1310.0,932.0,Ivan Syniuk,1,
42f8729a-ed28-45a2-bf9b-397d2d698bb0,C:\Users\isinu\Downloads\Telegram Desktop\7a0c087a-b6c7-42ea-bc67-63453d4cac7f\42f8729a-ed28-45a2-bf9b-397d2d698bb0\video_processed.mp4,50.0,1920,1080,,60,1.2,stick_tip_1,1128.0,686.0,Ivan Syniuk,1,
42f8729a-ed28-45a2-bf9b-397d2d698bb0,C:\Users\isinu\Downloads\Telegram Desktop\7a0c087a-b6c7-42ea-bc67-63453d4cac7f\42f8729a-ed28-45a2-bf9b-397d2d698bb0\video_processed.mp4,50.0,1920,1080,,63,1.26,stick_tip_1,878.0,358.0,Ivan Syniuk,1,
b95e3543-d28d-49db-be02-bbee7efb8425,C:\Users\isinu\Downloads\Telegram Desktop\7a0c087a-b6c7-42ea-bc67-63453d4cac7f\b95e3543-d28d-49db-be02-bbee7efb8425\video_processed.mp4,50.0,1920,1080,address,0,0.0,,,,Ivan Syniuk,1,
b95e3543-d28d-49db-be02-bbee7efb8425,C:\Users\isinu\Downloads\Telegram Desktop\7a0c087a-b6c7-42ea-bc67-63453d4cac7f\b95e3543-d28d-49db-be02-bbee7efb8425\video_processed.mp4,50.0,1920,1080,top_backswing,25,0.5,,,,Ivan Syniuk,1,
b95e3543-d28d-49db-be02-bbee7efb8425,C:\Users\isinu\Downloads\Telegram Desktop\7a0c087a-b6c7-42ea-bc67-63453d4cac7f\b95e3543-d28d-49db-be02-bbee7efb8425\video_processed.mp4,50.0,1920,1080,downswing_transition,27,0.54,,,,Ivan Syniuk,1,
b95e3543-d28d-49db-be02-bbee7efb8425,C:\Users\isinu\Downloads\Telegram Desktop\7a0c087a-b6c7-42ea-bc67-63453d4cac7f\b95e3543-d28d-49db-be02-bbee7efb8425\video_processed.mp4,50.0,1920,1080,impact,38,0.76,,,,Ivan Syniuk,1,
b95e3543-d28d-49db-be02-bbee7efb8425,C:\Users\isinu\Downloads\Telegram Desktop\7a0c087a-b6c7-42ea-bc67-63453d4cac7f\b95e3543-d28d-49db-be02-bbee7efb8425\video_processed.mp4,50.0,1920,1080,,0,0.0,stick_tip_1,1317.0,975.0,Ivan Syniuk,1,
b95e3543-d28d-49db-be02-bbee7efb8425,C:\Users\isinu\Downloads\Telegram Desktop\7a0c087a-b6c7-42ea-bc67-63453d4cac7f\b95e3543-d28d-49db-be02-bbee7efb8425\video_processed.mp4,50.0,1920,1080,,11,0.22,stick_tip_1,916.0,574.0,Ivan Syniuk,1,
b95e3543-d28d-49db-be02-bbee7efb8425,C:\Users\isinu\Downloads\Telegram Desktop\7a0c087a-b6c7-42ea-bc67-63453d4cac7f\b95e3543-d28d-49db-be02-bbee7efb8425\video_processed.mp4,50.0,1920,1080,,14,0.28,stick_tip_1,723.0,198.0,Ivan Syniuk,1,
b95e3543-d28d-49db-be02-bbee7efb8425,C:\Users\isinu\Downloads\Telegram Desktop\7a0c087a-b6c7-42ea-bc67-63453d4cac7f\b95e3543-d28d-49db-be02-bbee7efb8425\video_processed.mp4,50.0,1920,1080,,25,0.5,stick_tip_1,825.0,54.0,Ivan Syniuk,1,
b95e3543-d28d-49db-be02-bbee7efb8425,C:\Users\isinu\Downloads\Telegram Desktop\7a0c087a-b6c7-42ea-bc67-63453d4cac7f\b95e3543-d28d-49db-be02-bbee7efb8425\video_processed.mp4,50.0,1920,1080,,27,0.54,stick_tip_1,786.0,48.0,Ivan Syniuk,1,
b95e3543-d28d-49db-be02-bbee7efb8425,C:\Users\isinu\Downloads\Telegram Desktop\7a0c087a-b6c7-42ea-bc67-63453d4cac7f\b95e3543-d28d-49db-be02-bbee7efb8425\video_processed.mp4,50.0,1920,1080,,35,0.7,stick_tip_1,864.0,592.0,Ivan Syniuk,1,
b95e3543-d28d-49db-be02-bbee7efb8425,C:\Users\isinu\Downloads\Telegram Desktop\7a0c087a-b6c7-42ea-bc67-63453d4cac7f\b95e3543-d28d-49db-be02-bbee7efb8425\video_processed.mp4,50.0,1920,1080,,37,0.74,stick_tip_1,1218.0,975.0,Ivan Syniuk,1,
b95e3543-d28d-49db-be02-bbee7efb8425,C:\Users\isinu\Downloads\Telegram Desktop\7a0c087a-b6c7-42ea-bc67-63453d4cac7f\b95e3543-d28d-49db-be02-bbee7efb8425\video_processed.mp4,50.0,1920,1080,,38,0.76,stick_tip_1,1314.0,975.0,Ivan Syniuk,1,
b95e3543-d28d-49db-be02-bbee7efb8425,C:\Users\isinu\Downloads\Telegram Desktop\7a0c087a-b6c7-42ea-bc67-63453d4cac7f\b95e3543-d28d-49db-be02-bbee7efb8425\video_processed.mp4,50.0,1920,1080,,39,0.78,stick_tip_1,1200.0,765.0,Ivan Syniuk,1,
b95e3543-d28d-49db-be02-bbee7efb8425,C:\Users\isinu\Downloads\Telegram Desktop\7a0c087a-b6c7-42ea-bc67-63453d4cac7f\b95e3543-d28d-49db-be02-bbee7efb8425\video_processed.mp4,50.0,1920,1080,,41,0.82,stick_tip_1,837.0,300.0,Ivan Syniuk,1,
e7490da1-a2fa-4e53-ab66-4e9927d0b4d3,C:\Users\isinu\Downloads\Telegram Desktop\7a0c087a-b6c7-42ea-bc67-63453d4cac7f\e7490da1-a2fa-4e53-ab66-4e9927d0b4d3\video_processed.mp4,50.0,1080,1920,address,0,0.0,,,,Ivan Syniuk,1,
e7490da1-a2fa-4e53-ab66-4e9927d0b4d3,C:\Users\isinu\Downloads\Telegram Desktop\7a0c087a-b6c7-42ea-bc67-63453d4cac7f\e7490da1-a2fa-4e53-ab66-4e9927d0b4d3\video_processed.mp4,50.0,1080,1920,top_backswing,30,0.6,,,,Ivan Syniuk,1,
e7490da1-a2fa-4e53-ab66-4e9927d0b4d3,C:\Users\isinu\Downloads\Telegram Desktop\7a0c087a-b6c7-42ea-bc67-63453d4cac7f\e7490da1-a2fa-4e53-ab66-4e9927d0b4d3\video_processed.mp4,50.0,1080,1920,downswing_transition,32,0.64,,,,Ivan Syniuk,1,
e7490da1-a2fa-4e53-ab66-4e9927d0b4d3,C:\Users\isinu\Downloads\Telegram Desktop\7a0c087a-b6c7-42ea-bc67-63453d4cac7f\e7490da1-a2fa-4e53-ab66-4e9927d0b4d3\video_processed.mp4,50.0,1080,1920,impact,42,0.84,,,,Ivan Syniuk,1,
e7490da1-a2fa-4e53-ab66-4e9927d0b4d3,C:\Users\isinu\Downloads\Telegram Desktop\7a0c087a-b6c7-42ea-bc67-63453d4cac7f\e7490da1-a2fa-4e53-ab66-4e9927d0b4d3\video_processed.mp4,50.0,1080,1920,,0,0.0,stick_tip_1,960.0,1483.0,Ivan Syniuk,1,
e7490da1-a2fa-4e53-ab66-4e9927d0b4d3,C:\Users\isinu\Downloads\Telegram Desktop\7a0c087a-b6c7-42ea-bc67-63453d4cac7f\e7490da1-a2fa-4e53-ab66-4e9927d0b4d3\video_processed.mp4,50.0,1080,1920,,12,0.24,stick_tip_1,672.0,1261.0,Ivan Syniuk,1,
e7490da1-a2fa-4e53-ab66-4e9927d0b4d3,C:\Users\isinu\Downloads\Telegram Desktop\7a0c087a-b6c7-42ea-bc67-63453d4cac7f\e7490da1-a2fa-4e53-ab66-4e9927d0b4d3\video_processed.mp4,50.0,1080,1920,,17,0.34,stick_tip_1,51.0,464.0,Ivan Syniuk,1,
e7490da1-a2fa-4e53-ab66-4e9927d0b4d3,C:\Users\isinu\Downloads\Telegram Desktop\7a0c087a-b6c7-42ea-bc67-63453d4cac7f\e7490da1-a2fa-4e53-ab66-4e9927d0b4d3\video_processed.mp4,50.0,1080,1920,,30,0.6,stick_tip_1,424.0,608.0,Ivan Syniuk,1,
e7490da1-a2fa-4e53-ab66-4e9927d0b4d3,C:\Users\isinu\Downloads\Telegram Desktop\7a0c087a-b6c7-42ea-bc67-63453d4cac7f\e7490da1-a2fa-4e53-ab66-4e9927d0b4d3\video_processed.mp4,50.0,1080,1920,,32,0.64,stick_tip_1,387.0,595.0,Ivan Syniuk,1,
e7490da1-a2fa-4e53-ab66-4e9927d0b4d3,C:\Users\isinu\Downloads\Telegram Desktop\7a0c087a-b6c7-42ea-bc67-63453d4cac7f\e7490da1-a2fa-4e53-ab66-4e9927d0b4d3\video_processed.mp4,50.0,1080,1920,,39,0.78,stick_tip_1,88.0,635.0,Ivan Syniuk,1,
e7490da1-a2fa-4e53-ab66-4e9927d0b4d3,C:\Users\isinu\Downloads\Telegram Desktop\7a0c087a-b6c7-42ea-bc67-63453d4cac7f\e7490da1-a2fa-4e53-ab66-4e9927d0b4d3\video_processed.mp4,50.0,1080,1920,,42,0.84,stick_tip_1,853.0,1448.0,Ivan Syniuk,1,
e7490da1-a2fa-4e53-ab66-4e9927d0b4d3,C:\Users\isinu\Downloads\Telegram Desktop\7a0c087a-b6c7-42ea-bc67-63453d4cac7f\e7490da1-a2fa-4e53-ab66-4e9927d0b4d3\video_processed.mp4,50.0,1080,1920,,43,0.86,stick_tip_1,872.0,1331.0,Ivan Syniuk,1,
e7490da1-a2fa-4e53-ab66-4e9927d0b4d3,C:\Users\isinu\Downloads\Telegram Desktop\7a0c087a-b6c7-42ea-bc67-63453d4cac7f\e7490da1-a2fa-4e53-ab66-4e9927d0b4d3\video_processed.mp4,50.0,1080,1920,,44,0.88,stick_tip_1,691.0,1056.0,Ivan Syniuk,1,
e7490da1-a2fa-4e53-ab66-4e9927d0b4d3,C:\Users\isinu\Downloads\Telegram Desktop\7a0c087a-b6c7-42ea-bc67-63453d4cac7f\e7490da1-a2fa-4e53-ab66-4e9927d0b4d3\video_processed.mp4,50.0,1080,1920,,47,0.94,stick_tip_1,189.0,469.0,Ivan Syniuk,1,
e940142a-d4bc-4cee-a6de-828b05ab40a7,C:\Users\isinu\Downloads\Telegram Desktop\7a0c087a-b6c7-42ea-bc67-63453d4cac7f\e940142a-d4bc-4cee-a6de-828b05ab40a7\video_processed.mp4,50.0,1920,1080,address,1,0.02,,,,Ivan Syniuk,1,
e940142a-d4bc-4cee-a6de-828b05ab40a7,C:\Users\isinu\Downloads\Telegram Desktop\7a0c087a-b6c7-42ea-bc67-63453d4cac7f\e940142a-d4bc-4cee-a6de-828b05ab40a7\video_processed.mp4,50.0,1920,1080,top_backswing,32,0.64,,,,Ivan Syniuk,1,
e940142a-d4bc-4cee-a6de-828b05ab40a7,C:\Users\isinu\Downloads\Telegram Desktop\7a0c087a-b6c7-42ea-bc67-63453d4cac7f\e940142a-d4bc-4cee-a6de-828b05ab40a7\video_processed.mp4,50.0,1920,1080,downswing_transition,34,0.68,,,,Ivan Syniuk,1,
e940142a-d4bc-4cee-a6de-828b05ab40a7,C:\Users\isinu\Downloads\Telegram Desktop\7a0c087a-b6c7-42ea-bc67-63453d4cac7f\e940142a-d4bc-4cee-a6de-828b05ab40a7\video_processed.mp4,50.0,1920,1080,impact,44,0.88,,,,Ivan Syniuk,1,
e940142a-d4bc-4cee-a6de-828b05ab40a7,C:\Users\isinu\Downloads\Telegram Desktop\7a0c087a-b6c7-42ea-bc67-63453d4cac7f\e940142a-d4bc-4cee-a6de-828b05ab40a7\video_processed.mp4,50.0,1920,1080,,1,0.02,stick_tip_1,789.0,988.0,Ivan Syniuk,1,
e940142a-d4bc-4cee-a6de-828b05ab40a7,C:\Users\isinu\Downloads\Telegram Desktop\7a0c087a-b6c7-42ea-bc67-63453d4cac7f\e940142a-d4bc-4cee-a6de-828b05ab40a7\video_processed.mp4,50.0,1920,1080,,15,0.3,stick_tip_1,1128.0,633.0,Ivan Syniuk,1,
e940142a-d4bc-4cee-a6de-828b05ab40a7,C:\Users\isinu\Downloads\Telegram Desktop\7a0c087a-b6c7-42ea-bc67-63453d4cac7f\e940142a-d4bc-4cee-a6de-828b05ab40a7\video_processed.mp4,50.0,1920,1080,,25,0.5,stick_tip_1,1252.0,186.0,Ivan Syniuk,1,
e940142a-d4bc-4cee-a6de-828b05ab40a7,C:\Users\isinu\Downloads\Telegram Desktop\7a0c087a-b6c7-42ea-bc67-63453d4cac7f\e940142a-d4bc-4cee-a6de-828b05ab40a7\video_processed.mp4,50.0,1920,1080,,32,0.64,stick_tip_1,1029.0,394.0,Ivan Syniuk,1,
e940142a-d4bc-4cee-a6de-828b05ab40a7,C:\Users\isinu\Downloads\Telegram Desktop\7a0c087a-b6c7-42ea-bc67-63453d4cac7f\e940142a-d4bc-4cee-a6de-828b05ab40a7\video_processed.mp4,50.0,1920,1080,,34,0.68,stick_tip_1,1028.0,393.0,Ivan Syniuk,1,
e940142a-d4bc-4cee-a6de-828b05ab40a7,C:\Users\isinu\Downloads\Telegram Desktop\7a0c087a-b6c7-42ea-bc67-63453d4cac7f\e940142a-d4bc-4cee-a6de-828b05ab40a7\video_processed.mp4,50.0,1920,1080,,39,0.78,stick_tip_1,1142.0,270.0,Ivan Syniuk,1,
e940142a-d4bc-4cee-a6de-828b05ab40a7,C:\Users\isinu\Downloads\Telegram Desktop\7a0c087a-b6c7-42ea-bc67-63453d4cac7f\e940142a-d4bc-4cee-a6de-828b05ab40a7\video_processed.mp4,50.0,1920,1080,,42,0.84,stick_tip_1,932.0,795.0,Ivan Syniuk,1,
e940142a-d4bc-4cee-a6de-828b05ab40a7,C:\Users\isinu\Downloads\Telegram Desktop\7a0c087a-b6c7-42ea-bc67-63453d4cac7f\e940142a-d4bc-4cee-a6de-828b05ab40a7\video_processed.mp4,50.0,1920,1080,,43,0.86,stick_tip_1,792.0,988.0,Ivan Syniuk,1,
e940142a-d4bc-4cee-a6de-828b05ab40a7,C:\Users\isinu\Downloads\Telegram Desktop\7a0c087a-b6c7-42ea-bc67-63453d4cac7f\e940142a-d4bc-4cee-a6de-828b05ab40a7\video_processed.mp4,50.0,1920,1080,,46,0.92,stick_tip_1,891.0,762.0,Ivan Syniuk,1,
e940142a-d4bc-4cee-a6de-828b05ab40a7,C:\Users\isinu\Downloads\Telegram Desktop\7a0c087a-b6c7-42ea-bc67-63453d4cac7f\e940142a-d4bc-4cee-a6de-828b05ab40a7\video_processed.mp4,50.0,1920,1080,,49,0.98,stick_tip_1,1126.0,330.0,Ivan Syniuk,1,
eb859af6-2991-42e4-9345-05d3baf63c6e,C:\Users\isinu\Downloads\Telegram Desktop\7a0c087a-b6c7-42ea-bc67-63453d4cac7f\eb859af6-2991-42e4-9345-05d3baf63c6e\video_processed.mp4,30.0,720,1280,address,2,0.06667,,,,Ivan Syniuk,1,
eb859af6-2991-42e4-9345-05d3baf63c6e,C:\Users\isinu\Downloads\Telegram Desktop\7a0c087a-b6c7-42ea-bc67-63453d4cac7f\eb859af6-2991-42e4-9345-05d3baf63c6e\video_processed.mp4,30.0,720,1280,top_backswing,162,5.4,,,,Ivan Syniuk,1,
eb859af6-2991-42e4-9345-05d3baf63c6e,C:\Users\isinu\Downloads\Telegram Desktop\7a0c087a-b6c7-42ea-bc67-63453d4cac7f\eb859af6-2991-42e4-9345-05d3baf63c6e\video_processed.mp4,30.0,720,1280,downswing_transition,170,5.66667,,,,Ivan Syniuk,1,
eb859af6-2991-42e4-9345-05d3baf63c6e,C:\Users\isinu\Downloads\Telegram Desktop\7a0c087a-b6c7-42ea-bc67-63453d4cac7f\eb859af6-2991-42e4-9345-05d3baf63c6e\video_processed.mp4,30.0,720,1280,impact,242,8.06667,,,,Ivan Syniuk,1,
eb859af6-2991-42e4-9345-05d3baf63c6e,C:\Users\isinu\Downloads\Telegram Desktop\7a0c087a-b6c7-42ea-bc67-63453d4cac7f\eb859af6-2991-42e4-9345-05d3baf63c6e\video_processed.mp4,30.0,720,1280,,2,0.06667,stick_tip_1,624.0,1052.0,Ivan Syniuk,1,
eb859af6-2991-42e4-9345-05d3baf63c6e,C:\Users\isinu\Downloads\Telegram Desktop\7a0c087a-b6c7-42ea-bc67-63453d4cac7f\eb859af6-2991-42e4-9345-05d3baf63c6e\video_processed.mp4,30.0,720,1280,,81,2.7,stick_tip_1,386.0,814.0,Ivan Syniuk,1,
eb859af6-2991-42e4-9345-05d3baf63c6e,C:\Users\isinu\Downloads\Telegram Desktop\7a0c087a-b6c7-42ea-bc67-63453d4cac7f\eb859af6-2991-42e4-9345-05d3baf63c6e\video_processed.mp4,30.0,720,1280,,111,3.7,stick_tip_1,12.0,164.0,Ivan Syniuk,1,
eb859af6-2991-42e4-9345-05d3baf63c6e,C:\Users\isinu\Downloads\Telegram Desktop\7a0c087a-b6c7-42ea-bc67-63453d4cac7f\eb859af6-2991-42e4-9345-05d3baf63c6e\video_processed.mp4,30.0,720,1280,,162,5.4,stick_tip_1,73.0,283.0,Ivan Syniuk,1,
eb859af6-2991-42e4-9345-05d3baf63c6e,C:\Users\isinu\Downloads\Telegram Desktop\7a0c087a-b6c7-42ea-bc67-63453d4cac7f\eb859af6-2991-42e4-9345-05d3baf63c6e\video_processed.mp4,30.0,720,1280,,170,5.66667,stick_tip_1,87.0,324.0,Ivan Syniuk,1,
eb859af6-2991-42e4-9345-05d3baf63c6e,C:\Users\isinu\Downloads\Telegram Desktop\7a0c087a-b6c7-42ea-bc67-63453d4cac7f\eb859af6-2991-42e4-9345-05d3baf63c6e\video_processed.mp4,30.0,720,1280,,222,7.4,stick_tip_1,59.0,434.0,Ivan Syniuk,1,
eb859af6-2991-42e4-9345-05d3baf63c6e,C:\Users\isinu\Downloads\Telegram Desktop\7a0c087a-b6c7-42ea-bc67-63453d4cac7f\eb859af6-2991-42e4-9345-05d3baf63c6e\video_processed.mp4,30.0,720,1280,,229,7.63333,stick_tip_1,391.0,777.0,Ivan Syniuk,1,
eb859af6-2991-42e4-9345-05d3baf63c6e,C:\Users\isinu\Downloads\Telegram Desktop\7a0c087a-b6c7-42ea-bc67-63453d4cac7f\eb859af6-2991-42e4-9345-05d3baf63c6e\video_processed.mp4,30.0,720,1280,,242,8.06667,stick_tip_1,624.0,1054.0,Ivan Syniuk,1,
eb859af6-2991-42e4-9345-05d3baf63c6e,C:\Users\isinu\Downloads\Telegram Desktop\7a0c087a-b6c7-42ea-bc67-63453d4cac7f\eb859af6-2991-42e4-9345-05d3baf63c6e\video_processed.mp4,30.0,720,1280,,247,8.23333,stick_tip_1,485.0,942.0,Ivan Syniuk,1,
eb859af6-2991-42e4-9345-05d3baf63c6e,C:\Users\isinu\Downloads\Telegram Desktop\7a0c087a-b6c7-42ea-bc67-63453d4cac7f\eb859af6-2991-42e4-9345-05d3baf63c6e\video_processed.mp4,30.0,720,1280,,254,8.46667,stick_tip_1,334.0,748.0,Ivan Syniuk,1,
eb859af6-2991-42e4-9345-05d3baf63c6e,C:\Users\isinu\Downloads\Telegram Desktop\7a0c087a-b6c7-42ea-bc67-63453d4cac7f\eb859af6-2991-42e4-9345-05d3baf63c6e\video_processed.mp4,30.0,720,1280,,265,8.83333,stick_tip_1,101.0,402.0,Ivan Syniuk,1,
f0647c16-5b92-48b6-a06a-d05d86fe8145,C:\Users\isinu\Downloads\Telegram Desktop\7a0c087a-b6c7-42ea-bc67-63453d4cac7f\f0647c16-5b92-48b6-a06a-d05d86fe8145\video_processed.mp4,50.0,1920,1080,address,9,0.18,,,,Ivan Syniuk,1,
f0647c16-5b92-48b6-a06a-d05d86fe8145,C:\Users\isinu\Downloads\Telegram Desktop\7a0c087a-b6c7-42ea-bc67-63453d4cac7f\f0647c16-5b92-48b6-a06a-d05d86fe8145\video_processed.mp4,50.0,1920,1080,top_backswing,43,0.86,,,,Ivan Syniuk,1,
f0647c16-5b92-48b6-a06a-d05d86fe8145,C:\Users\isinu\Downloads\Telegram Desktop\7a0c087a-b6c7-42ea-bc67-63453d4cac7f\f0647c16-5b92-48b6-a06a-d05d86fe8145\video_processed.mp4,50.0,1920,1080,downswing_transition,45,0.9,,,,Ivan Syniuk,1,
f0647c16-5b92-48b6-a06a-d05d86fe8145,C:\Users\isinu\Downloads\Telegram Desktop\7a0c087a-b6c7-42ea-bc67-63453d4cac7f\f0647c16-5b92-48b6-a06a-d05d86fe8145\video_processed.mp4,50.0,1920,1080,impact,56,1.12,,,,Ivan Syniuk,1,
f0647c16-5b92-48b6-a06a-d05d86fe8145,C:\Users\isinu\Downloads\Telegram Desktop\7a0c087a-b6c7-42ea-bc67-63453d4cac7f\f0647c16-5b92-48b6-a06a-d05d86fe8145\video_processed.mp4,50.0,1920,1080,,9,0.18,stick_tip_1,1202.0,1028.0,Ivan Syniuk,1,
f0647c16-5b92-48b6-a06a-d05d86fe8145,C:\Users\isinu\Downloads\Telegram Desktop\7a0c087a-b6c7-42ea-bc67-63453d4cac7f\f0647c16-5b92-48b6-a06a-d05d86fe8145\video_processed.mp4,50.0,1920,1080,,33,0.66,stick_tip_1,940.0,472.0,Ivan Syniuk,1,
f0647c16-5b92-48b6-a06a-d05d86fe8145,C:\Users\isinu\Downloads\Telegram Desktop\7a0c087a-b6c7-42ea-bc67-63453d4cac7f\f0647c16-5b92-48b6-a06a-d05d86fe8145\video_processed.mp4,50.0,1920,1080,,35,0.7,stick_tip_1,838.0,99.0,Ivan Syniuk,1,
f0647c16-5b92-48b6-a06a-d05d86fe8145,C:\Users\isinu\Downloads\Telegram Desktop\7a0c087a-b6c7-42ea-bc67-63453d4cac7f\f0647c16-5b92-48b6-a06a-d05d86fe8145\video_processed.mp4,50.0,1920,1080,,44,0.88,stick_tip_1,844.0,52.0,Ivan Syniuk,1,
f0647c16-5b92-48b6-a06a-d05d86fe8145,C:\Users\isinu\Downloads\Telegram Desktop\7a0c087a-b6c7-42ea-bc67-63453d4cac7f\f0647c16-5b92-48b6-a06a-d05d86fe8145\video_processed.mp4,50.0,1920,1080,,45,0.9,stick_tip_1,820.0,63.0,Ivan Syniuk,1,
f0647c16-5b92-48b6-a06a-d05d86fe8145,C:\Users\isinu\Downloads\Telegram Desktop\7a0c087a-b6c7-42ea-bc67-63453d4cac7f\f0647c16-5b92-48b6-a06a-d05d86fe8145\video_processed.mp4,50.0,1920,1080,,54,1.08,stick_tip_1,1158.0,982.0,Ivan Syniuk,1,
f0647c16-5b92-48b6-a06a-d05d86fe8145,C:\Users\isinu\Downloads\Telegram Desktop\7a0c087a-b6c7-42ea-bc67-63453d4cac7f\f0647c16-5b92-48b6-a06a-d05d86fe8145\video_processed.mp4,50.0,1920,1080,,56,1.12,stick_tip_1,1140.0,897.0,Ivan Syniuk,1,
f0647c16-5b92-48b6-a06a-d05d86fe8145,C:\Users\isinu\Downloads\Telegram Desktop\7a0c087a-b6c7-42ea-bc67-63453d4cac7f\f0647c16-5b92-48b6-a06a-d05d86fe8145\video_processed.mp4,50.0,1920,1080,,58,1.16,stick_tip_1,1004.0,648.0,Ivan Syniuk,1,
f0647c16-5b92-48b6-a06a-d05d86fe8145,C:\Users\isinu\Downloads\Telegram Desktop\7a0c087a-b6c7-42ea-bc67-63453d4cac7f\f0647c16-5b92-48b6-a06a-d05d86fe8145\video_processed.mp4,50.0,1920,1080,,62,1.24,stick_tip_1,771.0,182.0,Ivan Syniuk,1,
f0647c16-5b92-48b6-a06a-d05d86fe8145,C:\Users\isinu\Downloads\Telegram Desktop\7a0c087a-b6c7-42ea-bc67-63453d4cac7f\f0647c16-5b92-48b6-a06a-d05d86fe8145\video_processed.mp4,50.0,1920,1080,,63,1.26,stick_tip_1,723.0,27.0,Ivan Syniuk,1,
57660e2f-8425-445f-bca0-17c6e557f1b0,C:\Users\isinu\Downloads\Telegram Desktop\7a0c087a-b6c7-42ea-bc67-63453d4cac7f\57660e2f-8425-445f-bca0-17c6e557f1b0\video_processed.mp4,50.0,720,1280,address,27,0.54,,,,Ivan Syniuk,1,
57660e2f-8425-445f-bca0-17c6e557f1b0,C:\Users\isinu\Downloads\Telegram Desktop\7a0c087a-b6c7-42ea-bc67-63453d4cac7f\57660e2f-8425-445f-bca0-17c6e557f1b0\video_processed.mp4,50.0,720,1280,top_backswing,180,3.6,,,,Ivan Syniuk,1,
57660e2f-8425-445f-bca0-17c6e557f1b0,C:\Users\isinu\Downloads\Telegram Desktop\7a0c087a-b6c7-42ea-bc67-63453d4cac7f\57660e2f-8425-445f-bca0-17c6e557f1b0\video_processed.mp4,50.0,720,1280,downswing_transition,184,3.68,,,,Ivan Syniuk,1,
57660e2f-8425-445f-bca0-17c6e557f1b0,C:\Users\isinu\Downloads\Telegram Desktop\7a0c087a-b6c7-42ea-bc67-63453d4cac7f\57660e2f-8425-445f-bca0-17c6e557f1b0\video_processed.mp4,50.0,720,1280,impact,243,4.86,,,,Ivan Syniuk,1,
57660e2f-8425-445f-bca0-17c6e557f1b0,C:\Users\isinu\Downloads\Telegram Desktop\7a0c087a-b6c7-42ea-bc67-63453d4cac7f\57660e2f-8425-445f-bca0-17c6e557f1b0\video_processed.mp4,50.0,720,1280,,27,0.54,stick_tip_1,567.0,1012.0,Ivan Syniuk,1,
57660e2f-8425-445f-bca0-17c6e557f1b0,C:\Users\isinu\Downloads\Telegram Desktop\7a0c087a-b6c7-42ea-bc67-63453d4cac7f\57660e2f-8425-445f-bca0-17c6e557f1b0\video_processed.mp4,50.0,720,1280,,93,1.86,stick_tip_1,354.0,832.0,Ivan Syniuk,1,
57660e2f-8425-445f-bca0-17c6e557f1b0,C:\Users\isinu\Downloads\Telegram Desktop\7a0c087a-b6c7-42ea-bc67-63453d4cac7f\57660e2f-8425-445f-bca0-17c6e557f1b0\video_processed.mp4,50.0,720,1280,,113,2.26,stick_tip_1,80.0,443.0,Ivan Syniuk,1,
57660e2f-8425-445f-bca0-17c6e557f1b0,C:\Users\isinu\Downloads\Telegram Desktop\7a0c087a-b6c7-42ea-bc67-63453d4cac7f\57660e2f-8425-445f-bca0-17c6e557f1b0\video_processed.mp4,50.0,720,1280,,173,3.46,stick_tip_1,169.0,261.0,Ivan Syniuk,1,
57660e2f-8425-445f-bca0-17c6e557f1b0,C:\Users\isinu\Downloads\Telegram Desktop\7a0c087a-b6c7-42ea-bc67-63453d4cac7f\57660e2f-8425-445f-bca0-17c6e557f1b0\video_processed.mp4,50.0,720,1280,,213,4.26,stick_tip_1,142.0,256.0,Ivan Syniuk,1,
57660e2f-8425-445f-bca0-17c6e557f1b0,C:\Users\isinu\Downloads\Telegram Desktop\7a0c087a-b6c7-42ea-bc67-63453d4cac7f\57660e2f-8425-445f-bca0-17c6e557f1b0\video_processed.mp4,50.0,720,1280,,233,4.66,stick_tip_1,418.0,880.0,Ivan Syniuk,1,
57660e2f-8425-445f-bca0-17c6e557f1b0,C:\Users\isinu\Downloads\Telegram Desktop\7a0c087a-b6c7-42ea-bc67-63453d4cac7f\57660e2f-8425-445f-bca0-17c6e557f1b0\video_processed.mp4,50.0,720,1280,,243,4.86,stick_tip_1,553.0,935.0,Ivan Syniuk,1,
57660e2f-8425-445f-bca0-17c6e557f1b0,C:\Users\isinu\Downloads\Telegram Desktop\7a0c087a-b6c7-42ea-bc67-63453d4cac7f\57660e2f-8425-445f-bca0-17c6e557f1b0\video_processed.mp4,50.0,720,1280,,265,5.3,stick_tip_1,236.0,325.0,Ivan Syniuk,1,
57660e2f-8425-445f-bca0-17c6e557f1b0,C:\Users\isinu\Downloads\Telegram Desktop\7a0c087a-b6c7-42ea-bc67-63453d4cac7f\57660e2f-8425-445f-bca0-17c6e557f1b0\video_processed.mp4,50.0,720,1280,,275,5.5,stick_tip_1,165.0,174.0,Ivan Syniuk,1,
57660e2f-8425-445f-bca0-17c6e557f1b0,C:\Users\isinu\Downloads\Telegram Desktop\7a0c087a-b6c7-42ea-bc67-63453d4cac7f\57660e2f-8425-445f-bca0-17c6e557f1b0\video_processed.mp4,50.0,720,1280,,285,5.7,stick_tip_1,84.0,11.0,Ivan Syniuk,1,
332a7a76-cfa3-449e-9150-f93050fed050,C:\Users\isinu\Downloads\Telegram Desktop\7a0c087a-b6c7-42ea-bc67-63453d4cac7f\332a7a76-cfa3-449e-9150-f93050fed050\video_processed.mp4,50.0,1920,1080,address,8,0.16,,,,Ivan Syniuk,1,
332a7a76-cfa3-449e-9150-f93050fed050,C:\Users\isinu\Downloads\Telegram Desktop\7a0c087a-b6c7-42ea-bc67-63453d4cac7f\332a7a76-cfa3-449e-9150-f93050fed050\video_processed.mp4,50.0,1920,1080,top_backswing,51,1.02,,,,Ivan Syniuk,1,
332a7a76-cfa3-449e-9150-f93050fed050,C:\Users\isinu\Downloads\Telegram Desktop\7a0c087a-b6c7-42ea-bc67-63453d4cac7f\332a7a76-cfa3-449e-9150-f93050fed050\video_processed.mp4,50.0,1920,1080,downswing_transition,53,1.06,,,,Ivan Syniuk,1,
332a7a76-cfa3-449e-9150-f93050fed050,C:\Users\isinu\Downloads\Telegram Desktop\7a0c087a-b6c7-42ea-bc67-63453d4cac7f\332a7a76-cfa3-449e-9150-f93050fed050\video_processed.mp4,50.0,1920,1080,impact,63,1.26,,,,Ivan Syniuk,1,
332a7a76-cfa3-449e-9150-f93050fed050,C:\Users\isinu\Downloads\Telegram Desktop\7a0c087a-b6c7-42ea-bc67-63453d4cac7f\332a7a76-cfa3-449e-9150-f93050fed050\video_processed.mp4,50.0,1920,1080,,8,0.16,stick_tip_1,1262.0,1002.0,Ivan Syniuk,1,
332a7a76-cfa3-449e-9150-f93050fed050,C:\Users\isinu\Downloads\Telegram Desktop\7a0c087a-b6c7-42ea-bc67-63453d4cac7f\332a7a76-cfa3-449e-9150-f93050fed050\video_processed.mp4,50.0,1920,1080,,29,0.58,stick_tip_1,741.0,453.0,Ivan Syniuk,1,
332a7a76-cfa3-449e-9150-f93050fed050,C:\Users\isinu\Downloads\Telegram Desktop\7a0c087a-b6c7-42ea-bc67-63453d4cac7f\332a7a76-cfa3-449e-9150-f93050fed050\video_processed.mp4,50.0,1920,1080,,43,0.86,stick_tip_1,580.0,159.0,Ivan Syniuk,1,
332a7a76-cfa3-449e-9150-f93050fed050,C:\Users\isinu\Downloads\Telegram Desktop\7a0c087a-b6c7-42ea-bc67-63453d4cac7f\332a7a76-cfa3-449e-9150-f93050fed050\video_processed.mp4,50.0,1920,1080,,51,1.02,stick_tip_1,747.0,345.0,Ivan Syniuk,1,
332a7a76-cfa3-449e-9150-f93050fed050,C:\Users\isinu\Downloads\Telegram Desktop\7a0c087a-b6c7-42ea-bc67-63453d4cac7f\332a7a76-cfa3-449e-9150-f93050fed050\video_processed.mp4,50.0,1920,1080,,53,1.06,stick_tip_1,693.0,320.0,Ivan Syniuk,1,
332a7a76-cfa3-449e-9150-f93050fed050,C:\Users\isinu\Downloads\Telegram Desktop\7a0c087a-b6c7-42ea-bc67-63453d4cac7f\332a7a76-cfa3-449e-9150-f93050fed050\video_processed.mp4,50.0,1920,1080,,62,1.24,stick_tip_1,1251.0,1005.0,Ivan Syniuk,1,
332a7a76-cfa3-449e-9150-f93050fed050,C:\Users\isinu\Downloads\Telegram Desktop\7a0c087a-b6c7-42ea-bc67-63453d4cac7f\332a7a76-cfa3-449e-9150-f93050fed050\video_processed.mp4,50.0,1920,1080,,64,1.28,stick_tip_1,1154.0,862.0,Ivan Syniuk,1,
332a7a76-cfa3-449e-9150-f93050fed050,C:\Users\isinu\Downloads\Telegram Desktop\7a0c087a-b6c7-42ea-bc67-63453d4cac7f\332a7a76-cfa3-449e-9150-f93050fed050\video_processed.mp4,50.0,1920,1080,,67,1.34,stick_tip_1,912.0,572.0,Ivan Syniuk,1,
332a7a76-cfa3-449e-9150-f93050fed050,C:\Users\isinu\Downloads\Telegram Desktop\7a0c087a-b6c7-42ea-bc67-63453d4cac7f\332a7a76-cfa3-449e-9150-f93050fed050\video_processed.mp4,50.0,1920,1080,,68,1.36,stick_tip_1,680.0,294.0,Ivan Syniuk,1,
332a7a76-cfa3-449e-9150-f93050fed050,C:\Users\isinu\Downloads\Telegram Desktop\7a0c087a-b6c7-42ea-bc67-63453d4cac7f\332a7a76-cfa3-449e-9150-f93050fed050\video_processed.mp4,50.0,1920,1080,,69,1.38,stick_tip_1,525.0,70.0,Ivan Syniuk,1,
7473617c-26a8-428f-9ba6-fc51dd7d2156,C:\Users\isinu\Downloads\Telegram Desktop\7a0c087a-b6c7-42ea-bc67-63453d4cac7f\7473617c-26a8-428f-9ba6-fc51dd7d2156\video_processed.mp4,50.0,1080,1920,address,1,0.02,,,,Ivan Syniuk,1,
7473617c-26a8-428f-9ba6-fc51dd7d2156,C:\Users\isinu\Downloads\Telegram Desktop\7a0c087a-b6c7-42ea-bc67-63453d4cac7f\7473617c-26a8-428f-9ba6-fc51dd7d2156\video_processed.mp4,50.0,1080,1920,top_backswing,44,0.88,,,,Ivan Syniuk,1,
7473617c-26a8-428f-9ba6-fc51dd7d2156,C:\Users\isinu\Downloads\Telegram Desktop\7a0c087a-b6c7-42ea-bc67-63453d4cac7f\7473617c-26a8-428f-9ba6-fc51dd7d2156\video_processed.mp4,50.0,1080,1920,downswing_transition,47,0.94,,,,Ivan Syniuk,1,
7473617c-26a8-428f-9ba6-fc51dd7d2156,C:\Users\isinu\Downloads\Telegram Desktop\7a0c087a-b6c7-42ea-bc67-63453d4cac7f\7473617c-26a8-428f-9ba6-fc51dd7d2156\video_processed.mp4,50.0,1080,1920,impact,61,1.22,,,,Ivan Syniuk,1,
7473617c-26a8-428f-9ba6-fc51dd7d2156,C:\Users\isinu\Downloads\Telegram Desktop\7a0c087a-b6c7-42ea-bc67-63453d4cac7f\7473617c-26a8-428f-9ba6-fc51dd7d2156\video_processed.mp4,50.0,1080,1920,,1,0.02,stick_tip_1,917.0,1611.0,Ivan Syniuk,1,
7473617c-26a8-428f-9ba6-fc51dd7d2156,C:\Users\isinu\Downloads\Telegram Desktop\7a0c087a-b6c7-42ea-bc67-63453d4cac7f\7473617c-26a8-428f-9ba6-fc51dd7d2156\video_processed.mp4,50.0,1080,1920,,16,0.32,stick_tip_1,747.0,1221.0,Ivan Syniuk,1,
7473617c-26a8-428f-9ba6-fc51dd7d2156,C:\Users\isinu\Downloads\Telegram Desktop\7a0c087a-b6c7-42ea-bc67-63453d4cac7f\7473617c-26a8-428f-9ba6-fc51dd7d2156\video_processed.mp4,50.0,1080,1920,,26,0.52,stick_tip_1,280.0,312.0,Ivan Syniuk,1,
7473617c-26a8-428f-9ba6-fc51dd7d2156,C:\Users\isinu\Downloads\Telegram Desktop\7a0c087a-b6c7-42ea-bc67-63453d4cac7f\7473617c-26a8-428f-9ba6-fc51dd7d2156\video_processed.mp4,50.0,1080,1920,,46,0.92,stick_tip_1,331.0,165.0,Ivan Syniuk,1,
7473617c-26a8-428f-9ba6-fc51dd7d2156,C:\Users\isinu\Downloads\Telegram Desktop\7a0c087a-b6c7-42ea-bc67-63453d4cac7f\7473617c-26a8-428f-9ba6-fc51dd7d2156\video_processed.mp4,50.0,1080,1920,,47,0.94,stick_tip_1,299.0,147.0,Ivan Syniuk,1,
7473617c-26a8-428f-9ba6-fc51dd7d2156,C:\Users\isinu\Downloads\Telegram Desktop\7a0c087a-b6c7-42ea-bc67-63453d4cac7f\7473617c-26a8-428f-9ba6-fc51dd7d2156\video_processed.mp4,50.0,1080,1920,,59,1.18,stick_tip_1,848.0,1520.0,Ivan Syniuk,1,
7473617c-26a8-428f-9ba6-fc51dd7d2156,C:\Users\isinu\Downloads\Telegram Desktop\7a0c087a-b6c7-42ea-bc67-63453d4cac7f\7473617c-26a8-428f-9ba6-fc51dd7d2156\video_processed.mp4,50.0,1080,1920,,61,1.22,stick_tip_1,888.0,1547.0,Ivan Syniuk,1,
7473617c-26a8-428f-9ba6-fc51dd7d2156,C:\Users\isinu\Downloads\Telegram Desktop\7a0c087a-b6c7-42ea-bc67-63453d4cac7f\7473617c-26a8-428f-9ba6-fc51dd7d2156\video_processed.mp4,50.0,1080,1920,,63,1.26,stick_tip_1,573.0,1115.0,Ivan Syniuk,1,
7473617c-26a8-428f-9ba6-fc51dd7d2156,C:\Users\isinu\Downloads\Telegram Desktop\7a0c087a-b6c7-42ea-bc67-63453d4cac7f\7473617c-26a8-428f-9ba6-fc51dd7d2156\video_processed.mp4,50.0,1080,1920,,66,1.32,stick_tip_1,211.0,579.0,Ivan Syniuk,1,
7473617c-26a8-428f-9ba6-fc51dd7d2156,C:\Users\isinu\Downloads\Telegram Desktop\7a0c087a-b6c7-42ea-bc67-63453d4cac7f\7473617c-26a8-428f-9ba6-fc51dd7d2156\video_processed.mp4,50.0,1080,1920,,67,1.34,stick_tip_1,51.0,325.0,Ivan Syniuk,1,
7f7bf52f-1a8f-4c38-8d68-41b634af50ab,C:\Users\isinu\Downloads\Telegram Desktop\7a0c087a-b6c7-42ea-bc67-63453d4cac7f\7f7bf52f-1a8f-4c38-8d68-41b634af50ab\video_processed.mp4,50.0,1920,1080,address,3,0.06,,,,Ivan Syniuk,1,
7f7bf52f-1a8f-4c38-8d68-41b634af50ab,C:\Users\isinu\Downloads\Telegram Desktop\7a0c087a-b6c7-42ea-bc67-63453d4cac7f\7f7bf52f-1a8f-4c38-8d68-41b634af50ab\video_processed.mp4,50.0,1920,1080,top_backswing,34,0.68,,,,Ivan Syniuk,1,
7f7bf52f-1a8f-4c38-8d68-41b634af50ab,C:\Users\isinu\Downloads\Telegram Desktop\7a0c087a-b6c7-42ea-bc67-63453d4cac7f\7f7bf52f-1a8f-4c38-8d68-41b634af50ab\video_processed.mp4,50.0,1920,1080,downswing_transition,36,0.72,,,,Ivan Syniuk,1,
7f7bf52f-1a8f-4c38-8d68-41b634af50ab,C:\Users\isinu\Downloads\Telegram Desktop\7a0c087a-b6c7-42ea-bc67-63453d4cac7f\7f7bf52f-1a8f-4c38-8d68-41b634af50ab\video_processed.mp4,50.0,1920,1080,impact,45,0.9,,,,Ivan Syniuk,1,
7f7bf52f-1a8f-4c38-8d68-41b634af50ab,C:\Users\isinu\Downloads\Telegram Desktop\7a0c087a-b6c7-42ea-bc67-63453d4cac7f\7f7bf52f-1a8f-4c38-8d68-41b634af50ab\video_processed.mp4,50.0,1920,1080,,3,0.06,stick_tip_1,1246.0,912.0,Ivan Syniuk,1,
7f7bf52f-1a8f-4c38-8d68-41b634af50ab,C:\Users\isinu\Downloads\Telegram Desktop\7a0c087a-b6c7-42ea-bc67-63453d4cac7f\7f7bf52f-1a8f-4c38-8d68-41b634af50ab\video_processed.mp4,50.0,1920,1080,,16,0.32,stick_tip_1,1036.0,884.0,Ivan Syniuk,1,
7f7bf52f-1a8f-4c38-8d68-41b634af50ab,C:\Users\isinu\Downloads\Telegram Desktop\7a0c087a-b6c7-42ea-bc67-63453d4cac7f\7f7bf52f-1a8f-4c38-8d68-41b634af50ab\video_processed.mp4,50.0,1920,1080,,26,0.52,stick_tip_1,638.0,147.0,Ivan Syniuk,1,
7f7bf52f-1a8f-4c38-8d68-41b634af50ab,C:\Users\isinu\Downloads\Telegram Desktop\7a0c087a-b6c7-42ea-bc67-63453d4cac7f\7f7bf52f-1a8f-4c38-8d68-41b634af50ab\video_processed.mp4,50.0,1920,1080,,34,0.68,stick_tip_1,814.0,322.0,Ivan Syniuk,1,
7f7bf52f-1a8f-4c38-8d68-41b634af50ab,C:\Users\isinu\Downloads\Telegram Desktop\7a0c087a-b6c7-42ea-bc67-63453d4cac7f\7f7bf52f-1a8f-4c38-8d68-41b634af50ab\video_processed.mp4,50.0,1920,1080,,36,0.72,stick_tip_1,777.0,303.0,Ivan Syniuk,1,
7f7bf52f-1a8f-4c38-8d68-41b634af50ab,C:\Users\isinu\Downloads\Telegram Desktop\7a0c087a-b6c7-42ea-bc67-63453d4cac7f\7f7bf52f-1a8f-4c38-8d68-41b634af50ab\video_processed.mp4,50.0,1920,1080,,43,0.86,stick_tip_1,741.0,672.0,Ivan Syniuk,1,
7f7bf52f-1a8f-4c38-8d68-41b634af50ab,C:\Users\isinu\Downloads\Telegram Desktop\7a0c087a-b6c7-42ea-bc67-63453d4cac7f\7f7bf52f-1a8f-4c38-8d68-41b634af50ab\video_processed.mp4,50.0,1920,1080,,44,0.88,stick_tip_1,1191.0,966.0,Ivan Syniuk,1,
7f7bf52f-1a8f-4c38-8d68-41b634af50ab,C:\Users\isinu\Downloads\Telegram Desktop\7a0c087a-b6c7-42ea-bc67-63453d4cac7f\7f7bf52f-1a8f-4c38-8d68-41b634af50ab\video_processed.mp4,50.0,1920,1080,,45,0.9,stick_tip_1,1204.0,960.0,Ivan Syniuk,1,
7f7bf52f-1a8f-4c38-8d68-41b634af50ab,C:\Users\isinu\Downloads\Telegram Desktop\7a0c087a-b6c7-42ea-bc67-63453d4cac7f\7f7bf52f-1a8f-4c38-8d68-41b634af50ab\video_processed.mp4,50.0,1920,1080,,47,0.94,stick_tip_1,1119.0,722.0,Ivan Syniuk,1,
7f7bf52f-1a8f-4c38-8d68-41b634af50ab,C:\Users\isinu\Downloads\Telegram Desktop\7a0c087a-b6c7-42ea-bc67-63453d4cac7f\7f7bf52f-1a8f-4c38-8d68-41b634af50ab\video_processed.mp4,50.0,1920,1080,,50,1.0,stick_tip_1,501.0,21.0,Ivan Syniuk,1,
82b83897-42aa-447f-82ea-5e471706e7c5,C:\Users\isinu\Downloads\Telegram Desktop\7a0c087a-b6c7-42ea-bc67-63453d4cac7f\82b83897-42aa-447f-82ea-5e471706e7c5\video_processed.mp4,60.0,1080,1920,address,3,0.05,,,,Ivan Syniuk,1,
82b83897-42aa-447f-82ea-5e471706e7c5,C:\Users\isinu\Downloads\Telegram Desktop\7a0c087a-b6c7-42ea-bc67-63453d4cac7f\82b83897-42aa-447f-82ea-5e471706e7c5\video_processed.mp4,60.0,1080,1920,top_backswing,38,0.63333,,,,Ivan Syniuk,1,
82b83897-42aa-447f-82ea-5e471706e7c5,C:\Users\isinu\Downloads\Telegram Desktop\7a0c087a-b6c7-42ea-bc67-63453d4cac7f\82b83897-42aa-447f-82ea-5e471706e7c5\video_processed.mp4,60.0,1080,1920,downswing_transition,41,0.68333,,,,Ivan Syniuk,1,
82b83897-42aa-447f-82ea-5e471706e7c5,C:\Users\isinu\Downloads\Telegram Desktop\7a0c087a-b6c7-42ea-bc67-63453d4cac7f\82b83897-42aa-447f-82ea-5e471706e7c5\video_processed.mp4,60.0,1080,1920,impact,51,0.85,,,,Ivan Syniuk,1,
82b83897-42aa-447f-82ea-5e471706e7c5,C:\Users\isinu\Downloads\Telegram Desktop\7a0c087a-b6c7-42ea-bc67-63453d4cac7f\82b83897-42aa-447f-82ea-5e471706e7c5\video_processed.mp4,60.0,1080,1920,,3,0.05,stick_tip_1,904.0,1509.0,Ivan Syniuk,1,
82b83897-42aa-447f-82ea-5e471706e7c5,C:\Users\isinu\Downloads\Telegram Desktop\7a0c087a-b6c7-42ea-bc67-63453d4cac7f\82b83897-42aa-447f-82ea-5e471706e7c5\video_processed.mp4,60.0,1080,1920,,17,0.28333,stick_tip_1,624.0,1219.0,Ivan Syniuk,1,
82b83897-42aa-447f-82ea-5e471706e7c5,C:\Users\isinu\Downloads\Telegram Desktop\7a0c087a-b6c7-42ea-bc67-63453d4cac7f\82b83897-42aa-447f-82ea-5e471706e7c5\video_processed.mp4,60.0,1080,1920,,27,0.45,stick_tip_1,45.0,61.0,Ivan Syniuk,1,
82b83897-42aa-447f-82ea-5e471706e7c5,C:\Users\isinu\Downloads\Telegram Desktop\7a0c087a-b6c7-42ea-bc67-63453d4cac7f\82b83897-42aa-447f-82ea-5e471706e7c5\video_processed.mp4,60.0,1080,1920,,38,0.63333,stick_tip_1,336.0,320.0,Ivan Syniuk,1,
82b83897-42aa-447f-82ea-5e471706e7c5,C:\Users\isinu\Downloads\Telegram Desktop\7a0c087a-b6c7-42ea-bc67-63453d4cac7f\82b83897-42aa-447f-82ea-5e471706e7c5\video_processed.mp4,60.0,1080,1920,,41,0.68333,stick_tip_1,293.0,323.0,Ivan Syniuk,1,
82b83897-42aa-447f-82ea-5e471706e7c5,C:\Users\isinu\Downloads\Telegram Desktop\7a0c087a-b6c7-42ea-bc67-63453d4cac7f\82b83897-42aa-447f-82ea-5e471706e7c5\video_processed.mp4,60.0,1080,1920,,50,0.83333,stick_tip_1,672.0,1288.0,Ivan Syniuk,1,
82b83897-42aa-447f-82ea-5e471706e7c5,C:\Users\isinu\Downloads\Telegram Desktop\7a0c087a-b6c7-42ea-bc67-63453d4cac7f\82b83897-42aa-447f-82ea-5e471706e7c5\video_processed.mp4,60.0,1080,1920,,51,0.85,stick_tip_1,880.0,1485.0,Ivan Syniuk,1,
82b83897-42aa-447f-82ea-5e471706e7c5,C:\Users\isinu\Downloads\Telegram Desktop\7a0c087a-b6c7-42ea-bc67-63453d4cac7f\82b83897-42aa-447f-82ea-5e471706e7c5\video_processed.mp4,60.0,1080,1920,,53,0.88333,stick_tip_1,816.0,1339.0,Ivan Syniuk,1,
82b83897-42aa-447f-82ea-5e471706e7c5,C:\Users\isinu\Downloads\Telegram Desktop\7a0c087a-b6c7-42ea-bc67-63453d4cac7f\82b83897-42aa-447f-82ea-5e471706e7c5\video_processed.mp4,60.0,1080,1920,,54,0.9,stick_tip_1,691.0,1120.0,Ivan Syniuk,1,
82b83897-42aa-447f-82ea-5e471706e7c5,C:\Users\isinu\Downloads\Telegram Desktop\7a0c087a-b6c7-42ea-bc67-63453d4cac7f\82b83897-42aa-447f-82ea-5e471706e7c5\video_processed.mp4,60.0,1080,1920,,57,0.95,stick_tip_1,208.0,445.0,Ivan Syniuk,1,
dfd57aa0-581d-4580-bc43-2a329277309b,C:\Users\isinu\Downloads\Telegram Desktop\7a0c087a-b6c7-42ea-bc67-63453d4cac7f\dfd57aa0-581d-4580-bc43-2a329277309b\video_processed.mp4,30.0,720,1280,address,58,1.93333,,,,Ivan Syniuk,1,
dfd57aa0-581d-4580-bc43-2a329277309b,C:\Users\isinu\Downloads\Telegram Desktop\7a0c087a-b6c7-42ea-bc67-63453d4cac7f\dfd57aa0-581d-4580-bc43-2a329277309b\video_processed.mp4,30.0,720,1280,top_backswing,149,4.96667,,,,Ivan Syniuk,1,
dfd57aa0-581d-4580-bc43-2a329277309b,C:\Users\isinu\Downloads\Telegram Desktop\7a0c087a-b6c7-42ea-bc67-63453d4cac7f\dfd57aa0-581d-4580-bc43-2a329277309b\video_processed.mp4,30.0,720,1280,downswing_transition,154,5.13333,,,,Ivan Syniuk,1,
dfd57aa0-581d-4580-bc43-2a329277309b,C:\Users\isinu\Downloads\Telegram Desktop\7a0c087a-b6c7-42ea-bc67-63453d4cac7f\dfd57aa0-581d-4580-bc43-2a329277309b\video_processed.mp4,30.0,720,1280,impact,183,6.1,,,,Ivan Syniuk,1,
dfd57aa0-581d-4580-bc43-2a329277309b,C:\Users\isinu\Downloads\Telegram Desktop\7a0c087a-b6c7-42ea-bc67-63453d4cac7f\dfd57aa0-581d-4580-bc43-2a329277309b\video_processed.mp4,30.0,720,1280,,58,1.93333,stick_tip_1,587.0,1092.0,Ivan Syniuk,1,
dfd57aa0-581d-4580-bc43-2a329277309b,C:\Users\isinu\Downloads\Telegram Desktop\7a0c087a-b6c7-42ea-bc67-63453d4cac7f\dfd57aa0-581d-4580-bc43-2a329277309b\video_processed.mp4,30.0,720,1280,,100,3.33333,stick_tip_1,510.0,960.0,Ivan Syniuk,1,
dfd57aa0-581d-4580-bc43-2a329277309b,C:\Users\isinu\Downloads\Telegram Desktop\7a0c087a-b6c7-42ea-bc67-63453d4cac7f\dfd57aa0-581d-4580-bc43-2a329277309b\video_processed.mp4,30.0,720,1280,,110,3.66667,stick_tip_1,233.0,533.0,Ivan Syniuk,1,
dfd57aa0-581d-4580-bc43-2a329277309b,C:\Users\isinu\Downloads\Telegram Desktop\7a0c087a-b6c7-42ea-bc67-63453d4cac7f\dfd57aa0-581d-4580-bc43-2a329277309b\video_processed.mp4,30.0,720,1280,,120,4.0,stick_tip_1,50.0,180.0,Ivan Syniuk,1,
dfd57aa0-581d-4580-bc43-2a329277309b,C:\Users\isinu\Downloads\Telegram Desktop\7a0c087a-b6c7-42ea-bc67-63453d4cac7f\dfd57aa0-581d-4580-bc43-2a329277309b\video_processed.mp4,30.0,720,1280,,154,5.13333,stick_tip_1,219.0,306.0,Ivan Syniuk,1,
dfd57aa0-581d-4580-bc43-2a329277309b,C:\Users\isinu\Downloads\Telegram Desktop\7a0c087a-b6c7-42ea-bc67-63453d4cac7f\dfd57aa0-581d-4580-bc43-2a329277309b\video_processed.mp4,30.0,720,1280,,179,5.96667,stick_tip_1,501.0,889.0,Ivan Syniuk,1,
dfd57aa0-581d-4580-bc43-2a329277309b,C:\Users\isinu\Downloads\Telegram Desktop\7a0c087a-b6c7-42ea-bc67-63453d4cac7f\dfd57aa0-581d-4580-bc43-2a329277309b\video_processed.mp4,30.0,720,1280,,183,6.1,stick_tip_1,580.0,1084.0,Ivan Syniuk,1,
dfd57aa0-581d-4580-bc43-2a329277309b,C:\Users\isinu\Downloads\Telegram Desktop\7a0c087a-b6c7-42ea-bc67-63453d4cac7f\dfd57aa0-581d-4580-bc43-2a329277309b\video_processed.mp4,30.0,720,1280,,187,6.23333,stick_tip_1,471.0,946.0,Ivan Syniuk,1,
dfd57aa0-581d-4580-bc43-2a329277309b,C:\Users\isinu\Downloads\Telegram Desktop\7a0c087a-b6c7-42ea-bc67-63453d4cac7f\dfd57aa0-581d-4580-bc43-2a329277309b\video_processed.mp4,30.0,720,1280,,189,6.3,stick_tip_1,414.0,812.0,Ivan Syniuk,1,
dfd57aa0-581d-4580-bc43-2a329277309b,C:\Users\isinu\Downloads\Telegram Desktop\7a0c087a-b6c7-42ea-bc67-63453d4cac7f\dfd57aa0-581d-4580-bc43-2a329277309b\video_processed.mp4,30.0,720,1280,,197,6.56667,stick_tip_1,192.0,398.0,Ivan Syniuk,1,
ed241630-f662-4957-b17f-1f485cf04683,C:\Users\isinu\Downloads\Telegram Desktop\7a0c087a-b6c7-42ea-bc67-63453d4cac7f\ed241630-f662-4957-b17f-1f485cf04683\video_processed.mp4,50.0,1080,1920,address,1,0.02,,,,Ivan Syniuk,1,
ed241630-f662-4957-b17f-1f485cf04683,C:\Users\isinu\Downloads\Telegram Desktop\7a0c087a-b6c7-42ea-bc67-63453d4cac7f\ed241630-f662-4957-b17f-1f485cf04683\video_processed.mp4,50.0,1080,1920,top_backswing,55,1.1,,,,Ivan Syniuk,1,
ed241630-f662-4957-b17f-1f485cf04683,C:\Users\isinu\Downloads\Telegram Desktop\7a0c087a-b6c7-42ea-bc67-63453d4cac7f\ed241630-f662-4957-b17f-1f485cf04683\video_processed.mp4,50.0,1080,1920,downswing_transition,59,1.18,,,,Ivan Syniuk,1,
ed241630-f662-4957-b17f-1f485cf04683,C:\Users\isinu\Downloads\Telegram Desktop\7a0c087a-b6c7-42ea-bc67-63453d4cac7f\ed241630-f662-4957-b17f-1f485cf04683\video_processed.mp4,50.0,1080,1920,impact,68,1.36,,,,Ivan Syniuk,1,
ed241630-f662-4957-b17f-1f485cf04683,C:\Users\isinu\Downloads\Telegram Desktop\7a0c087a-b6c7-42ea-bc67-63453d4cac7f\ed241630-f662-4957-b17f-1f485cf04683\video_processed.mp4,50.0,1080,1920,,1,0.02,stick_tip_1,864.0,1608.0,Ivan Syniuk,1,
ed241630-f662-4957-b17f-1f485cf04683,C:\Users\isinu\Downloads\Telegram Desktop\7a0c087a-b6c7-42ea-bc67-63453d4cac7f\ed241630-f662-4957-b17f-1f485cf04683\video_processed.mp4,50.0,1080,1920,,23,0.46,stick_tip_1,944.0,1629.0,Ivan Syniuk,1,
ed241630-f662-4957-b17f-1f485cf04683,C:\Users\isinu\Downloads\Telegram Desktop\7a0c087a-b6c7-42ea-bc67-63453d4cac7f\ed241630-f662-4957-b17f-1f485cf04683\video_processed.mp4,50.0,1080,1920,,33,0.66,stick_tip_1,523.0,1149.0,Ivan Syniuk,1,
ed241630-f662-4957-b17f-1f485cf04683,C:\Users\isinu\Downloads\Telegram Desktop\7a0c087a-b6c7-42ea-bc67-63453d4cac7f\ed241630-f662-4957-b17f-1f485cf04683\video_processed.mp4,50.0,1080,1920,,55,1.1,stick_tip_1,293.0,656.0,Ivan Syniuk,1,
ed241630-f662-4957-b17f-1f485cf04683,C:\Users\isinu\Downloads\Telegram Desktop\7a0c087a-b6c7-42ea-bc67-63453d4cac7f\ed241630-f662-4957-b17f-1f485cf04683\video_processed.mp4,50.0,1080,1920,,59,1.18,stick_tip_1,288.0,691.0,Ivan Syniuk,1,
ed241630-f662-4957-b17f-1f485cf04683,C:\Users\isinu\Downloads\Telegram Desktop\7a0c087a-b6c7-42ea-bc67-63453d4cac7f\ed241630-f662-4957-b17f-1f485cf04683\video_processed.mp4,50.0,1080,1920,,67,1.34,stick_tip_1,701.0,1421.0,Ivan Syniuk,1,
ed241630-f662-4957-b17f-1f485cf04683,C:\Users\isinu\Downloads\Telegram Desktop\7a0c087a-b6c7-42ea-bc67-63453d4cac7f\ed241630-f662-4957-b17f-1f485cf04683\video_processed.mp4,50.0,1080,1920,,68,1.36,stick_tip_1,893.0,1589.0,Ivan Syniuk,1,
ed241630-f662-4957-b17f-1f485cf04683,C:\Users\isinu\Downloads\Telegram Desktop\7a0c087a-b6c7-42ea-bc67-63453d4cac7f\ed241630-f662-4957-b17f-1f485cf04683\video_processed.mp4,50.0,1080,1920,,69,1.38,stick_tip_1,728.0,1392.0,Ivan Syniuk,1,
ed241630-f662-4957-b17f-1f485cf04683,C:\Users\isinu\Downloads\Telegram Desktop\7a0c087a-b6c7-42ea-bc67-63453d4cac7f\ed241630-f662-4957-b17f-1f485cf04683\video_processed.mp4,50.0,1080,1920,,73,1.46,stick_tip_1,155.0,635.0,Ivan Syniuk,1,
ba749048-28f5-497e-8d85-fcbcfedb6f8c,C:\Users\isinu\Downloads\Telegram Desktop\7a0c087a-b6c7-42ea-bc67-63453d4cac7f\ba749048-28f5-497e-8d85-fcbcfedb6f8c\video_processed.mp4,59.94005994005994,1080,1920,address,64,1.06773,,,,Ivan Syniuk,1,
ba749048-28f5-497e-8d85-fcbcfedb6f8c,C:\Users\isinu\Downloads\Telegram Desktop\7a0c087a-b6c7-42ea-bc67-63453d4cac7f\ba749048-28f5-497e-8d85-fcbcfedb6f8c\video_processed.mp4,59.94005994005994,1080,1920,top_backswing,127,2.11878,,,,Ivan Syniuk,1,
ba749048-28f5-497e-8d85-fcbcfedb6f8c,C:\Users\isinu\Downloads\Telegram Desktop\7a0c087a-b6c7-42ea-bc67-63453d4cac7f\ba749048-28f5-497e-8d85-fcbcfedb6f8c\video_processed.mp4,59.94005994005994,1080,1920,downswing_transition,130,2.16883,,,,Ivan Syniuk,1,
ba749048-28f5-497e-8d85-fcbcfedb6f8c,C:\Users\isinu\Downloads\Telegram Desktop\7a0c087a-b6c7-42ea-bc67-63453d4cac7f\ba749048-28f5-497e-8d85-fcbcfedb6f8c\video_processed.mp4,59.94005994005994,1080,1920,impact,147,2.45245,,,,Ivan Syniuk,1,
ba749048-28f5-497e-8d85-fcbcfedb6f8c,C:\Users\isinu\Downloads\Telegram Desktop\7a0c087a-b6c7-42ea-bc67-63453d4cac7f\ba749048-28f5-497e-8d85-fcbcfedb6f8c\video_processed.mp4,59.94005994005994,1080,1920,,64,1.06773,stick_tip_1,563.0,1656.0,Ivan Syniuk,1,
ba749048-28f5-497e-8d85-fcbcfedb6f8c,C:\Users\isinu\Downloads\Telegram Desktop\7a0c087a-b6c7-42ea-bc67-63453d4cac7f\ba749048-28f5-497e-8d85-fcbcfedb6f8c\video_processed.mp4,59.94005994005994,1080,1920,,95,1.58492,stick_tip_1,109.0,1187.0,Ivan Syniuk,1,
ba749048-28f5-497e-8d85-fcbcfedb6f8c,C:\Users\isinu\Downloads\Telegram Desktop\7a0c087a-b6c7-42ea-bc67-63453d4cac7f\ba749048-28f5-497e-8d85-fcbcfedb6f8c\video_processed.mp4,59.94005994005994,1080,1920,,116,1.93527,stick_tip_1,525.0,648.0,Ivan Syniuk,1,
ba749048-28f5-497e-8d85-fcbcfedb6f8c,C:\Users\isinu\Downloads\Telegram Desktop\7a0c087a-b6c7-42ea-bc67-63453d4cac7f\ba749048-28f5-497e-8d85-fcbcfedb6f8c\video_processed.mp4,59.94005994005994,1080,1920,,131,2.18552,stick_tip_1,733.0,648.0,Ivan Syniuk,1,
ba749048-28f5-497e-8d85-fcbcfedb6f8c,C:\Users\isinu\Downloads\Telegram Desktop\7a0c087a-b6c7-42ea-bc67-63453d4cac7f\ba749048-28f5-497e-8d85-fcbcfedb6f8c\video_processed.mp4,59.94005994005994,1080,1920,,143,2.38572,stick_tip_1,53.0,1008.0,Ivan Syniuk,1,
ba749048-28f5-497e-8d85-fcbcfedb6f8c,C:\Users\isinu\Downloads\Telegram Desktop\7a0c087a-b6c7-42ea-bc67-63453d4cac7f\ba749048-28f5-497e-8d85-fcbcfedb6f8c\video_processed.mp4,59.94005994005994,1080,1920,,147,2.45245,stick_tip_1,672.0,1621.0,Ivan Syniuk,1,
ba749048-28f5-497e-8d85-fcbcfedb6f8c,C:\Users\isinu\Downloads\Telegram Desktop\7a0c087a-b6c7-42ea-bc67-63453d4cac7f\ba749048-28f5-497e-8d85-fcbcfedb6f8c\video_processed.mp4,59.94005994005994,1080,1920,,148,2.46913,stick_tip_1,845.0,1587.0,Ivan Syniuk,1,
ba749048-28f5-497e-8d85-fcbcfedb6f8c,C:\Users\isinu\Downloads\Telegram Desktop\7a0c087a-b6c7-42ea-bc67-63453d4cac7f\ba749048-28f5-497e-8d85-fcbcfedb6f8c\video_processed.mp4,59.94005994005994,1080,1920,,159,2.65265,stick_tip_1,1003.0,584.0,Ivan Syniuk,1,
ba749048-28f5-497e-8d85-fcbcfedb6f8c,C:\Users\isinu\Downloads\Telegram Desktop\7a0c087a-b6c7-42ea-bc67-63453d4cac7f\ba749048-28f5-497e-8d85-fcbcfedb6f8c\video_processed.mp4,59.94005994005994,1080,1920,,164,2.73607,stick_tip_1,800.0,416.0,Ivan Syniuk,1,
ba749048-28f5-497e-8d85-fcbcfedb6f8c,C:\Users\isinu\Downloads\Telegram Desktop\7a0c087a-b6c7-42ea-bc67-63453d4cac7f\ba749048-28f5-497e-8d85-fcbcfedb6f8c\video_processed.mp4,59.94005994005994,1080,1920,,173,2.88622,stick_tip_1,528.0,360.0,Ivan Syniuk,1,
3c77a7e3-9d0f-43f4-bbfa-c142c7b24bf1,C:\Users\isinu\Downloads\Telegram Desktop\7a0c087a-b6c7-42ea-bc67-63453d4cac7f\3c77a7e3-9d0f-43f4-bbfa-c142c7b24bf1\video_processed.mp4,59.94005994005994,1080,1920,address,59,0.98432,,,,Ivan Syniuk,1,
3c77a7e3-9d0f-43f4-bbfa-c142c7b24bf1,C:\Users\isinu\Downloads\Telegram Desktop\7a0c087a-b6c7-42ea-bc67-63453d4cac7f\3c77a7e3-9d0f-43f4-bbfa-c142c7b24bf1\video_processed.mp4,59.94005994005994,1080,1920,top_backswing,127,2.11878,,,,Ivan Syniuk,1,
3c77a7e3-9d0f-43f4-bbfa-c142c7b24bf1,C:\Users\isinu\Downloads\Telegram Desktop\7a0c087a-b6c7-42ea-bc67-63453d4cac7f\3c77a7e3-9d0f-43f4-bbfa-c142c7b24bf1\video_processed.mp4,59.94005994005994,1080,1920,downswing_transition,130,2.16883,,,,Ivan Syniuk,1,
3c77a7e3-9d0f-43f4-bbfa-c142c7b24bf1,C:\Users\isinu\Downloads\Telegram Desktop\7a0c087a-b6c7-42ea-bc67-63453d4cac7f\3c77a7e3-9d0f-43f4-bbfa-c142c7b24bf1\video_processed.mp4,59.94005994005994,1080,1920,impact,147,2.45245,,,,Ivan Syniuk,1,
3c77a7e3-9d0f-43f4-bbfa-c142c7b24bf1,C:\Users\isinu\Downloads\Telegram Desktop\7a0c087a-b6c7-42ea-bc67-63453d4cac7f\3c77a7e3-9d0f-43f4-bbfa-c142c7b24bf1\video_processed.mp4,59.94005994005994,1080,1920,,59,0.98432,stick_tip_1,541.0,1627.0,Ivan Syniuk,1,
3c77a7e3-9d0f-43f4-bbfa-c142c7b24bf1,C:\Users\isinu\Downloads\Telegram Desktop\7a0c087a-b6c7-42ea-bc67-63453d4cac7f\3c77a7e3-9d0f-43f4-bbfa-c142c7b24bf1\video_processed.mp4,59.94005994005994,1080,1920,,80,1.33467,stick_tip_1,197.0,1491.0,Ivan Syniuk,1,
3c77a7e3-9d0f-43f4-bbfa-c142c7b24bf1,C:\Users\isinu\Downloads\Telegram Desktop\7a0c087a-b6c7-42ea-bc67-63453d4cac7f\3c77a7e3-9d0f-43f4-bbfa-c142c7b24bf1\video_processed.mp4,59.94005994005994,1080,1920,,90,1.5015,stick_tip_1,40.0,1221.0,Ivan Syniuk,1,
3c77a7e3-9d0f-43f4-bbfa-c142c7b24bf1,C:\Users\isinu\Downloads\Telegram Desktop\7a0c087a-b6c7-42ea-bc67-63453d4cac7f\3c77a7e3-9d0f-43f4-bbfa-c142c7b24bf1\video_processed.mp4,59.94005994005994,1080,1920,,100,1.66833,stick_tip_1,115.0,909.0,Ivan Syniuk,1,
3c77a7e3-9d0f-43f4-bbfa-c142c7b24bf1,C:\Users\isinu\Downloads\Telegram Desktop\7a0c087a-b6c7-42ea-bc67-63453d4cac7f\3c77a7e3-9d0f-43f4-bbfa-c142c7b24bf1\video_processed.mp4,59.94005994005994,1080,1920,,127,2.11878,stick_tip_1,664.0,659.0,Ivan Syniuk,1,
3c77a7e3-9d0f-43f4-bbfa-c142c7b24bf1,C:\Users\isinu\Downloads\Telegram Desktop\7a0c087a-b6c7-42ea-bc67-63453d4cac7f\3c77a7e3-9d0f-43f4-bbfa-c142c7b24bf1\video_processed.mp4,59.94005994005994,1080,1920,,130,2.16883,stick_tip_1,651.0,643.0,Ivan Syniuk,1,
3c77a7e3-9d0f-43f4-bbfa-c142c7b24bf1,C:\Users\isinu\Downloads\Telegram Desktop\7a0c087a-b6c7-42ea-bc67-63453d4cac7f\3c77a7e3-9d0f-43f4-bbfa-c142c7b24bf1\video_processed.mp4,59.94005994005994,1080,1920,,145,2.41908,stick_tip_1,203.0,1512.0,Ivan Syniuk,1,
3c77a7e3-9d0f-43f4-bbfa-c142c7b24bf1,C:\Users\isinu\Downloads\Telegram Desktop\7a0c087a-b6c7-42ea-bc67-63453d4cac7f\3c77a7e3-9d0f-43f4-bbfa-c142c7b24bf1\video_processed.mp4,59.94005994005994,1080,1920,,146,2.43577,stick_tip_1,429.0,1611.0,Ivan Syniuk,1,
3c77a7e3-9d0f-43f4-bbfa-c142c7b24bf1,C:\Users\isinu\Downloads\Telegram Desktop\7a0c087a-b6c7-42ea-bc67-63453d4cac7f\3c77a7e3-9d0f-43f4-bbfa-c142c7b24bf1\video_processed.mp4,59.94005994005994,1080,1920,,148,2.46913,stick_tip_1,811.0,1576.0,Ivan Syniuk,1,
3c77a7e3-9d0f-43f4-bbfa-c142c7b24bf1,C:\Users\isinu\Downloads\Telegram Desktop\7a0c087a-b6c7-42ea-bc67-63453d4cac7f\3c77a7e3-9d0f-43f4-bbfa-c142c7b24bf1\video_processed.mp4,59.94005994005994,1080,1920,,157,2.61928,stick_tip_1,1003.0,659.0,Ivan Syniuk,1,
3c77a7e3-9d0f-43f4-bbfa-c142c7b24bf1,C:\Users\isinu\Downloads\Telegram Desktop\7a0c087a-b6c7-42ea-bc67-63453d4cac7f\3c77a7e3-9d0f-43f4-bbfa-c142c7b24bf1\video_processed.mp4,59.94005994005994,1080,1920,,160,2.66933,stick_tip_1,859.0,539.0,Ivan Syniuk,1,
511a396b-aa38-4056-a980-76723ed0c05f,C:\Users\isinu\Downloads\Telegram Desktop\7a0c087a-b6c7-42ea-bc67-63453d4cac7f\511a396b-aa38-4056-a980-76723ed0c05f\video_processed.mp4,59.94005994005994,1080,1920,address,55,0.91758,,,,Ivan Syniuk,1,
511a396b-aa38-4056-a980-76723ed0c05f,C:\Users\isinu\Downloads\Telegram Desktop\7a0c087a-b6c7-42ea-bc67-63453d4cac7f\511a396b-aa38-4056-a980-76723ed0c05f\video_processed.mp4,59.94005994005994,1080,1920,top_backswing,127,2.11878,,,,Ivan Syniuk,1,
511a396b-aa38-4056-a980-76723ed0c05f,C:\Users\isinu\Downloads\Telegram Desktop\7a0c087a-b6c7-42ea-bc67-63453d4cac7f\511a396b-aa38-4056-a980-76723ed0c05f\video_processed.mp4,59.94005994005994,1080,1920,downswing_transition,131,2.18552,,,,Ivan Syniuk,1,
511a396b-aa38-4056-a980-76723ed0c05f,C:\Users\isinu\Downloads\Telegram Desktop\7a0c087a-b6c7-42ea-bc67-63453d4cac7f\511a396b-aa38-4056-a980-76723ed0c05f\video_processed.mp4,59.94005994005994,1080,1920,impact,147,2.45245,,,,Ivan Syniuk,1,
511a396b-aa38-4056-a980-76723ed0c05f,C:\Users\isinu\Downloads\Telegram Desktop\7a0c087a-b6c7-42ea-bc67-63453d4cac7f\511a396b-aa38-4056-a980-76723ed0c05f\video_processed.mp4,59.94005994005994,1080,1920,,66,1.1011,stick_tip_1,469.0,1648.0,Ivan Syniuk,1,
511a396b-aa38-4056-a980-76723ed0c05f,C:\Users\isinu\Downloads\Telegram Desktop\7a0c087a-b6c7-42ea-bc67-63453d4cac7f\511a396b-aa38-4056-a980-76723ed0c05f\video_processed.mp4,59.94005994005994,1080,1920,,76,1.26793,stick_tip_1,280.0,1568.0,Ivan Syniuk,1,
511a396b-aa38-4056-a980-76723ed0c05f,C:\Users\isinu\Downloads\Telegram Desktop\7a0c087a-b6c7-42ea-bc67-63453d4cac7f\511a396b-aa38-4056-a980-76723ed0c05f\video_processed.mp4,59.94005994005994,1080,1920,,86,1.43477,stick_tip_1,101.0,1347.0,Ivan Syniuk,1,
511a396b-aa38-4056-a980-76723ed0c05f,C:\Users\isinu\Downloads\Telegram Desktop\7a0c087a-b6c7-42ea-bc67-63453d4cac7f\511a396b-aa38-4056-a980-76723ed0c05f\video_processed.mp4,59.94005994005994,1080,1920,,96,1.6016,stick_tip_1,93.0,1019.0,Ivan Syniuk,1,
511a396b-aa38-4056-a980-76723ed0c05f,C:\Users\isinu\Downloads\Telegram Desktop\7a0c087a-b6c7-42ea-bc67-63453d4cac7f\511a396b-aa38-4056-a980-76723ed0c05f\video_processed.mp4,59.94005994005994,1080,1920,,116,1.93527,stick_tip_1,477.0,664.0,Ivan Syniuk,1,
511a396b-aa38-4056-a980-76723ed0c05f,C:\Users\isinu\Downloads\Telegram Desktop\7a0c087a-b6c7-42ea-bc67-63453d4cac7f\511a396b-aa38-4056-a980-76723ed0c05f\video_processed.mp4,59.94005994005994,1080,1920,,131,2.18552,stick_tip_1,653.0,661.0,Ivan Syniuk,1,
511a396b-aa38-4056-a980-76723ed0c05f,C:\Users\isinu\Downloads\Telegram Desktop\7a0c087a-b6c7-42ea-bc67-63453d4cac7f\511a396b-aa38-4056-a980-76723ed0c05f\video_processed.mp4,59.94005994005994,1080,1920,,148,2.46913,stick_tip_1,813.0,1547.0,Ivan Syniuk,1,
511a396b-aa38-4056-a980-76723ed0c05f,C:\Users\isinu\Downloads\Telegram Desktop\7a0c087a-b6c7-42ea-bc67-63453d4cac7f\511a396b-aa38-4056-a980-76723ed0c05f\video_processed.mp4,59.94005994005994,1080,1920,,150,2.5025,stick_tip_1,1056.0,1256.0,Ivan Syniuk,1,
511a396b-aa38-4056-a980-76723ed0c05f,C:\Users\isinu\Downloads\Telegram Desktop\7a0c087a-b6c7-42ea-bc67-63453d4cac7f\511a396b-aa38-4056-a980-76723ed0c05f\video_processed.mp4,59.94005994005994,1080,1920,,154,2.56923,stick_tip_1,1013.0,779.0,Ivan Syniuk,1,
511a396b-aa38-4056-a980-76723ed0c05f,C:\Users\isinu\Downloads\Telegram Desktop\7a0c087a-b6c7-42ea-bc67-63453d4cac7f\511a396b-aa38-4056-a980-76723ed0c05f\video_processed.mp4,59.94005994005994,1080,1920,,158,2.63597,stick_tip_1,856.0,539.0,Ivan Syniuk,1,
48c9026f-11c4-410d-82ec-f33d477d9db6,C:\Users\isinu\Downloads\Telegram Desktop\7a0c087a-b6c7-42ea-bc67-63453d4cac7f\48c9026f-11c4-410d-82ec-f33d477d9db6\video_processed.mp4,29.92924528301887,576,1024,address,38,1.26966,,,,Ivan Syniuk,1,
48c9026f-11c4-410d-82ec-f33d477d9db6,C:\Users\isinu\Downloads\Telegram Desktop\7a0c087a-b6c7-42ea-bc67-63453d4cac7f\48c9026f-11c4-410d-82ec-f33d477d9db6\video_processed.mp4,29.92924528301887,576,1024,top_backswing,174,5.81371,,,,Ivan Syniuk,1,
48c9026f-11c4-410d-82ec-f33d477d9db6,C:\Users\isinu\Downloads\Telegram Desktop\7a0c087a-b6c7-42ea-bc67-63453d4cac7f\48c9026f-11c4-410d-82ec-f33d477d9db6\video_processed.mp4,29.92924528301887,576,1024,downswing_transition,180,6.01418,,,,Ivan Syniuk,1,
48c9026f-11c4-410d-82ec-f33d477d9db6,C:\Users\isinu\Downloads\Telegram Desktop\7a0c087a-b6c7-42ea-bc67-63453d4cac7f\48c9026f-11c4-410d-82ec-f33d477d9db6\video_processed.mp4,29.92924528301887,576,1024,impact,238,7.95209,,,,Ivan Syniuk,1,
48c9026f-11c4-410d-82ec-f33d477d9db6,C:\Users\isinu\Downloads\Telegram Desktop\7a0c087a-b6c7-42ea-bc67-63453d4cac7f\48c9026f-11c4-410d-82ec-f33d477d9db6\video_processed.mp4,29.92924528301887,576,1024,,38,1.26966,stick_tip_1,538,893,Ivan Syniuk,1,
48c9026f-11c4-410d-82ec-f33d477d9db6,C:\Users\isinu\Downloads\Telegram Desktop\7a0c087a-b6c7-42ea-bc67-63453d4cac7f\48c9026f-11c4-410d-82ec-f33d477d9db6\video_processed.mp4,29.92924528301887,576,1024,,78,2.60615,stick_tip_1,513,910,Ivan Syniuk,1,
48c9026f-11c4-410d-82ec-f33d477d9db6,C:\Users\isinu\Downloads\Telegram Desktop\7a0c087a-b6c7-42ea-bc67-63453d4cac7f\48c9026f-11c4-410d-82ec-f33d477d9db6\video_processed.mp4,29.92924528301887,576,1024,,98,3.27439,stick_tip_1,387,754,Ivan Syniuk,1,
48c9026f-11c4-410d-82ec-f33d477d9db6,C:\Users\isinu\Downloads\Telegram Desktop\7a0c087a-b6c7-42ea-bc67-63453d4cac7f\48c9026f-11c4-410d-82ec-f33d477d9db6\video_processed.mp4,29.92924528301887,576,1024,,118,3.94263,stick_tip_1,82,329,Ivan Syniuk,1,
48c9026f-11c4-410d-82ec-f33d477d9db6,C:\Users\isinu\Downloads\Telegram Desktop\7a0c087a-b6c7-42ea-bc67-63453d4cac7f\48c9026f-11c4-410d-82ec-f33d477d9db6\video_processed.mp4,29.92924528301887,576,1024,,174,5.81371,stick_tip_1,92,105,Ivan Syniuk,1,
48c9026f-11c4-410d-82ec-f33d477d9db6,C:\Users\isinu\Downloads\Telegram Desktop\7a0c087a-b6c7-42ea-bc67-63453d4cac7f\48c9026f-11c4-410d-82ec-f33d477d9db6\video_processed.mp4,29.92924528301887,576,1024,,180,6.01418,stick_tip_1,88,121,Ivan Syniuk,1,
48c9026f-11c4-410d-82ec-f33d477d9db6,C:\Users\isinu\Downloads\Telegram Desktop\7a0c087a-b6c7-42ea-bc67-63453d4cac7f\48c9026f-11c4-410d-82ec-f33d477d9db6\video_processed.mp4,29.92924528301887,576,1024,,223,7.45091,stick_tip_1,100,354,Ivan Syniuk,1,
48c9026f-11c4-410d-82ec-f33d477d9db6,C:\Users\isinu\Downloads\Telegram Desktop\7a0c087a-b6c7-42ea-bc67-63453d4cac7f\48c9026f-11c4-410d-82ec-f33d477d9db6\video_processed.mp4,29.92924528301887,576,1024,,233,7.78503,stick_tip_1,475,870,Ivan Syniuk,1,
48c9026f-11c4-410d-82ec-f33d477d9db6,C:\Users\isinu\Downloads\Telegram Desktop\7a0c087a-b6c7-42ea-bc67-63453d4cac7f\48c9026f-11c4-410d-82ec-f33d477d9db6\video_processed.mp4,29.92924528301887,576,1024,,238,7.95209,stick_tip_1,530,913,Ivan Syniuk,1,
48c9026f-11c4-410d-82ec-f33d477d9db6,C:\Users\isinu\Downloads\Telegram Desktop\7a0c087a-b6c7-42ea-bc67-63453d4cac7f\48c9026f-11c4-410d-82ec-f33d477d9db6\video_processed.mp4,29.92924528301887,576,1024,,249,8.31962,stick_tip_1,353,670,Ivan Syniuk,1,
